<?xml version="1.0" encoding="UTF-8"?>
<osm version="0.6" generator="openstreetmap-cgimap 2.1.0 (244695 spike-07.openstreetmap.org)" copyright="OpenStreetMap and contributors" attribution="http://www.openstreetmap.org/copyright" license="http://opendatacommons.org/licenses/odbl/1-0/">
 <bounds minlat="3.0615000" minlon="101.5980000" maxlat="3.0665000" maxlon="101.6030000"/>
 <node id="676645012" visible="true" version="3" changeset="129290128" timestamp="2022-11-23T16:58:48Z" user="kucai" uid="536853" lat="3.0627611" lon="101.5968351"/>
 <node id="676645013" visible="true" version="2" changeset="13623945" timestamp="2012-10-25T07:00:53Z" user="yoongwaichong" uid="999316" lat="3.0626571" lon="101.5974781"/>
 <node id="676645014" visible="true" version="2" changeset="13623945" timestamp="2012-10-25T07:00:53Z" user="yoongwaichong" uid="999316" lat="3.0625018" lon="101.5980041"/>
 <node id="676645015" visible="true" version="2" changeset="13623945" timestamp="2012-10-25T07:00:53Z" user="yoongwaichong" uid="999316" lat="3.0622553" lon="101.5985377"/>
 <node id="676645016" visible="true" version="4" changeset="129290128" timestamp="2022-11-23T16:58:48Z" user="kucai" uid="536853" lat="3.0618769" lon="101.5991426"/>
 <node id="676645020" visible="true" version="10" changeset="178589664" timestamp="2026-02-15T16:26:20Z" user="Tembikai" uid="5259280" lat="3.0626126" lon="101.5967506">
  <tag k="destination" v="Subang Jaya;USJ"/>
  <tag k="highway" v="motorway_junction"/>
  <tag k="mapillary" v="181905437123676"/>
  <tag k="name" v="Kewajipan"/>
  <tag k="name:ms" v="Kewajipan"/>
  <tag k="ref" v="510"/>
 </node>
 <node id="676645056" visible="true" version="3" changeset="56612919" timestamp="2018-02-23T15:26:25Z" user="RunRunShow" uid="3553413" lat="3.0610127" lon="101.5999419"/>
 <node id="676645061" visible="true" version="4" changeset="56612919" timestamp="2018-02-23T15:26:25Z" user="RunRunShow" uid="3553413" lat="3.0619552" lon="101.5987605"/>
 <node id="676645063" visible="true" version="4" changeset="47078785" timestamp="2017-03-22T20:48:34Z" user="Tembikai" uid="5259280" lat="3.0622021" lon="101.5983515"/>
 <node id="676645066" visible="true" version="2" changeset="21667065" timestamp="2014-04-13T15:16:29Z" user="miezarnd" uid="1818057" lat="3.0623499" lon="101.5979768"/>
 <node id="676645069" visible="true" version="4" changeset="38584655" timestamp="2016-04-15T11:00:01Z" user="RunRunShow" uid="3553413" lat="3.0625356" lon="101.5973084"/>
 <node id="677399692" visible="true" version="2" changeset="56612919" timestamp="2018-02-23T15:26:25Z" user="RunRunShow" uid="3553413" lat="3.0600750" lon="101.6017218"/>
 <node id="677399693" visible="true" version="3" changeset="56612919" timestamp="2018-02-23T15:26:25Z" user="RunRunShow" uid="3553413" lat="3.0603200" lon="101.6010593"/>
 <node id="677399695" visible="true" version="3" changeset="56612919" timestamp="2018-02-23T15:26:25Z" user="RunRunShow" uid="3553413" lat="3.0604536" lon="101.6007854"/>
 <node id="677399696" visible="true" version="3" changeset="56612919" timestamp="2018-02-23T15:26:25Z" user="RunRunShow" uid="3553413" lat="3.0607918" lon="101.6002229"/>
 <node id="677583853" visible="true" version="4" changeset="15422489" timestamp="2013-03-19T17:20:11Z" user="Samson Cheong" uid="427961" lat="3.0669194" lon="101.6025102"/>
 <node id="677583887" visible="true" version="3" changeset="10944154" timestamp="2012-03-11T15:22:05Z" user="mken" uid="618124" lat="3.0655596" lon="101.6025181"/>
 <node id="677583896" visible="true" version="4" changeset="187270065" timestamp="2026-08-11T08:16:25Z" user="Zh9567" uid="9940138" lat="3.0653493" lon="101.6025188">
  <tag k="highway" v="traffic_signals"/>
  <tag k="ref" v="J 7"/>
  <tag k="traffic_signals" v="signal"/>
 </node>
 <node id="677583910" visible="true" version="3" changeset="130313565" timestamp="2022-12-21T04:21:48Z" user="kucai" uid="536853" lat="3.0657038" lon="101.5983899"/>
 <node id="677583911" visible="true" version="2" changeset="7671584" timestamp="2011-03-26T01:34:03Z" user="rusliaziz" uid="416545" lat="3.0670292" lon="101.5983747"/>
 <node id="677584043" visible="true" version="4" changeset="182470739" timestamp="2026-05-10T14:58:23Z" user="angys" uid="3191182" lat="3.0652558" lon="101.6030122"/>
 <node id="677584048" visible="true" version="4" changeset="145060250" timestamp="2023-12-13T04:45:26Z" user="GrabMY_ainayusof" uid="9658463" lat="3.0652639" lon="101.6011803"/>
 <node id="677584068" visible="true" version="1" changeset="4269704" timestamp="2010-03-29T17:47:22Z" user="Connie56" uid="150368" lat="3.0653005" lon="101.5984756"/>
 <node id="677584074" visible="true" version="2" changeset="10536580" timestamp="2012-01-30T04:09:47Z" user="mahau" uid="160164" lat="3.0653492" lon="101.5974004"/>
 <node id="677584102" visible="true" version="2" changeset="10536580" timestamp="2012-01-30T04:09:47Z" user="mahau" uid="160164" lat="3.0654445" lon="101.5973920"/>
 <node id="677584109" visible="true" version="2" changeset="10536580" timestamp="2012-01-30T04:09:47Z" user="mahau" uid="160164" lat="3.0654040" lon="101.5981990"/>
 <node id="678457113" visible="true" version="2" changeset="17439194" timestamp="2013-08-21T11:05:49Z" user="mahau" uid="160164" lat="3.0850381" lon="101.6057650"/>
 <node id="678457115" visible="true" version="2" changeset="17439194" timestamp="2013-08-21T11:05:49Z" user="mahau" uid="160164" lat="3.0839486" lon="101.6052788"/>
 <node id="678457117" visible="true" version="1" changeset="4276099" timestamp="2010-03-30T12:20:17Z" user="Connie56" uid="150368" lat="3.0835434" lon="101.6051808"/>
 <node id="678457118" visible="true" version="1" changeset="4276099" timestamp="2010-03-30T12:20:17Z" user="Connie56" uid="150368" lat="3.0829542" lon="101.6050842"/>
 <node id="678457129" visible="true" version="1" changeset="4276099" timestamp="2010-03-30T12:20:18Z" user="Connie56" uid="150368" lat="3.0828363" lon="101.6050735"/>
 <node id="678457133" visible="true" version="1" changeset="4276099" timestamp="2010-03-30T12:20:18Z" user="Connie56" uid="150368" lat="3.0825578" lon="101.6051164"/>
 <node id="678457140" visible="true" version="2" changeset="17439194" timestamp="2013-08-21T11:05:49Z" user="mahau" uid="160164" lat="3.0824180" lon="101.6051415"/>
 <node id="678457141" visible="true" version="3" changeset="145571332" timestamp="2023-12-27T11:58:53Z" user="mataharimau" uid="17227421" lat="3.0821681" lon="101.6050722"/>
 <node id="678457144" visible="true" version="2" changeset="81696599" timestamp="2020-03-02T20:02:09Z" user="(Inactive) hairyhaggis_kaart" uid="10541438" lat="3.0771168" lon="101.6024530"/>
 <node id="678457145" visible="true" version="2" changeset="81696599" timestamp="2020-03-02T20:02:09Z" user="(Inactive) hairyhaggis_kaart" uid="10541438" lat="3.0764337" lon="101.6013064"/>
 <node id="678457146" visible="true" version="2" changeset="81696599" timestamp="2020-03-02T20:02:09Z" user="(Inactive) hairyhaggis_kaart" uid="10541438" lat="3.0763400" lon="101.6011199"/>
 <node id="678457148" visible="true" version="1" changeset="4276099" timestamp="2010-03-30T12:20:20Z" user="Connie56" uid="150368" lat="3.0761512" lon="101.5982392"/>
 <node id="678457149" visible="true" version="1" changeset="4276099" timestamp="2010-03-30T12:20:20Z" user="Connie56" uid="150368" lat="3.0761298" lon="101.5980354"/>
 <node id="678457150" visible="true" version="1" changeset="4276099" timestamp="2010-03-30T12:20:20Z" user="Connie56" uid="150368" lat="3.0760012" lon="101.5978959"/>
 <node id="678457152" visible="true" version="1" changeset="4276099" timestamp="2010-03-30T12:20:20Z" user="Connie56" uid="150368" lat="3.0757976" lon="101.5977564"/>
 <node id="678457153" visible="true" version="1" changeset="4276099" timestamp="2010-03-30T12:20:21Z" user="Connie56" uid="150368" lat="3.0756155" lon="101.5976706"/>
 <node id="678457154" visible="true" version="1" changeset="4276099" timestamp="2010-03-30T12:20:21Z" user="Connie56" uid="150368" lat="3.0754012" lon="101.5976921"/>
 <node id="678457155" visible="true" version="2" changeset="21345529" timestamp="2014-03-27T14:16:55Z" user="kucai" uid="536853" lat="3.0726542" lon="101.5983924"/>
 <node id="678457158" visible="true" version="1" changeset="4276099" timestamp="2010-03-30T12:20:21Z" user="Connie56" uid="150368" lat="3.0714373" lon="101.5990439"/>
 <node id="678457159" visible="true" version="1" changeset="4276099" timestamp="2010-03-30T12:20:22Z" user="Connie56" uid="150368" lat="3.0711694" lon="101.5990868"/>
 <node id="678457160" visible="true" version="2" changeset="10710533" timestamp="2012-02-17T12:15:11Z" user="Tungmar" uid="427807" lat="3.0612306" lon="101.5989197"/>
 <node id="1218366993" visible="true" version="1" changeset="7671584" timestamp="2011-03-26T01:34:01Z" user="rusliaziz" uid="416545" lat="3.0669262" lon="101.6032433"/>
 <node id="1464305989" visible="true" version="2" changeset="38585316" timestamp="2016-04-15T11:29:35Z" user="RunRunShow" uid="3553413" lat="3.0613440" lon="101.6040904"/>
 <node id="1464305990" visible="true" version="2" changeset="38585316" timestamp="2016-04-15T11:29:35Z" user="RunRunShow" uid="3553413" lat="3.0612523" lon="101.6044154"/>
 <node id="1464305991" visible="true" version="2" changeset="38585316" timestamp="2016-04-15T11:29:35Z" user="RunRunShow" uid="3553413" lat="3.0612501" lon="101.6039020"/>
 <node id="1464305996" visible="true" version="2" changeset="38585316" timestamp="2016-04-15T11:29:35Z" user="RunRunShow" uid="3553413" lat="3.0612740" lon="101.6027064"/>
 <node id="1464305997" visible="true" version="2" changeset="38585316" timestamp="2016-04-15T11:29:35Z" user="RunRunShow" uid="3553413" lat="3.0613472" lon="101.6047189"/>
 <node id="1464306002" visible="true" version="2" changeset="38585316" timestamp="2016-04-15T11:29:35Z" user="RunRunShow" uid="3553413" lat="3.0613884" lon="101.6023972"/>
 <node id="1464306003" visible="true" version="1" changeset="9541740" timestamp="2011-10-12T19:14:21Z" user="feiming" uid="195668" lat="3.0614626" lon="101.6048218"/>
 <node id="1464306008" visible="true" version="2" changeset="38585316" timestamp="2016-04-15T11:29:36Z" user="RunRunShow" uid="3553413" lat="3.0616496" lon="101.6023939"/>
 <node id="1464306011" visible="true" version="2" changeset="38585316" timestamp="2016-04-15T11:29:36Z" user="RunRunShow" uid="3553413" lat="3.0619453" lon="101.6022784"/>
 <node id="1464306015" visible="true" version="1" changeset="9541740" timestamp="2011-10-12T19:14:21Z" user="feiming" uid="195668" lat="3.0620976" lon="101.6050241"/>
 <node id="1464306021" visible="true" version="2" changeset="38585316" timestamp="2016-04-15T11:29:36Z" user="RunRunShow" uid="3553413" lat="3.0623443" lon="101.6024026"/>
 <node id="1464306022" visible="true" version="2" changeset="38585316" timestamp="2016-04-15T11:29:36Z" user="RunRunShow" uid="3553413" lat="3.0625619" lon="101.6024060"/>
 <node id="1464306024" visible="true" version="1" changeset="9541740" timestamp="2011-10-12T19:14:21Z" user="feiming" uid="195668" lat="3.0626423" lon="101.6049374"/>
 <node id="1464306026" visible="true" version="1" changeset="9541740" timestamp="2011-10-12T19:14:21Z" user="feiming" uid="195668" lat="3.0627289" lon="101.6048580"/>
 <node id="1464306029" visible="true" version="1" changeset="9541740" timestamp="2011-10-12T19:14:22Z" user="feiming" uid="195668" lat="3.0629562" lon="101.6048074"/>
 <node id="1464306031" visible="true" version="2" changeset="38585316" timestamp="2016-04-15T11:29:36Z" user="RunRunShow" uid="3553413" lat="3.0630859" lon="101.6022858"/>
 <node id="1464306032" visible="true" version="1" changeset="9541740" timestamp="2011-10-12T19:14:22Z" user="feiming" uid="195668" lat="3.0630969" lon="101.6048291"/>
 <node id="1464306035" visible="true" version="2" changeset="38585316" timestamp="2016-04-15T11:29:36Z" user="RunRunShow" uid="3553413" lat="3.0635183" lon="101.6023379"/>
 <node id="1464306037" visible="true" version="1" changeset="9541740" timestamp="2011-10-12T19:14:22Z" user="feiming" uid="195668" lat="3.0634504" lon="101.6046845"/>
 <node id="1464306038" visible="true" version="2" changeset="38585316" timestamp="2016-04-15T11:29:36Z" user="RunRunShow" uid="3553413" lat="3.0637997" lon="101.6025388"/>
 <node id="1464306041" visible="true" version="1" changeset="9541740" timestamp="2011-10-12T19:14:22Z" user="feiming" uid="195668" lat="3.0637210" lon="101.6047134"/>
 <node id="1464306043" visible="true" version="1" changeset="9541740" timestamp="2011-10-12T19:14:22Z" user="feiming" uid="195668" lat="3.0638905" lon="101.6046448"/>
 <node id="1464306044" visible="true" version="2" changeset="38585316" timestamp="2016-04-15T11:29:36Z" user="RunRunShow" uid="3553413" lat="3.0639915" lon="101.6026051"/>
 <node id="1464306047" visible="true" version="1" changeset="9541740" timestamp="2011-10-12T19:14:22Z" user="feiming" uid="195668" lat="3.0640168" lon="101.6045039"/>
 <node id="1464306049" visible="true" version="2" changeset="38585316" timestamp="2016-04-15T11:29:36Z" user="RunRunShow" uid="3553413" lat="3.0639791" lon="101.6026736"/>
 <node id="1464306052" visible="true" version="3" changeset="182470739" timestamp="2026-05-10T14:58:23Z" user="angys" uid="3191182" lat="3.0642294" lon="101.6027884"/>
 <node id="1464306055" visible="true" version="3" changeset="182470739" timestamp="2026-05-10T14:58:23Z" user="angys" uid="3191182" lat="3.0643563" lon="101.6039375"/>
 <node id="1464306058" visible="true" version="3" changeset="182470739" timestamp="2026-05-10T14:58:23Z" user="angys" uid="3191182" lat="3.0643397" lon="101.6031402"/>
 <node id="1498654202" visible="true" version="2" changeset="15944387" timestamp="2013-05-02T10:10:28Z" user="Samson Cheong" uid="427961" lat="3.0206814" lon="101.5896629"/>
 <node id="1498654203" visible="true" version="3" changeset="95713539" timestamp="2020-12-12T07:20:58Z" user="angys" uid="3191182" lat="3.0207412" lon="101.5914062"/>
 <node id="1498654211" visible="true" version="3" changeset="95712894" timestamp="2020-12-12T06:37:25Z" user="angys" uid="3191182" lat="3.0222376" lon="101.5876921"/>
 <node id="1498654229" visible="true" version="2" changeset="95713539" timestamp="2020-12-12T07:20:58Z" user="angys" uid="3191182" lat="3.0245083" lon="101.5927375"/>
 <node id="1498654236" visible="true" version="3" changeset="15944387" timestamp="2013-05-02T10:10:28Z" user="Samson Cheong" uid="427961" lat="3.0248923" lon="101.5877928"/>
 <node id="1498654238" visible="true" version="2" changeset="95713539" timestamp="2020-12-12T07:20:58Z" user="angys" uid="3191182" lat="3.0247694" lon="101.5929824"/>
 <node id="1498654243" visible="true" version="2" changeset="15935548" timestamp="2013-05-01T16:19:27Z" user="Samson Cheong" uid="427961" lat="3.0256446" lon="101.5890089"/>
 <node id="1498654247" visible="true" version="2" changeset="95713539" timestamp="2020-12-12T07:20:58Z" user="angys" uid="3191182" lat="3.0263660" lon="101.5948322"/>
 <node id="1498654251" visible="true" version="2" changeset="95713539" timestamp="2020-12-12T07:20:58Z" user="angys" uid="3191182" lat="3.0269858" lon="101.5950746"/>
 <node id="1498654267" visible="true" version="2" changeset="15935548" timestamp="2013-05-01T16:19:28Z" user="Samson Cheong" uid="427961" lat="3.0288575" lon="101.5892555"/>
 <node id="1498654273" visible="true" version="2" changeset="95713539" timestamp="2020-12-12T07:20:58Z" user="angys" uid="3191182" lat="3.0286398" lon="101.5954409"/>
 <node id="1498654280" visible="true" version="3" changeset="95713539" timestamp="2020-12-12T07:20:58Z" user="angys" uid="3191182" lat="3.0302992" lon="101.5894110"/>
 <node id="1498654284" visible="true" version="3" changeset="95713539" timestamp="2020-12-12T07:20:58Z" user="angys" uid="3191182" lat="3.0301416" lon="101.5975682"/>
 <node id="1498654285" visible="true" version="3" changeset="95713539" timestamp="2020-12-12T07:20:58Z" user="angys" uid="3191182" lat="3.0300947" lon="101.5954811"/>
 <node id="1498654316" visible="true" version="4" changeset="95713539" timestamp="2020-12-12T07:20:58Z" user="angys" uid="3191182" lat="3.0334314" lon="101.5900425"/>
 <node id="1498654317" visible="true" version="3" changeset="95713539" timestamp="2020-12-12T07:20:58Z" user="angys" uid="3191182" lat="3.0318414" lon="101.5894671"/>
 <node id="1498654320" visible="true" version="3" changeset="95713539" timestamp="2020-12-12T07:20:58Z" user="angys" uid="3191182" lat="3.0316184" lon="101.5983816"/>
 <node id="1498654321" visible="true" version="3" changeset="15944387" timestamp="2013-05-02T10:10:28Z" user="Samson Cheong" uid="427961" lat="3.0334049" lon="101.5910274"/>
 <node id="1498654322" visible="true" version="2" changeset="15944387" timestamp="2013-05-02T10:10:30Z" user="Samson Cheong" uid="427961" lat="3.0333884" lon="101.5905009"/>
 <node id="1498654323" visible="true" version="2" changeset="15944387" timestamp="2013-05-02T10:10:32Z" user="Samson Cheong" uid="427961" lat="3.0341027" lon="101.5942851"/>
 <node id="1498654324" visible="true" version="4" changeset="150623490" timestamp="2024-04-28T15:13:48Z" user="angys" uid="3191182" lat="3.0346001" lon="101.5988330"/>
 <node id="1498654325" visible="true" version="3" changeset="96702635" timestamp="2020-12-31T04:44:00Z" user="banban_msm" uid="12230469" lat="3.0362796" lon="101.5991558"/>
 <node id="1498654328" visible="true" version="3" changeset="95713539" timestamp="2020-12-12T07:20:58Z" user="angys" uid="3191182" lat="3.0387179" lon="101.5998852"/>
 <node id="1498654329" visible="true" version="2" changeset="95713539" timestamp="2020-12-12T07:20:58Z" user="angys" uid="3191182" lat="3.0392422" lon="101.6002656"/>
 <node id="1498654339" visible="true" version="3" changeset="95713539" timestamp="2020-12-12T07:20:58Z" user="angys" uid="3191182" lat="3.0410184" lon="101.6020885"/>
 <node id="1498654359" visible="true" version="3" changeset="95712894" timestamp="2020-12-12T06:37:25Z" user="angys" uid="3191182" lat="3.0418353" lon="101.6030898"/>
 <node id="1498654367" visible="true" version="3" changeset="95713539" timestamp="2020-12-12T07:20:58Z" user="angys" uid="3191182" lat="3.0430006" lon="101.5943248"/>
 <node id="1636492621" visible="true" version="2" changeset="38584655" timestamp="2016-04-15T11:00:03Z" user="RunRunShow" uid="3553413" lat="3.0589310" lon="101.6049136"/>
 <node id="1636492622" visible="true" version="3" changeset="56612919" timestamp="2018-02-23T15:26:25Z" user="RunRunShow" uid="3553413" lat="3.0602592" lon="101.5995120"/>
 <node id="1636492623" visible="true" version="1" changeset="10710533" timestamp="2012-02-17T12:15:10Z" user="Tungmar" uid="427807" lat="3.0569270" lon="101.6098776"/>
 <node id="1636492633" visible="true" version="2" changeset="38584655" timestamp="2016-04-15T11:00:03Z" user="RunRunShow" uid="3553413" lat="3.0558181" lon="101.6109666"/>
 <node id="1636492634" visible="true" version="1" changeset="10710533" timestamp="2012-02-17T12:15:11Z" user="Tungmar" uid="427807" lat="3.0573234" lon="101.6091481"/>
 <node id="1636492637" visible="true" version="2" changeset="56612919" timestamp="2018-02-23T15:26:25Z" user="RunRunShow" uid="3553413" lat="3.0606030" lon="101.5991526"/>
 <node id="1636492641" visible="true" version="1" changeset="10710533" timestamp="2012-02-17T12:15:11Z" user="Tungmar" uid="427807" lat="3.0608963" lon="101.5989873"/>
 <node id="1636492642" visible="true" version="2" changeset="38584655" timestamp="2016-04-15T11:00:03Z" user="RunRunShow" uid="3553413" lat="3.0564314" lon="101.6104726"/>
 <node id="1670458757" visible="true" version="4" changeset="166264012" timestamp="2025-05-14T15:49:53Z" user="BroharrisCanal" uid="17826795" lat="3.0656261" lon="101.6032255"/>
 <node id="1670458760" visible="true" version="4" changeset="177639092" timestamp="2026-01-24T09:51:57Z" user="Zh9567" uid="9940138" lat="3.0655244" lon="101.6032322">
  <tag k="crossing" v="uncontrolled"/>
  <tag k="crossing:markings" v="yes"/>
  <tag k="highway" v="crossing"/>
 </node>
 <node id="1670458775" visible="true" version="3" changeset="166264012" timestamp="2025-05-14T15:49:53Z" user="BroharrisCanal" uid="17826795" lat="3.0655538" lon="101.6030169"/>
 <node id="1670458777" visible="true" version="4" changeset="166264012" timestamp="2025-05-14T15:49:53Z" user="BroharrisCanal" uid="17826795" lat="3.0653695" lon="101.6033389"/>
 <node id="1670458799" visible="true" version="2" changeset="78307770" timestamp="2019-12-12T09:29:40Z" user="DiahW IRM-ED" uid="7561020" lat="3.0661411" lon="101.6032275"/>
 <node id="1670458806" visible="true" version="4" changeset="166264012" timestamp="2025-05-14T15:49:53Z" user="BroharrisCanal" uid="17826795" lat="3.0655558" lon="101.6030820"/>
 <node id="1670458819" visible="true" version="2" changeset="78307770" timestamp="2019-12-12T09:29:40Z" user="DiahW IRM-ED" uid="7561020" lat="3.0657199" lon="101.6032251"/>
 <node id="1670458823" visible="true" version="4" changeset="187270065" timestamp="2026-08-11T08:16:25Z" user="Zh9567" uid="9940138" lat="3.0652673" lon="101.6025200">
  <tag k="highway" v="traffic_signals"/>
  <tag k="ref" v="J 7"/>
  <tag k="traffic_signals" v="signal"/>
 </node>
 <node id="1755949419" visible="true" version="2" changeset="101311731" timestamp="2021-03-19T08:46:24Z" user="AvachinskyVolcano" uid="11387730" lat="3.0552340" lon="101.6112855"/>
 <node id="1982561994" visible="true" version="2" changeset="129290128" timestamp="2022-11-23T16:58:48Z" user="kucai" uid="536853" lat="3.0627174" lon="101.5971208"/>
 <node id="2105360695" visible="true" version="2" changeset="112973995" timestamp="2021-10-26T04:18:18Z" user="AntelopeCliif" uid="10353518" lat="3.0680246" lon="101.6181479"/>
 <node id="2105360699" visible="true" version="1" changeset="14607351" timestamp="2013-01-11T09:03:26Z" user="dante2008" uid="1175554" lat="3.0656906" lon="101.6176127"/>
 <node id="2105360704" visible="true" version="2" changeset="146592830" timestamp="2024-01-23T13:17:01Z" user="mataharimau" uid="17227421" lat="3.0656497" lon="101.6178554"/>
 <node id="2124969571" visible="true" version="3" changeset="20650197" timestamp="2014-02-19T06:27:29Z" user="kucai" uid="536853" lat="3.0653545" lon="101.6044621"/>
 <node id="2124969573" visible="true" version="3" changeset="20650197" timestamp="2014-02-19T06:27:29Z" user="kucai" uid="536853" lat="3.0654572" lon="101.6044554"/>
 <node id="2204295056" visible="true" version="2" changeset="101501724" timestamp="2021-03-22T11:48:51Z" user="Plekhanov" uid="10409550" lat="3.0618242" lon="101.6181345"/>
 <node id="2204295282" visible="true" version="2" changeset="101501724" timestamp="2021-03-22T11:48:51Z" user="Plekhanov" uid="10409550" lat="3.0652632" lon="101.6182539"/>
 <node id="2204295321" visible="true" version="2" changeset="101501724" timestamp="2021-03-22T11:48:51Z" user="Plekhanov" uid="10409550" lat="3.0612738" lon="101.6180447"/>
 <node id="2204295327" visible="true" version="2" changeset="101501724" timestamp="2021-03-22T11:48:51Z" user="Plekhanov" uid="10409550" lat="3.0631674" lon="101.6182472"/>
 <node id="2204295395" visible="true" version="2" changeset="101501724" timestamp="2021-03-22T11:48:51Z" user="Plekhanov" uid="10409550" lat="3.0646981" lon="101.6184282"/>
 <node id="2204295561" visible="true" version="2" changeset="101501724" timestamp="2021-03-22T11:48:51Z" user="Plekhanov" uid="10409550" lat="3.0640794" lon="101.6183250"/>
 <node id="2204295804" visible="true" version="2" changeset="101501724" timestamp="2021-03-22T11:48:51Z" user="Plekhanov" uid="10409550" lat="3.0634393" lon="101.6182579"/>
 <node id="2210029752" visible="true" version="2" changeset="38584655" timestamp="2016-04-15T11:00:04Z" user="RunRunShow" uid="3553413" lat="3.0604163" lon="101.6037577"/>
 <node id="2210029767" visible="true" version="1" changeset="15421562" timestamp="2013-03-19T15:48:00Z" user="Samson Cheong" uid="427961" lat="3.0592195" lon="101.6123557"/>
 <node id="2210029777" visible="true" version="1" changeset="15421562" timestamp="2013-03-19T15:48:00Z" user="Samson Cheong" uid="427961" lat="3.0637323" lon="101.6022545"/>
 <node id="2210029782" visible="true" version="3" changeset="182470739" timestamp="2026-05-10T14:58:23Z" user="angys" uid="3191182" lat="3.0643778" lon="101.6040250"/>
 <node id="2210029807" visible="true" version="1" changeset="15421562" timestamp="2013-03-19T15:48:01Z" user="Samson Cheong" uid="427961" lat="3.0608077" lon="101.6069511"/>
 <node id="2210029808" visible="true" version="1" changeset="15421562" timestamp="2013-03-19T15:48:01Z" user="Samson Cheong" uid="427961" lat="3.0642756" lon="101.6023090"/>
 <node id="2210029827" visible="true" version="2" changeset="38584655" timestamp="2016-04-15T11:00:04Z" user="RunRunShow" uid="3553413" lat="3.0635744" lon="101.5998546"/>
 <node id="2210029839" visible="true" version="1" changeset="15421562" timestamp="2013-03-19T15:48:01Z" user="Samson Cheong" uid="427961" lat="3.0642119" lon="101.6024182"/>
 <node id="2210029859" visible="true" version="1" changeset="15421562" timestamp="2013-03-19T15:48:02Z" user="Samson Cheong" uid="427961" lat="3.0607973" lon="101.6064897"/>
 <node id="2210029899" visible="true" version="2" changeset="38584655" timestamp="2016-04-15T11:00:04Z" user="RunRunShow" uid="3553413" lat="3.0609048" lon="101.6072279"/>
 <node id="2210029905" visible="true" version="2" changeset="102944701" timestamp="2021-04-14T17:30:05Z" user="Burricane" uid="9368471" lat="3.0618682" lon="101.6018153"/>
 <node id="2210029911" visible="true" version="2" changeset="38584655" timestamp="2016-04-15T11:00:04Z" user="RunRunShow" uid="3553413" lat="3.0607255" lon="101.6020985"/>
 <node id="2210029942" visible="true" version="1" changeset="15421562" timestamp="2013-03-19T15:48:03Z" user="Samson Cheong" uid="427961" lat="3.0626075" lon="101.6021393"/>
 <node id="2210029947" visible="true" version="2" changeset="38584655" timestamp="2016-04-15T11:00:04Z" user="RunRunShow" uid="3553413" lat="3.0623927" lon="101.6011643"/>
 <node id="2210029953" visible="true" version="1" changeset="15421562" timestamp="2013-03-19T15:48:04Z" user="Samson Cheong" uid="427961" lat="3.0629450" lon="101.6020400"/>
 <node id="2210029963" visible="true" version="2" changeset="38584655" timestamp="2016-04-15T11:00:04Z" user="RunRunShow" uid="3553413" lat="3.0622246" lon="101.6078514"/>
 <node id="2210029986" visible="true" version="1" changeset="15421562" timestamp="2013-03-19T15:48:05Z" user="Samson Cheong" uid="427961" lat="3.0643242" lon="101.6025897"/>
 <node id="2210029987" visible="true" version="1" changeset="15421562" timestamp="2013-03-19T15:48:05Z" user="Samson Cheong" uid="427961" lat="3.0640993" lon="101.6023993"/>
 <node id="2210029991" visible="true" version="2" changeset="38584655" timestamp="2016-04-15T11:00:04Z" user="RunRunShow" uid="3553413" lat="3.0638459" lon="101.5996453"/>
 <node id="2210029995" visible="true" version="1" changeset="15421562" timestamp="2013-03-19T15:48:05Z" user="Samson Cheong" uid="427961" lat="3.0628513" lon="101.6020346"/>
 <node id="2210030014" visible="true" version="2" changeset="38585316" timestamp="2016-04-15T11:29:35Z" user="RunRunShow" uid="3553413" lat="3.0626450" lon="101.6053445"/>
 <node id="2210030030" visible="true" version="2" changeset="38584655" timestamp="2016-04-15T11:00:04Z" user="RunRunShow" uid="3553413" lat="3.0625890" lon="101.6002464"/>
 <node id="2210030053" visible="true" version="1" changeset="15421562" timestamp="2013-03-19T15:48:06Z" user="Samson Cheong" uid="427961" lat="3.0642626" lon="101.6024288"/>
 <node id="2210030060" visible="true" version="2" changeset="59316526" timestamp="2018-05-27T15:54:50Z" user="kucai" uid="536853" lat="3.0617310" lon="101.6000890"/>
 <node id="2210030068" visible="true" version="1" changeset="15421562" timestamp="2013-03-19T15:48:06Z" user="Samson Cheong" uid="427961" lat="3.0635636" lon="101.6021364"/>
 <node id="2210030079" visible="true" version="1" changeset="15421562" timestamp="2013-03-19T15:48:06Z" user="Samson Cheong" uid="427961" lat="3.0641637" lon="101.6023807"/>
 <node id="2210030119" visible="true" version="2" changeset="38585316" timestamp="2016-04-15T11:29:35Z" user="RunRunShow" uid="3553413" lat="3.0628512" lon="101.6052398"/>
 <node id="2210030129" visible="true" version="2" changeset="182470739" timestamp="2026-05-10T14:58:23Z" user="angys" uid="3191182" lat="3.0644808" lon="101.6033368"/>
 <node id="2210030144" visible="true" version="1" changeset="15421562" timestamp="2013-03-19T15:48:08Z" user="Samson Cheong" uid="427961" lat="3.0642253" lon="101.6022626"/>
 <node id="2210030147" visible="true" version="2" changeset="38584655" timestamp="2016-04-15T11:00:04Z" user="RunRunShow" uid="3553413" lat="3.0631144" lon="101.5999010"/>
 <node id="2210030148" visible="true" version="1" changeset="15421562" timestamp="2013-03-19T15:48:08Z" user="Samson Cheong" uid="427961" lat="3.0591175" lon="101.6122269"/>
 <node id="2210030180" visible="true" version="1" changeset="15421562" timestamp="2013-03-19T15:48:08Z" user="Samson Cheong" uid="427961" lat="3.0641556" lon="101.6022412"/>
 <node id="2210030243" visible="true" version="1" changeset="15421562" timestamp="2013-03-19T15:48:09Z" user="Samson Cheong" uid="427961" lat="3.0607541" lon="101.6054223"/>
 <node id="2210030264" visible="true" version="2" changeset="182470739" timestamp="2026-05-10T14:58:23Z" user="angys" uid="3191182" lat="3.0644189" lon="101.6028258"/>
 <node id="2210030269" visible="true" version="2" changeset="38584655" timestamp="2016-04-15T11:00:04Z" user="RunRunShow" uid="3553413" lat="3.0637953" lon="101.5997202"/>
 <node id="2210030288" visible="true" version="2" changeset="38584655" timestamp="2016-04-15T11:00:04Z" user="RunRunShow" uid="3553413" lat="3.0618058" lon="101.6077722"/>
 <node id="2210030290" visible="true" version="2" changeset="38585316" timestamp="2016-04-15T11:29:35Z" user="RunRunShow" uid="3553413" lat="3.0624951" lon="101.6053874"/>
 <node id="2210030293" visible="true" version="2" changeset="38585316" timestamp="2016-04-15T11:29:35Z" user="RunRunShow" uid="3553413" lat="3.0619646" lon="101.6053845"/>
 <node id="2210030294" visible="true" version="2" changeset="59316526" timestamp="2018-05-27T15:54:51Z" user="kucai" uid="536853" lat="3.0617159" lon="101.6000418"/>
 <node id="2210030324" visible="true" version="3" changeset="182470739" timestamp="2026-05-10T14:58:23Z" user="angys" uid="3191182" lat="3.0639474" lon="101.6047168"/>
 <node id="2210030365" visible="true" version="2" changeset="38584655" timestamp="2016-04-15T11:00:04Z" user="RunRunShow" uid="3553413" lat="3.0610253" lon="101.6073871"/>
 <node id="2210030373" visible="true" version="2" changeset="38585316" timestamp="2016-04-15T11:29:35Z" user="RunRunShow" uid="3553413" lat="3.0611719" lon="101.6050789"/>
 <node id="2210030375" visible="true" version="1" changeset="15421562" timestamp="2013-03-19T15:48:11Z" user="Samson Cheong" uid="427961" lat="3.0640940" lon="101.6023243"/>
 <node id="2210030381" visible="true" version="1" changeset="15421562" timestamp="2013-03-19T15:48:11Z" user="Samson Cheong" uid="427961" lat="3.0642251" lon="101.6024851"/>
 <node id="2210030395" visible="true" version="1" changeset="15421562" timestamp="2013-03-19T15:48:12Z" user="Samson Cheong" uid="427961" lat="3.0589088" lon="101.6115322"/>
 <node id="2210030401" visible="true" version="3" changeset="182470739" timestamp="2026-05-10T14:58:23Z" user="angys" uid="3191182" lat="3.0637561" lon="101.6048577"/>
 <node id="2210030407" visible="true" version="2" changeset="59316526" timestamp="2018-05-27T15:54:51Z" user="kucai" uid="536853" lat="3.0616294" lon="101.5998812"/>
 <node id="2210030416" visible="true" version="1" changeset="15421562" timestamp="2013-03-19T15:48:12Z" user="Samson Cheong" uid="427961" lat="3.0643885" lon="101.6026943"/>
 <node id="2210030473" visible="true" version="1" changeset="15421562" timestamp="2013-03-19T15:48:13Z" user="Samson Cheong" uid="427961" lat="3.0639307" lon="101.6023216"/>
 <node id="2210030485" visible="true" version="1" changeset="15421562" timestamp="2013-03-19T15:48:13Z" user="Samson Cheong" uid="427961" lat="3.0608291" lon="101.6059346"/>
 <node id="2210030497" visible="true" version="1" changeset="15421562" timestamp="2013-03-19T15:48:13Z" user="Samson Cheong" uid="427961" lat="3.0611397" lon="101.6003581"/>
 <node id="2210030514" visible="true" version="2" changeset="146449067" timestamp="2024-01-19T15:50:11Z" user="Ropino" uid="42123" lat="3.0614880" lon="101.6005460"/>
 <node id="2210030521" visible="true" version="2" changeset="59316526" timestamp="2018-05-27T15:54:51Z" user="kucai" uid="536853" lat="3.0615535" lon="101.5999920"/>
 <node id="2210030526" visible="true" version="2" changeset="59316526" timestamp="2018-05-27T15:54:51Z" user="kucai" uid="536853" lat="3.0617839" lon="101.5997210"/>
 <node id="2210030529" visible="true" version="2" changeset="59316526" timestamp="2018-05-27T15:54:51Z" user="kucai" uid="536853" lat="3.0614507" lon="101.6001807"/>
 <node id="2210030563" visible="true" version="3" changeset="182470739" timestamp="2026-05-10T14:58:23Z" user="angys" uid="3191182" lat="3.0641552" lon="101.6043843"/>
 <node id="2210030584" visible="true" version="1" changeset="15421562" timestamp="2013-03-19T15:48:15Z" user="Samson Cheong" uid="427961" lat="3.0640619" lon="101.6022734"/>
 <node id="2210030610" visible="true" version="2" changeset="59316526" timestamp="2018-05-27T15:54:51Z" user="kucai" uid="536853" lat="3.0615818" lon="101.5999693"/>
 <node id="2210030644" visible="true" version="2" changeset="59316526" timestamp="2018-05-27T15:54:51Z" user="kucai" uid="536853" lat="3.0614672" lon="101.6001505"/>
 <node id="2210030646" visible="true" version="1" changeset="15421562" timestamp="2013-03-19T15:48:16Z" user="Samson Cheong" uid="427961" lat="3.0621281" lon="101.6019327"/>
 <node id="2210030692" visible="true" version="2" changeset="38584655" timestamp="2016-04-15T11:00:04Z" user="RunRunShow" uid="3553413" lat="3.0603523" lon="101.6045200"/>
 <node id="2210030734" visible="true" version="1" changeset="15421562" timestamp="2013-03-19T15:48:17Z" user="Samson Cheong" uid="427961" lat="3.0642869" lon="101.6024182"/>
 <node id="2210030750" visible="true" version="1" changeset="15421562" timestamp="2013-03-19T15:48:17Z" user="Samson Cheong" uid="427961" lat="3.0620424" lon="101.6018684"/>
 <node id="2210030753" visible="true" version="3" changeset="182470739" timestamp="2026-05-10T14:58:23Z" user="angys" uid="3191182" lat="3.0636941" lon="101.6049313"/>
 <node id="2210030774" visible="true" version="2" changeset="59316526" timestamp="2018-05-27T15:54:52Z" user="kucai" uid="536853" lat="3.0616283" lon="101.6002776"/>
 <node id="2210030789" visible="true" version="1" changeset="15421562" timestamp="2013-03-19T15:48:17Z" user="Samson Cheong" uid="427961" lat="3.0588389" lon="101.6118487"/>
 <node id="2210030802" visible="true" version="3" changeset="182470739" timestamp="2026-05-10T14:58:23Z" user="angys" uid="3191182" lat="3.0644607" lon="101.6037293"/>
 <node id="2210030825" visible="true" version="3" changeset="182470739" timestamp="2026-05-10T14:58:23Z" user="angys" uid="3191182" lat="3.0638748" lon="101.6047965"/>
 <node id="2210030844" visible="true" version="1" changeset="15421562" timestamp="2013-03-19T15:48:18Z" user="Samson Cheong" uid="427961" lat="3.0640699" lon="101.6022358"/>
 <node id="2210030849" visible="true" version="1" changeset="15421562" timestamp="2013-03-19T15:48:18Z" user="Samson Cheong" uid="427961" lat="3.0611168" lon="101.6014105"/>
 <node id="2210030859" visible="true" version="2" changeset="38584655" timestamp="2016-04-15T11:00:04Z" user="RunRunShow" uid="3553413" lat="3.0614025" lon="101.6013184"/>
 <node id="2210030869" visible="true" version="2" changeset="38585316" timestamp="2016-04-15T11:29:35Z" user="RunRunShow" uid="3553413" lat="3.0634325" lon="101.6049663"/>
 <node id="2210030914" visible="true" version="2" changeset="38585316" timestamp="2016-04-15T11:29:35Z" user="RunRunShow" uid="3553413" lat="3.0623665" lon="101.6053981"/>
 <node id="2210030915" visible="true" version="2" changeset="182470739" timestamp="2026-05-10T14:58:23Z" user="angys" uid="3191182" lat="3.0644516" lon="101.6030593"/>
 <node id="2210030931" visible="true" version="4" changeset="101308847" timestamp="2021-03-19T08:03:44Z" user="ObRiver" uid="10529631" lat="3.0665080" lon="101.6106150"/>
 <node id="2210030934" visible="true" version="1" changeset="15421562" timestamp="2013-03-19T15:48:20Z" user="Samson Cheong" uid="427961" lat="3.0623424" lon="101.6021446"/>
 <node id="2210030951" visible="true" version="1" changeset="15421562" timestamp="2013-03-19T15:48:20Z" user="Samson Cheong" uid="427961" lat="3.0627895" lon="101.6020452"/>
 <node id="2210030963" visible="true" version="2" changeset="38585316" timestamp="2016-04-15T11:29:35Z" user="RunRunShow" uid="3553413" lat="3.0631352" lon="101.6050628"/>
 <node id="2210031036" visible="true" version="1" changeset="15421562" timestamp="2013-03-19T15:48:22Z" user="Samson Cheong" uid="427961" lat="3.0627040" lon="101.6020990"/>
 <node id="2210031046" visible="true" version="1" changeset="15421562" timestamp="2013-03-19T15:48:22Z" user="Samson Cheong" uid="427961" lat="3.0625138" lon="101.6021607"/>
 <node id="2210031063" visible="true" version="1" changeset="15421562" timestamp="2013-03-19T15:48:22Z" user="Samson Cheong" uid="427961" lat="3.0643003" lon="101.6023887"/>
 <node id="2210031086" visible="true" version="2" changeset="38584655" timestamp="2016-04-15T11:00:04Z" user="RunRunShow" uid="3553413" lat="3.0627097" lon="101.6001291"/>
 <node id="2210031105" visible="true" version="1" changeset="15421562" timestamp="2013-03-19T15:48:23Z" user="Samson Cheong" uid="427961" lat="3.0622806" lon="101.6021069"/>
 <node id="2210031110" visible="true" version="2" changeset="59316526" timestamp="2018-05-27T15:54:52Z" user="kucai" uid="536853" lat="3.0616821" lon="101.5999098"/>
 <node id="2210031112" visible="true" version="1" changeset="15421562" timestamp="2013-03-19T15:48:23Z" user="Samson Cheong" uid="427961" lat="3.0614594" lon="101.6005306"/>
 <node id="2210031127" visible="true" version="1" changeset="15421562" timestamp="2013-03-19T15:48:23Z" user="Samson Cheong" uid="427961" lat="3.0607755" lon="101.6066883"/>
 <node id="2210031137" visible="true" version="1" changeset="15421562" timestamp="2013-03-19T15:48:23Z" user="Samson Cheong" uid="427961" lat="3.0591657" lon="101.6122913"/>
 <node id="2210031140" visible="true" version="2" changeset="38585316" timestamp="2016-04-15T11:29:35Z" user="RunRunShow" uid="3553413" lat="3.0617397" lon="101.6052989"/>
 <node id="2210031160" visible="true" version="1" changeset="15421562" timestamp="2013-03-19T15:48:24Z" user="Samson Cheong" uid="427961" lat="3.0631136" lon="101.6020908"/>
 <node id="2210031191" visible="true" version="2" changeset="38584655" timestamp="2016-04-15T11:00:04Z" user="RunRunShow" uid="3553413" lat="3.0623314" lon="101.6013316"/>
 <node id="2210031194" visible="true" version="1" changeset="15421562" timestamp="2013-03-19T15:48:24Z" user="Samson Cheong" uid="427961" lat="3.0606040" lon="101.6049930"/>
 <node id="2210031224" visible="true" version="2" changeset="38584655" timestamp="2016-04-15T11:00:04Z" user="RunRunShow" uid="3553413" lat="3.0614217" lon="101.6076662"/>
 <node id="2210031263" visible="true" version="2" changeset="59316526" timestamp="2018-05-27T15:54:52Z" user="kucai" uid="536853" lat="3.0618652" lon="101.5997650"/>
 <node id="2210031295" visible="true" version="1" changeset="15421562" timestamp="2013-03-19T15:48:26Z" user="Samson Cheong" uid="427961" lat="3.0634806" lon="101.6021069"/>
 <node id="2210031355" visible="true" version="2" changeset="38584655" timestamp="2016-04-15T11:00:04Z" user="RunRunShow" uid="3553413" lat="3.0603379" lon="101.6041758"/>
 <node id="2210031364" visible="true" version="2" changeset="38585316" timestamp="2016-04-15T11:29:35Z" user="RunRunShow" uid="3553413" lat="3.0613299" lon="101.6050870"/>
 <node id="2210031392" visible="true" version="1" changeset="15421562" timestamp="2013-03-19T15:48:28Z" user="Samson Cheong" uid="427961" lat="3.0613755" lon="101.6001035"/>
 <node id="2210132568" visible="true" version="5" changeset="187446002" timestamp="2026-08-14T14:21:31Z" user="BroharrisCanal" uid="17826795" lat="3.0639707" lon="101.5988669">
  <tag k="highway" v="traffic_signals"/>
  <tag k="ref" v="J 6B"/>
  <tag k="traffic_signals" v="signal"/>
 </node>
 <node id="2210132574" visible="true" version="2" changeset="102982449" timestamp="2021-04-15T09:29:39Z" user="mana_sa" uid="11585582" lat="3.0640393" lon="101.5978027"/>
 <node id="2210132590" visible="true" version="2" changeset="78307770" timestamp="2019-12-12T09:29:40Z" user="DiahW IRM-ED" uid="7561020" lat="3.0652231" lon="101.6011032"/>
 <node id="2210132596" visible="true" version="1" changeset="15422489" timestamp="2013-03-19T17:19:42Z" user="Samson Cheong" uid="427961" lat="3.0645842" lon="101.5986524"/>
 <node id="2210132600" visible="true" version="1" changeset="15422489" timestamp="2013-03-19T17:19:42Z" user="Samson Cheong" uid="427961" lat="3.0650448" lon="101.5986444"/>
 <node id="2210132608" visible="true" version="2" changeset="38584655" timestamp="2016-04-15T11:00:04Z" user="RunRunShow" uid="3553413" lat="3.0641752" lon="101.5992334"/>
 <node id="2210132616" visible="true" version="1" changeset="15422489" timestamp="2013-03-19T17:19:42Z" user="Samson Cheong" uid="427961" lat="3.0634405" lon="101.5984727"/>
 <node id="2210132618" visible="true" version="1" changeset="15422489" timestamp="2013-03-19T17:19:42Z" user="Samson Cheong" uid="427961" lat="3.0644743" lon="101.5997253"/>
 <node id="2210132629" visible="true" version="2" changeset="20650197" timestamp="2014-02-19T06:27:29Z" user="kucai" uid="536853" lat="3.0644673" lon="101.5991396"/>
 <node id="2210132652" visible="true" version="3" changeset="129863739" timestamp="2022-12-08T14:37:19Z" user="angys" uid="3191182" lat="3.0652252" lon="101.6013916"/>
 <node id="2210132655" visible="true" version="1" changeset="15422489" timestamp="2013-03-19T17:19:43Z" user="Samson Cheong" uid="427961" lat="3.0653849" lon="101.6016989"/>
 <node id="2210132658" visible="true" version="3" changeset="158437991" timestamp="2024-10-28T03:12:59Z" user="GrabMY_ainayusof" uid="9658463" lat="3.0647790" lon="101.5982826"/>
 <node id="2210132660" visible="true" version="4" changeset="81294267" timestamp="2020-02-21T00:15:36Z" user="Robuster" uid="6575994" lat="3.0642284" lon="101.5996427"/>
 <node id="2210132669" visible="true" version="1" changeset="15422489" timestamp="2013-03-19T17:19:43Z" user="Samson Cheong" uid="427961" lat="3.0651869" lon="101.5982285"/>
 <node id="2210132675" visible="true" version="1" changeset="15422489" timestamp="2013-03-19T17:19:43Z" user="Samson Cheong" uid="427961" lat="3.0653089" lon="101.5982317"/>
 <node id="2210132680" visible="true" version="1" changeset="15422489" timestamp="2013-03-19T17:19:43Z" user="Samson Cheong" uid="427961" lat="3.0641931" lon="101.5982581"/>
 <node id="2210132682" visible="true" version="1" changeset="15422489" timestamp="2013-03-19T17:19:43Z" user="Samson Cheong" uid="427961" lat="3.0657707" lon="101.6017529"/>
 <node id="2210132685" visible="true" version="2" changeset="102982449" timestamp="2021-04-15T09:29:39Z" user="mana_sa" uid="11585582" lat="3.0644938" lon="101.5983557"/>
 <node id="2210132687" visible="true" version="1" changeset="15422489" timestamp="2013-03-19T17:19:43Z" user="Samson Cheong" uid="427961" lat="3.0652698" lon="101.5983171"/>
 <node id="2210132693" visible="true" version="1" changeset="15422489" timestamp="2013-03-19T17:19:43Z" user="Samson Cheong" uid="427961" lat="3.0669230" lon="101.6028928"/>
 <node id="2210132695" visible="true" version="1" changeset="15422489" timestamp="2013-03-19T17:19:43Z" user="Samson Cheong" uid="427961" lat="3.0653284" lon="101.5980192"/>
 <node id="2210132708" visible="true" version="2" changeset="102982449" timestamp="2021-04-15T09:29:39Z" user="mana_sa" uid="11585582" lat="3.0637312" lon="101.5986747"/>
 <node id="2210132709" visible="true" version="2" changeset="102982449" timestamp="2021-04-15T09:29:39Z" user="mana_sa" uid="11585582" lat="3.0635759" lon="101.5986757"/>
 <node id="2210132718" visible="true" version="3" changeset="158437991" timestamp="2024-10-28T03:12:59Z" user="GrabMY_ainayusof" uid="9658463" lat="3.0647088" lon="101.5982323"/>
 <node id="2210132720" visible="true" version="1" changeset="15422489" timestamp="2013-03-19T17:19:44Z" user="Samson Cheong" uid="427961" lat="3.0647154" lon="101.5985102"/>
 <node id="2210132721" visible="true" version="3" changeset="187125269" timestamp="2026-08-08T09:52:09Z" user="Zh9567" uid="9940138" lat="3.0619959" lon="101.5991544">
  <tag k="note" v="E5 KESAS expressway limit"/>
 </node>
 <node id="2210132724" visible="true" version="3" changeset="158437991" timestamp="2024-10-28T03:12:59Z" user="GrabMY_ainayusof" uid="9658463" lat="3.0648744" lon="101.5982252"/>
 <node id="2210132727" visible="true" version="2" changeset="38584655" timestamp="2016-04-15T11:00:01Z" user="RunRunShow" uid="3553413" lat="3.0613952" lon="101.5986431"/>
 <node id="2210132732" visible="true" version="2" changeset="130313565" timestamp="2022-12-21T04:21:48Z" user="kucai" uid="536853" lat="3.0644223" lon="101.5978085"/>
 <node id="2210132735" visible="true" version="7" changeset="152711719" timestamp="2024-06-15T08:54:15Z" user="Zh9567" uid="9940138" lat="3.0649238" lon="101.5993920"/>
 <node id="2210132743" visible="true" version="3" changeset="78307770" timestamp="2019-12-12T09:29:40Z" user="DiahW IRM-ED" uid="7561020" lat="3.0652164" lon="101.6008423"/>
 <node id="2210132744" visible="true" version="3" changeset="129290128" timestamp="2022-11-23T16:58:48Z" user="kucai" uid="536853" lat="3.0612037" lon="101.5999756"/>
 <node id="2210132750" visible="true" version="1" changeset="15422489" timestamp="2013-03-19T17:19:44Z" user="Samson Cheong" uid="427961" lat="3.0631994" lon="101.5987624"/>
 <node id="2210132755" visible="true" version="2" changeset="102982449" timestamp="2021-04-15T09:29:39Z" user="mana_sa" uid="11585582" lat="3.0644894" lon="101.5978697"/>
 <node id="2210132759" visible="true" version="2" changeset="102982449" timestamp="2021-04-15T09:29:39Z" user="mana_sa" uid="11585582" lat="3.0643392" lon="101.5986707"/>
 <node id="2210132762" visible="true" version="1" changeset="15422489" timestamp="2013-03-19T17:19:45Z" user="Samson Cheong" uid="427961" lat="3.0652886" lon="101.5983547"/>
 <node id="2210132780" visible="true" version="2" changeset="38584655" timestamp="2016-04-15T11:00:04Z" user="RunRunShow" uid="3553413" lat="3.0630575" lon="101.6001790"/>
 <node id="2210132792" visible="true" version="1" changeset="15422489" timestamp="2013-03-19T17:19:45Z" user="Samson Cheong" uid="427961" lat="3.0654171" lon="101.6017288"/>
 <node id="2210132793" visible="true" version="2" changeset="102982449" timestamp="2021-04-15T09:29:39Z" user="mana_sa" uid="11585582" lat="3.0638866" lon="101.5978004"/>
 <node id="2210132795" visible="true" version="2" changeset="102982449" timestamp="2021-04-15T09:29:39Z" user="mana_sa" uid="11585582" lat="3.0640366" lon="101.5986727"/>
 <node id="2210132796" visible="true" version="2" changeset="38584655" timestamp="2016-04-15T11:00:03Z" user="RunRunShow" uid="3553413" lat="3.0647950" lon="101.5988859"/>
 <node id="2210132806" visible="true" version="2" changeset="38584655" timestamp="2016-04-15T11:00:04Z" user="RunRunShow" uid="3553413" lat="3.0624876" lon="101.6003928"/>
 <node id="2210132808" visible="true" version="2" changeset="38584655" timestamp="2016-04-15T11:00:03Z" user="RunRunShow" uid="3553413" lat="3.0617408" lon="101.5989215"/>
 <node id="2210132812" visible="true" version="1" changeset="15422489" timestamp="2013-03-19T17:19:46Z" user="Samson Cheong" uid="427961" lat="3.0645895" lon="101.5993176"/>
 <node id="2210132818" visible="true" version="2" changeset="102982449" timestamp="2021-04-15T09:29:39Z" user="mana_sa" uid="11585582" lat="3.0644544" lon="101.5978219"/>
 <node id="2210132832" visible="true" version="2" changeset="102982449" timestamp="2021-04-15T09:29:39Z" user="mana_sa" uid="11585582" lat="3.0641866" lon="101.5978050"/>
 <node id="2210132845" visible="true" version="2" changeset="152705603" timestamp="2024-06-15T04:55:08Z" user="Zh9567" uid="9940138" lat="3.0656202" lon="101.6029291"/>
 <node id="2210132847" visible="true" version="5" changeset="187446002" timestamp="2026-08-14T14:21:31Z" user="BroharrisCanal" uid="17826795" lat="3.0639635" lon="101.5989880">
  <tag k="highway" v="traffic_signals"/>
  <tag k="ref" v="J 6B"/>
  <tag k="traffic_signals" v="signal"/>
 </node>
 <node id="2210132848" visible="true" version="1" changeset="15422489" timestamp="2013-03-19T17:19:46Z" user="Samson Cheong" uid="427961" lat="3.0650207" lon="101.5983735"/>
 <node id="2210132849" visible="true" version="2" changeset="38584655" timestamp="2016-04-15T11:00:03Z" user="RunRunShow" uid="3553413" lat="3.0654698" lon="101.5989400"/>
 <node id="2210132856" visible="true" version="1" changeset="15422489" timestamp="2013-03-19T17:19:47Z" user="Samson Cheong" uid="427961" lat="3.0634512" lon="101.5980865"/>
 <node id="2210132860" visible="true" version="1" changeset="15422489" timestamp="2013-03-19T17:19:47Z" user="Samson Cheong" uid="427961" lat="3.0650476" lon="101.5983812"/>
 <node id="2210132869" visible="true" version="2" changeset="152705603" timestamp="2024-06-15T04:55:08Z" user="Zh9567" uid="9940138" lat="3.0656251" lon="101.6026495"/>
 <node id="2210132871" visible="true" version="2" changeset="38584655" timestamp="2016-04-15T11:00:04Z" user="RunRunShow" uid="3553413" lat="3.0640060" lon="101.5998652"/>
 <node id="2210132878" visible="true" version="2" changeset="38584655" timestamp="2016-04-15T11:00:04Z" user="RunRunShow" uid="3553413" lat="3.0636902" lon="101.6000832"/>
 <node id="2210132879" visible="true" version="1" changeset="15422489" timestamp="2013-03-19T17:19:47Z" user="Samson Cheong" uid="427961" lat="3.0652298" lon="101.5981371"/>
 <node id="2210132886" visible="true" version="2" changeset="38584655" timestamp="2016-04-15T11:00:04Z" user="RunRunShow" uid="3553413" lat="3.0628863" lon="101.6002361"/>
 <node id="2210132887" visible="true" version="1" changeset="15422489" timestamp="2013-03-19T17:19:47Z" user="Samson Cheong" uid="427961" lat="3.0643399" lon="101.5982004"/>
 <node id="2210132888" visible="true" version="2" changeset="38584655" timestamp="2016-04-15T11:00:01Z" user="RunRunShow" uid="3553413" lat="3.0633810" lon="101.5988015"/>
 <node id="2210132895" visible="true" version="3" changeset="166264012" timestamp="2025-05-14T15:49:53Z" user="BroharrisCanal" uid="17826795" lat="3.0655699" lon="101.6031437"/>
 <node id="2210132896" visible="true" version="1" changeset="15422489" timestamp="2013-03-19T17:19:47Z" user="Samson Cheong" uid="427961" lat="3.0645520" lon="101.5993203"/>
 <node id="2210132911" visible="true" version="5" changeset="114505950" timestamp="2021-12-03T04:29:44Z" user="Peter Jolly" uid="267154" lat="3.0650309" lon="101.6002072"/>
 <node id="2210132915" visible="true" version="1" changeset="15422489" timestamp="2013-03-19T17:19:48Z" user="Samson Cheong" uid="427961" lat="3.0652564" lon="101.5981106"/>
 <node id="2210132918" visible="true" version="1" changeset="15422489" timestamp="2013-03-19T17:19:48Z" user="Samson Cheong" uid="427961" lat="3.0650181" lon="101.5980221"/>
 <node id="2210132923" visible="true" version="1" changeset="15422489" timestamp="2013-03-19T17:19:48Z" user="Samson Cheong" uid="427961" lat="3.0645145" lon="101.5994571"/>
 <node id="2210132929" visible="true" version="2" changeset="20650197" timestamp="2014-02-19T06:27:30Z" user="kucai" uid="536853" lat="3.0646160" lon="101.5991388"/>
 <node id="2210132930" visible="true" version="1" changeset="15422489" timestamp="2013-03-19T17:19:48Z" user="Samson Cheong" uid="427961" lat="3.0641690" lon="101.5996797"/>
 <node id="2210132931" visible="true" version="2" changeset="166264012" timestamp="2025-05-14T15:49:53Z" user="BroharrisCanal" uid="17826795" lat="3.0655533" lon="101.6028914"/>
 <node id="2210132937" visible="true" version="2" changeset="60271425" timestamp="2018-06-29T08:49:15Z" user="lakkarssu" uid="8196672" lat="3.0655934" lon="101.6017554"/>
 <node id="2210132942" visible="true" version="2" changeset="38584655" timestamp="2016-04-15T11:00:01Z" user="RunRunShow" uid="3553413" lat="3.0620024" lon="101.5985770"/>
 <node id="2210132943" visible="true" version="1" changeset="15422489" timestamp="2013-03-19T17:19:48Z" user="Samson Cheong" uid="427961" lat="3.0629532" lon="101.6002829"/>
 <node id="2210132948" visible="true" version="2" changeset="38584655" timestamp="2016-04-15T11:00:04Z" user="RunRunShow" uid="3553413" lat="3.0642682" lon="101.5990908"/>
 <node id="2210132951" visible="true" version="2" changeset="60271425" timestamp="2018-06-29T08:49:15Z" user="lakkarssu" uid="8196672" lat="3.0655638" lon="101.6019279"/>
 <node id="2210132954" visible="true" version="1" changeset="15422489" timestamp="2013-03-19T17:19:49Z" user="Samson Cheong" uid="427961" lat="3.0631941" lon="101.5985290"/>
 <node id="2210132958" visible="true" version="1" changeset="15422489" timestamp="2013-03-19T17:19:49Z" user="Samson Cheong" uid="427961" lat="3.0635289" lon="101.6001705"/>
 <node id="2210132965" visible="true" version="1" changeset="15422489" timestamp="2013-03-19T17:19:49Z" user="Samson Cheong" uid="427961" lat="3.0662555" lon="101.6028955"/>
 <node id="2210132973" visible="true" version="2" changeset="38584655" timestamp="2016-04-15T11:00:04Z" user="RunRunShow" uid="3553413" lat="3.0641083" lon="101.5996894"/>
 <node id="2210132980" visible="true" version="2" changeset="20650197" timestamp="2014-02-19T06:27:30Z" user="kucai" uid="536853" lat="3.0652688" lon="101.5992610"/>
 <node id="2210132987" visible="true" version="1" changeset="15422489" timestamp="2013-03-19T17:19:49Z" user="Samson Cheong" uid="427961" lat="3.0652912" lon="101.5980704"/>
 <node id="2210132994" visible="true" version="1" changeset="15422489" timestamp="2013-03-19T17:19:49Z" user="Samson Cheong" uid="427961" lat="3.0649432" lon="101.5992556"/>
 <node id="2210133000" visible="true" version="2" changeset="81294267" timestamp="2020-02-21T00:15:36Z" user="Robuster" uid="6575994" lat="3.0625722" lon="101.6009339"/>
 <node id="2210133007" visible="true" version="2" changeset="102982449" timestamp="2021-04-15T09:29:39Z" user="mana_sa" uid="11585582" lat="3.0635812" lon="101.5977958"/>
 <node id="2210133021" visible="true" version="4" changeset="182470739" timestamp="2026-05-10T14:58:23Z" user="angys" uid="3191182" lat="3.0653133" lon="101.6046450"/>
 <node id="2210133025" visible="true" version="2" changeset="38584655" timestamp="2016-04-15T11:00:01Z" user="RunRunShow" uid="3553413" lat="3.0632855" lon="101.5990714"/>
 <node id="2210133045" visible="true" version="2" changeset="102982449" timestamp="2021-04-15T09:29:39Z" user="mana_sa" uid="11585582" lat="3.0643365" lon="101.5978072"/>
 <node id="2210133046" visible="true" version="1" changeset="15422489" timestamp="2013-03-19T17:19:50Z" user="Samson Cheong" uid="427961" lat="3.0652659" lon="101.6007765"/>
 <node id="2210133053" visible="true" version="1" changeset="15422489" timestamp="2013-03-19T17:19:50Z" user="Samson Cheong" uid="427961" lat="3.0638931" lon="101.5982206"/>
 <node id="2210133055" visible="true" version="2" changeset="152705603" timestamp="2024-06-15T04:55:08Z" user="Zh9567" uid="9940138" lat="3.0656686" lon="101.6026102"/>
 <node id="2210133074" visible="true" version="2" changeset="81294267" timestamp="2020-02-21T00:15:36Z" user="Robuster" uid="6575994" lat="3.0640224" lon="101.6016511"/>
 <node id="2210133080" visible="true" version="2" changeset="81294267" timestamp="2020-02-21T00:15:36Z" user="Robuster" uid="6575994" lat="3.0637077" lon="101.6015804"/>
 <node id="2210133085" visible="true" version="2" changeset="59316526" timestamp="2018-05-27T15:54:53Z" user="kucai" uid="536853" lat="3.0642227" lon="101.5992462"/>
 <node id="2210133091" visible="true" version="2" changeset="59316526" timestamp="2018-05-27T15:54:53Z" user="kucai" uid="536853" lat="3.0642186" lon="101.5993122"/>
 <node id="2210133098" visible="true" version="3" changeset="87733265" timestamp="2020-07-08T23:50:06Z" user="Waffleboy" uid="10935662" lat="3.0655705" lon="101.6017976"/>
 <node id="2210133108" visible="true" version="2" changeset="102982449" timestamp="2021-04-15T09:29:39Z" user="mana_sa" uid="11585582" lat="3.0633084" lon="101.5984111"/>
 <node id="2210133110" visible="true" version="6" changeset="114505950" timestamp="2021-12-03T04:29:44Z" user="Peter Jolly" uid="267154" lat="3.0640875" lon="101.6010977"/>
 <node id="2210133113" visible="true" version="1" changeset="15422489" timestamp="2013-03-19T17:19:51Z" user="Samson Cheong" uid="427961" lat="3.0630816" lon="101.6005568"/>
 <node id="2210133117" visible="true" version="1" changeset="15422489" timestamp="2013-03-19T17:19:51Z" user="Samson Cheong" uid="427961" lat="3.0679832" lon="101.6028830"/>
 <node id="2210133129" visible="true" version="3" changeset="158198446" timestamp="2024-10-22T07:18:39Z" user="GrabMY_ainayusof" uid="9658463" lat="3.0650911" lon="101.6009982"/>
 <node id="2210133130" visible="true" version="1" changeset="15422489" timestamp="2013-03-19T17:19:51Z" user="Samson Cheong" uid="427961" lat="3.0652296" lon="101.5982666"/>
 <node id="2210133131" visible="true" version="2" changeset="38584655" timestamp="2016-04-15T11:00:01Z" user="RunRunShow" uid="3553413" lat="3.0618625" lon="101.5992647"/>
 <node id="2210133135" visible="true" version="2" changeset="102982449" timestamp="2021-04-15T09:29:39Z" user="mana_sa" uid="11585582" lat="3.0644945" lon="101.5980097"/>
 <node id="2210133136" visible="true" version="1" changeset="15422489" timestamp="2013-03-19T17:19:51Z" user="Samson Cheong" uid="427961" lat="3.0651386" lon="101.5987677"/>
 <node id="2210133140" visible="true" version="2" changeset="102982449" timestamp="2021-04-15T09:29:39Z" user="mana_sa" uid="11585582" lat="3.0638866" lon="101.5986736"/>
 <node id="2210133142" visible="true" version="2" changeset="38584655" timestamp="2016-04-15T11:00:01Z" user="RunRunShow" uid="3553413" lat="3.0625514" lon="101.5987228"/>
 <node id="2210133143" visible="true" version="1" changeset="15422489" timestamp="2013-03-19T17:19:52Z" user="Samson Cheong" uid="427961" lat="3.0652136" lon="101.6030618"/>
 <node id="2210133147" visible="true" version="1" changeset="15422489" timestamp="2013-03-19T17:19:52Z" user="Samson Cheong" uid="427961" lat="3.0653123" lon="101.5981726"/>
 <node id="2210133151" visible="true" version="1" changeset="15422489" timestamp="2013-03-19T17:19:52Z" user="Samson Cheong" uid="427961" lat="3.0655050" lon="101.6017563"/>
 <node id="2210133155" visible="true" version="6" changeset="114505950" timestamp="2021-12-03T04:29:44Z" user="Peter Jolly" uid="267154" lat="3.0640863" lon="101.6013103"/>
 <node id="2210133158" visible="true" version="1" changeset="15422489" timestamp="2013-03-19T17:19:52Z" user="Samson Cheong" uid="427961" lat="3.0651843" lon="101.5981733"/>
 <node id="2210133159" visible="true" version="6" changeset="114505950" timestamp="2021-12-03T04:29:44Z" user="Peter Jolly" uid="267154" lat="3.0649615" lon="101.6013152"/>
 <node id="2210133162" visible="true" version="2" changeset="60784440" timestamp="2018-07-17T06:25:41Z" user="saicharan1" uid="7795567" lat="3.0653523" lon="101.6009391"/>
 <node id="2210133165" visible="true" version="1" changeset="15422489" timestamp="2013-03-19T17:19:52Z" user="Samson Cheong" uid="427961" lat="3.0669212" lon="101.6017554"/>
 <node id="2210133167" visible="true" version="2" changeset="38584655" timestamp="2016-04-15T11:00:01Z" user="RunRunShow" uid="3553413" lat="3.0627132" lon="101.5987693"/>
 <node id="2210133174" visible="true" version="1" changeset="15422489" timestamp="2013-03-19T17:19:52Z" user="Samson Cheong" uid="427961" lat="3.0638208" lon="101.6000820"/>
 <node id="2210133177" visible="true" version="1" changeset="15422489" timestamp="2013-03-19T17:19:52Z" user="Samson Cheong" uid="427961" lat="3.0653545" lon="101.6016368"/>
 <node id="2210133183" visible="true" version="1" changeset="15422489" timestamp="2013-03-19T17:19:52Z" user="Samson Cheong" uid="427961" lat="3.0654052" lon="101.5981750"/>
 <node id="2210133188" visible="true" version="1" changeset="15422489" timestamp="2013-03-19T17:19:53Z" user="Samson Cheong" uid="427961" lat="3.0650448" lon="101.5980167"/>
 <node id="2210133192" visible="true" version="2" changeset="38584655" timestamp="2016-04-15T11:00:01Z" user="RunRunShow" uid="3553413" lat="3.0617299" lon="101.5994194"/>
 <node id="2210133194" visible="true" version="1" changeset="15422489" timestamp="2013-03-19T17:19:53Z" user="Samson Cheong" uid="427961" lat="3.0647663" lon="101.5992049"/>
 <node id="2210133195" visible="true" version="1" changeset="15422489" timestamp="2013-03-19T17:19:53Z" user="Samson Cheong" uid="427961" lat="3.0655644" lon="101.6018468"/>
 <node id="2210133196" visible="true" version="1" changeset="15422489" timestamp="2013-03-19T17:19:53Z" user="Samson Cheong" uid="427961" lat="3.0643995" lon="101.5998833"/>
 <node id="2210133197" visible="true" version="2" changeset="129863739" timestamp="2022-12-08T14:37:19Z" user="angys" uid="3191182" lat="3.0650685" lon="101.6014213"/>
 <node id="2210133198" visible="true" version="1" changeset="15422489" timestamp="2013-03-19T17:19:53Z" user="Samson Cheong" uid="427961" lat="3.0650610" lon="101.5979226"/>
 <node id="2210133199" visible="true" version="3" changeset="130313565" timestamp="2022-12-21T04:21:48Z" user="kucai" uid="536853" lat="3.0634797" lon="101.5977477"/>
 <node id="2210133202" visible="true" version="1" changeset="15422489" timestamp="2013-03-19T17:19:53Z" user="Samson Cheong" uid="427961" lat="3.0640646" lon="101.5998782"/>
 <node id="2210133217" visible="true" version="1" changeset="15422489" timestamp="2013-03-19T17:19:53Z" user="Samson Cheong" uid="427961" lat="3.0631380" lon="101.6002078"/>
 <node id="2210133218" visible="true" version="1" changeset="15422489" timestamp="2013-03-19T17:19:53Z" user="Samson Cheong" uid="427961" lat="3.0639708" lon="101.5999801"/>
 <node id="2210133223" visible="true" version="3" changeset="187270065" timestamp="2026-08-11T08:16:25Z" user="Zh9567" uid="9940138" lat="3.0652758" lon="101.5989931">
  <tag k="highway" v="traffic_signals"/>
  <tag k="ref" v="J 6A"/>
  <tag k="traffic_signals" v="signal"/>
 </node>
 <node id="2210133231" visible="true" version="1" changeset="15422489" timestamp="2013-03-19T17:19:53Z" user="Samson Cheong" uid="427961" lat="3.0641290" lon="101.5997760"/>
 <node id="2210133237" visible="true" version="1" changeset="15422489" timestamp="2013-03-19T17:19:54Z" user="Samson Cheong" uid="427961" lat="3.0647797" lon="101.5989850"/>
 <node id="2210133241" visible="true" version="4" changeset="50354836" timestamp="2017-07-17T15:21:26Z" user="Tembikai" uid="5259280" lat="3.0613729" lon="101.5995135"/>
 <node id="2210133246" visible="true" version="3" changeset="158437991" timestamp="2024-10-28T03:12:59Z" user="GrabMY_ainayusof" uid="9658463" lat="3.0644943" lon="101.5982349"/>
 <node id="2210133259" visible="true" version="1" changeset="15422489" timestamp="2013-03-19T17:19:54Z" user="Samson Cheong" uid="427961" lat="3.0652325" lon="101.5993146"/>
 <node id="2210133260" visible="true" version="6" changeset="114505950" timestamp="2021-12-03T04:29:44Z" user="Peter Jolly" uid="267154" lat="3.0649627" lon="101.6011026"/>
 <node id="2210133266" visible="true" version="2" changeset="102982449" timestamp="2021-04-15T09:29:39Z" user="mana_sa" uid="11585582" lat="3.0635116" lon="101.5978005"/>
 <node id="2210133269" visible="true" version="1" changeset="15422489" timestamp="2013-03-19T17:19:54Z" user="Samson Cheong" uid="427961" lat="3.0631860" lon="101.6007794"/>
 <node id="2210133273" visible="true" version="2" changeset="20650197" timestamp="2014-02-19T06:27:30Z" user="kucai" uid="536853" lat="3.0645495" lon="101.5991392"/>
 <node id="2210133275" visible="true" version="3" changeset="158437991" timestamp="2024-10-28T03:12:59Z" user="GrabMY_ainayusof" uid="9658463" lat="3.0647504" lon="101.5982741"/>
 <node id="2210133286" visible="true" version="2" changeset="152705603" timestamp="2024-06-15T04:55:08Z" user="Zh9567" uid="9940138" lat="3.0656663" lon="101.6031554"/>
 <node id="2210133288" visible="true" version="1" changeset="15422489" timestamp="2013-03-19T17:19:55Z" user="Samson Cheong" uid="427961" lat="3.0650154" lon="101.5981750"/>
 <node id="2210133294" visible="true" version="2" changeset="38584655" timestamp="2016-04-15T11:00:01Z" user="RunRunShow" uid="3553413" lat="3.0616911" lon="101.5985693"/>
 <node id="2210133296" visible="true" version="2" changeset="102982449" timestamp="2021-04-15T09:29:39Z" user="mana_sa" uid="11585582" lat="3.0634981" lon="101.5978222"/>
 <node id="2210133297" visible="true" version="1" changeset="15422489" timestamp="2013-03-19T17:19:55Z" user="Samson Cheong" uid="427961" lat="3.0650636" lon="101.5984030"/>
 <node id="2210133308" visible="true" version="1" changeset="15422489" timestamp="2013-03-19T17:19:55Z" user="Samson Cheong" uid="427961" lat="3.0650557" lon="101.5979011"/>
 <node id="2210133313" visible="true" version="3" changeset="158437991" timestamp="2024-10-28T03:12:59Z" user="GrabMY_ainayusof" uid="9658463" lat="3.0647347" lon="101.5981213"/>
 <node id="2210133316" visible="true" version="2" changeset="102982449" timestamp="2021-04-15T09:29:39Z" user="mana_sa" uid="11585582" lat="3.0633027" lon="101.5986774"/>
 <node id="2210133320" visible="true" version="2" changeset="20650197" timestamp="2014-02-19T06:27:30Z" user="kucai" uid="536853" lat="3.0644679" lon="101.5992577"/>
 <node id="2210133333" visible="true" version="2" changeset="102982449" timestamp="2021-04-15T09:29:39Z" user="mana_sa" uid="11585582" lat="3.0644920" lon="101.5986373"/>
 <node id="2210133340" visible="true" version="3" changeset="158437991" timestamp="2024-10-28T03:12:59Z" user="GrabMY_ainayusof" uid="9658463" lat="3.0647003" lon="101.5982032"/>
 <node id="2210133344" visible="true" version="2" changeset="38584655" timestamp="2016-04-15T11:00:04Z" user="RunRunShow" uid="3553413" lat="3.0638407" lon="101.6000107"/>
 <node id="2210133345" visible="true" version="2" changeset="102982449" timestamp="2021-04-15T09:29:39Z" user="mana_sa" uid="11585582" lat="3.0632410" lon="101.5986778"/>
 <node id="2210133346" visible="true" version="1" changeset="15422489" timestamp="2013-03-19T17:19:56Z" user="Samson Cheong" uid="427961" lat="3.0650610" lon="101.5985100"/>
 <node id="2210133349" visible="true" version="2" changeset="20650197" timestamp="2014-02-19T06:27:30Z" user="kucai" uid="536853" lat="3.0645146" lon="101.5992574"/>
 <node id="2210133350" visible="true" version="2" changeset="102982449" timestamp="2021-04-15T09:29:39Z" user="mana_sa" uid="11585582" lat="3.0634393" lon="101.5986765"/>
 <node id="2210133353" visible="true" version="4" changeset="158198446" timestamp="2024-10-22T07:18:39Z" user="GrabMY_ainayusof" uid="9658463" lat="3.0650782" lon="101.6009681"/>
 <node id="2210133354" visible="true" version="1" changeset="15422489" timestamp="2013-03-19T17:19:56Z" user="Samson Cheong" uid="427961" lat="3.0652663" lon="101.6017367"/>
 <node id="2210133359" visible="true" version="4" changeset="152711719" timestamp="2024-06-15T08:54:15Z" user="Zh9567" uid="9940138" lat="3.0648780" lon="101.6005636"/>
 <node id="2210133362" visible="true" version="4" changeset="152711719" timestamp="2024-06-15T08:54:15Z" user="Zh9567" uid="9940138" lat="3.0648816" lon="101.5993137"/>
 <node id="2210133363" visible="true" version="1" changeset="15422489" timestamp="2013-03-19T17:19:56Z" user="Samson Cheong" uid="427961" lat="3.0654022" lon="101.5982305"/>
 <node id="2210133374" visible="true" version="1" changeset="15422489" timestamp="2013-03-19T17:19:56Z" user="Samson Cheong" uid="427961" lat="3.0636628" lon="101.6001464"/>
 <node id="2210133383" visible="true" version="1" changeset="15422489" timestamp="2013-03-19T17:19:56Z" user="Samson Cheong" uid="427961" lat="3.0641985" lon="101.5995697"/>
 <node id="2210133388" visible="true" version="2" changeset="78356262" timestamp="2019-12-13T07:17:56Z" user="Arma IRM-ED" uid="8072037" lat="3.0646164" lon="101.5992074"/>
 <node id="2210133394" visible="true" version="5" changeset="81439259" timestamp="2020-02-25T06:59:15Z" user="Peter Jolly" uid="267154" lat="3.0644459" lon="101.5995841"/>
 <node id="2210133404" visible="true" version="1" changeset="15422489" timestamp="2013-03-19T17:19:57Z" user="Samson Cheong" uid="427961" lat="3.0633092" lon="101.5985644"/>
 <node id="2210133406" visible="true" version="2" changeset="81294267" timestamp="2020-02-21T00:15:36Z" user="Robuster" uid="6575994" lat="3.0626751" lon="101.6013326"/>
 <node id="2210133414" visible="true" version="1" changeset="15422489" timestamp="2013-03-19T17:19:57Z" user="Samson Cheong" uid="427961" lat="3.0645895" lon="101.5997521"/>
 <node id="2210133416" visible="true" version="2" changeset="38584655" timestamp="2016-04-15T11:00:01Z" user="RunRunShow" uid="3553413" lat="3.0622573" lon="101.5990614"/>
 <node id="2210133422" visible="true" version="3" changeset="158437991" timestamp="2024-10-28T03:12:59Z" user="GrabMY_ainayusof" uid="9658463" lat="3.0647139" lon="101.5981443"/>
 <node id="2210133423" visible="true" version="1" changeset="15422489" timestamp="2013-03-19T17:19:57Z" user="Samson Cheong" uid="427961" lat="3.0632530" lon="101.6001893"/>
 <node id="2210133427" visible="true" version="7" changeset="152711719" timestamp="2024-06-15T08:54:15Z" user="Zh9567" uid="9940138" lat="3.0649192" lon="101.6002062"/>
 <node id="2210133431" visible="true" version="1" changeset="15422489" timestamp="2013-03-19T17:19:57Z" user="Samson Cheong" uid="427961" lat="3.0652323" lon="101.5991084"/>
 <node id="2210133432" visible="true" version="1" changeset="15422489" timestamp="2013-03-19T17:19:57Z" user="Samson Cheong" uid="427961" lat="3.0637351" lon="101.5982206"/>
 <node id="2210133436" visible="true" version="1" changeset="15422489" timestamp="2013-03-19T17:19:57Z" user="Samson Cheong" uid="427961" lat="3.0650261" lon="101.5978880"/>
 <node id="2210133438" visible="true" version="2" changeset="102982449" timestamp="2021-04-15T09:29:39Z" user="mana_sa" uid="11585582" lat="3.0644929" lon="101.5984925"/>
 <node id="2210133471" visible="true" version="3" changeset="158437991" timestamp="2024-10-28T03:12:59Z" user="GrabMY_ainayusof" uid="9658463" lat="3.0647019" lon="101.5981729"/>
 <node id="2210133473" visible="true" version="2" changeset="38584655" timestamp="2016-04-15T11:00:01Z" user="RunRunShow" uid="3553413" lat="3.0623578" lon="101.5986515"/>
 <node id="2210133476" visible="true" version="2" changeset="152705603" timestamp="2024-06-15T04:55:08Z" user="Zh9567" uid="9940138" lat="3.0656202" lon="101.6031109"/>
 <node id="2210133479" visible="true" version="2" changeset="102982449" timestamp="2021-04-15T09:29:39Z" user="mana_sa" uid="11585582" lat="3.0634362" lon="101.5981892"/>
 <node id="2210133483" visible="true" version="3" changeset="158437991" timestamp="2024-10-28T03:12:59Z" user="GrabMY_ainayusof" uid="9658463" lat="3.0647929" lon="101.5981024"/>
 <node id="2210133494" visible="true" version="1" changeset="15422489" timestamp="2013-03-19T17:19:58Z" user="Samson Cheong" uid="427961" lat="3.0653063" lon="101.5984028"/>
 <node id="2210133496" visible="true" version="1" changeset="15422489" timestamp="2013-03-19T17:19:58Z" user="Samson Cheong" uid="427961" lat="3.0632130" lon="101.6009454"/>
 <node id="2210133501" visible="true" version="4" changeset="187270065" timestamp="2026-08-11T08:16:25Z" user="Zh9567" uid="9940138" lat="3.0652799" lon="101.5988951">
  <tag k="highway" v="traffic_signals"/>
  <tag k="ref" v="J 6A"/>
  <tag k="traffic_signals" v="signal"/>
 </node>
 <node id="2210133502" visible="true" version="2" changeset="102982449" timestamp="2021-04-15T09:29:39Z" user="mana_sa" uid="11585582" lat="3.0644811" lon="101.5986698"/>
 <node id="2210133509" visible="true" version="2" changeset="152705603" timestamp="2024-06-15T04:55:08Z" user="Zh9567" uid="9940138" lat="3.0656277" lon="101.6028325"/>
 <node id="2210133510" visible="true" version="2" changeset="81294267" timestamp="2020-02-21T00:15:36Z" user="Robuster" uid="6575994" lat="3.0625833" lon="101.6011894"/>
 <node id="2210133517" visible="true" version="2" changeset="38584655" timestamp="2016-04-15T11:00:01Z" user="RunRunShow" uid="3553413" lat="3.0621056" lon="101.5990961"/>
 <node id="2210133519" visible="true" version="5" changeset="152397147" timestamp="2024-06-08T01:25:06Z" user="nathanielcwm" uid="21303943" lat="3.0629416" lon="101.6003470">
  <tag k="crossing:markings" v="no"/>
  <tag k="highway" v="crossing"/>
 </node>
 <node id="2210133522" visible="true" version="2" changeset="102982449" timestamp="2021-04-15T09:29:39Z" user="mana_sa" uid="11585582" lat="3.0632222" lon="101.5986644"/>
 <node id="2210133523" visible="true" version="1" changeset="15422489" timestamp="2013-03-19T17:19:59Z" user="Samson Cheong" uid="427961" lat="3.0640431" lon="101.5982581"/>
 <node id="2210133526" visible="true" version="1" changeset="15422489" timestamp="2013-03-19T17:19:59Z" user="Samson Cheong" uid="427961" lat="3.0635824" lon="101.5982474"/>
 <node id="2210133534" visible="true" version="1" changeset="15422489" timestamp="2013-03-19T17:19:59Z" user="Samson Cheong" uid="427961" lat="3.0632851" lon="101.6010099"/>
 <node id="2210133540" visible="true" version="2" changeset="152705603" timestamp="2024-06-15T04:55:08Z" user="Zh9567" uid="9940138" lat="3.0656936" lon="101.6018727"/>
 <node id="2210133542" visible="true" version="1" changeset="15422489" timestamp="2013-03-19T17:19:59Z" user="Samson Cheong" uid="427961" lat="3.0632289" lon="101.6009804"/>
 <node id="2210133550" visible="true" version="2" changeset="102982449" timestamp="2021-04-15T09:29:39Z" user="mana_sa" uid="11585582" lat="3.0641919" lon="101.5986717"/>
 <node id="2210133552" visible="true" version="5" changeset="114505950" timestamp="2021-12-03T04:29:44Z" user="Peter Jolly" uid="267154" lat="3.0650356" lon="101.5993778"/>
 <node id="2210133554" visible="true" version="3" changeset="158437991" timestamp="2024-10-28T03:12:59Z" user="GrabMY_ainayusof" uid="9658463" lat="3.0647622" lon="101.5981068"/>
 <node id="2210133561" visible="true" version="1" changeset="15422489" timestamp="2013-03-19T17:19:59Z" user="Samson Cheong" uid="427961" lat="3.0650609" lon="101.5980060"/>
 <node id="2210133562" visible="true" version="5" changeset="187270065" timestamp="2026-08-11T08:16:25Z" user="Zh9567" uid="9940138" lat="3.0653762" lon="101.5988990">
  <tag k="highway" v="traffic_signals"/>
  <tag k="ref" v="J 6A"/>
  <tag k="traffic_signals" v="signal"/>
 </node>
 <node id="2210133563" visible="true" version="3" changeset="158437991" timestamp="2024-10-28T03:12:59Z" user="GrabMY_ainayusof" uid="9658463" lat="3.0648232" lon="101.5981087"/>
 <node id="2210133564" visible="true" version="2" changeset="38584655" timestamp="2016-04-15T11:00:04Z" user="RunRunShow" uid="3553413" lat="3.0633473" lon="101.6001318"/>
 <node id="2210133573" visible="true" version="4" changeset="187270065" timestamp="2026-08-11T08:16:25Z" user="Zh9567" uid="9940138" lat="3.0653725" lon="101.5989941">
  <tag k="highway" v="traffic_signals"/>
  <tag k="ref" v="J 6A"/>
  <tag k="traffic_signals" v="signal"/>
 </node>
 <node id="2210133575" visible="true" version="1" changeset="15422489" timestamp="2013-03-19T17:20:00Z" user="Samson Cheong" uid="427961" lat="3.0644235" lon="101.5987516"/>
 <node id="2210133576" visible="true" version="2" changeset="20650197" timestamp="2014-02-19T06:27:31Z" user="kucai" uid="536853" lat="3.0646166" lon="101.5992569"/>
 <node id="2210133577" visible="true" version="2" changeset="102982449" timestamp="2021-04-15T09:29:39Z" user="mana_sa" uid="11585582" lat="3.0634981" lon="101.5980690"/>
 <node id="2210133597" visible="true" version="1" changeset="15422489" timestamp="2013-03-19T17:20:00Z" user="Samson Cheong" uid="427961" lat="3.0689868" lon="101.6028738"/>
 <node id="2210133598" visible="true" version="3" changeset="152711719" timestamp="2024-06-15T08:54:15Z" user="Zh9567" uid="9940138" lat="3.0650850" lon="101.6005648"/>
 <node id="2210133601" visible="true" version="2" changeset="158437991" timestamp="2024-10-28T03:12:59Z" user="GrabMY_ainayusof" uid="9658463" lat="3.0644944" lon="101.5981749"/>
 <node id="2210133602" visible="true" version="2" changeset="59316526" timestamp="2018-05-27T15:54:54Z" user="kucai" uid="536853" lat="3.0642614" lon="101.5992062"/>
 <node id="2210133615" visible="true" version="2" changeset="38584655" timestamp="2016-04-15T11:00:04Z" user="RunRunShow" uid="3553413" lat="3.0641554" lon="101.5995167"/>
 <node id="2210133618" visible="true" version="3" changeset="78307770" timestamp="2019-12-12T09:29:40Z" user="DiahW IRM-ED" uid="7561020" lat="3.0651735" lon="101.6008846"/>
 <node id="2210133620" visible="true" version="3" changeset="158437991" timestamp="2024-10-28T03:12:59Z" user="GrabMY_ainayusof" uid="9658463" lat="3.0648799" lon="101.5982021"/>
 <node id="2210133623" visible="true" version="2" changeset="152705603" timestamp="2024-06-15T04:55:08Z" user="Zh9567" uid="9940138" lat="3.0656921" lon="101.6020954"/>
 <node id="2210133627" visible="true" version="2" changeset="79750008" timestamp="2020-01-19T09:42:13Z" user="deepspacebeaver" uid="10674370" lat="3.0650862" lon="101.6012858"/>
 <node id="2210133633" visible="true" version="2" changeset="177639092" timestamp="2026-01-24T09:51:57Z" user="Zh9567" uid="9940138" lat="3.0654574" lon="101.6017474">
  <tag k="crossing" v="uncontrolled"/>
  <tag k="crossing:markings" v="yes"/>
  <tag k="highway" v="crossing"/>
 </node>
 <node id="2210133642" visible="true" version="2" changeset="102982449" timestamp="2021-04-15T09:29:39Z" user="mana_sa" uid="11585582" lat="3.0637339" lon="101.5977981"/>
 <node id="2210133645" visible="true" version="3" changeset="81294749" timestamp="2020-02-21T00:54:44Z" user="Robuster" uid="6575994" lat="3.0643539" lon="101.5999784"/>
 <node id="2210133650" visible="true" version="3" changeset="158437991" timestamp="2024-10-28T03:12:59Z" user="GrabMY_ainayusof" uid="9658463" lat="3.0648793" lon="101.5981784"/>
 <node id="2210133665" visible="true" version="2" changeset="102982449" timestamp="2021-04-15T09:29:39Z" user="mana_sa" uid="11585582" lat="3.0632195" lon="101.5985652"/>
 <node id="2210133677" visible="true" version="1" changeset="15422489" timestamp="2013-03-19T17:20:01Z" user="Samson Cheong" uid="427961" lat="3.0644958" lon="101.5996529"/>
 <node id="2210133680" visible="true" version="2" changeset="20650197" timestamp="2014-02-19T06:27:31Z" user="kucai" uid="536853" lat="3.0645521" lon="101.5992572"/>
 <node id="2210133683" visible="true" version="1" changeset="15422489" timestamp="2013-03-19T17:20:01Z" user="Samson Cheong" uid="427961" lat="3.0650584" lon="101.5986199"/>
 <node id="2210133687" visible="true" version="1" changeset="15422489" timestamp="2013-03-19T17:20:01Z" user="Samson Cheong" uid="427961" lat="3.0629960" lon="101.6002510"/>
 <node id="2210133690" visible="true" version="3" changeset="158437991" timestamp="2024-10-28T03:12:59Z" user="GrabMY_ainayusof" uid="9658463" lat="3.0648366" lon="101.5982704"/>
 <node id="2210133696" visible="true" version="1" changeset="15422489" timestamp="2013-03-19T17:20:01Z" user="Samson Cheong" uid="427961" lat="3.0650555" lon="101.5982259"/>
 <node id="2210133710" visible="true" version="3" changeset="158437991" timestamp="2024-10-28T03:12:59Z" user="GrabMY_ainayusof" uid="9658463" lat="3.0648088" lon="101.5982813"/>
 <node id="2210133716" visible="true" version="3" changeset="158437991" timestamp="2024-10-28T03:12:59Z" user="GrabMY_ainayusof" uid="9658463" lat="3.0648593" lon="101.5982510"/>
 <node id="2210133725" visible="true" version="1" changeset="15422489" timestamp="2013-03-19T17:20:02Z" user="Samson Cheong" uid="427961" lat="3.0632021" lon="101.6008062"/>
 <node id="2210133727" visible="true" version="1" changeset="15422489" timestamp="2013-03-19T17:20:02Z" user="Samson Cheong" uid="427961" lat="3.0631031" lon="101.6007094"/>
 <node id="2210133730" visible="true" version="3" changeset="130313565" timestamp="2022-12-21T04:21:48Z" user="kucai" uid="536853" lat="3.0651499" lon="101.5977594"/>
 <node id="2210948308" visible="true" version="3" changeset="133693581" timestamp="2023-03-15T05:29:35Z" user="MascarinPeak" uid="16408159" lat="3.0620880" lon="101.5980220"/>
 <node id="2287654052" visible="true" version="1" changeset="15929060" timestamp="2013-05-01T05:46:43Z" user="Samson Cheong" uid="427961" lat="3.0220919" lon="101.5849279"/>
 <node id="2287654760" visible="true" version="1" changeset="15929060" timestamp="2013-05-01T05:46:59Z" user="Samson Cheong" uid="427961" lat="3.0217831" lon="101.5859198"/>
 <node id="2288904472" visible="true" version="1" changeset="15944387" timestamp="2013-05-02T10:09:26Z" user="Samson Cheong" uid="427961" lat="3.0252486" lon="101.5882204"/>
 <node id="2288904775" visible="true" version="2" changeset="95713539" timestamp="2020-12-12T07:20:58Z" user="angys" uid="3191182" lat="3.0316555" lon="101.5977848"/>
 <node id="2288905142" visible="true" version="1" changeset="15944387" timestamp="2013-05-02T10:09:33Z" user="Samson Cheong" uid="427961" lat="3.0228532" lon="101.5879196"/>
 <node id="2288905657" visible="true" version="2" changeset="95190329" timestamp="2020-12-03T04:14:41Z" user="kucai" uid="536853" lat="3.0284014" lon="101.5892293"/>
 <node id="2288905899" visible="true" version="1" changeset="15944387" timestamp="2013-05-02T10:09:44Z" user="Samson Cheong" uid="427961" lat="3.0206942" lon="101.5894272"/>
 <node id="2288905959" visible="true" version="1" changeset="15944387" timestamp="2013-05-02T10:09:45Z" user="Samson Cheong" uid="427961" lat="3.0264971" lon="101.5894416"/>
 <node id="2288906544" visible="true" version="1" changeset="15944387" timestamp="2013-05-02T10:09:59Z" user="Samson Cheong" uid="427961" lat="3.0208585" lon="101.5886388"/>
 <node id="2288906786" visible="true" version="2" changeset="95713539" timestamp="2020-12-12T07:20:58Z" user="angys" uid="3191182" lat="3.0216700" lon="101.5917267"/>
 <node id="2302498734" visible="true" version="4" changeset="183080109" timestamp="2026-05-23T18:35:41Z" user="angys" uid="3191182" lat="3.0736020" lon="101.6062362"/>
 <node id="2309133385" visible="true" version="2" changeset="95713539" timestamp="2020-12-12T07:20:58Z" user="angys" uid="3191182" lat="3.0377413" lon="101.5995961"/>
 <node id="2319640781" visible="true" version="1" changeset="16279855" timestamp="2013-05-25T14:22:44Z" user="Samson Cheong" uid="427961" lat="3.0576632" lon="101.5943555"/>
 <node id="2354408102" visible="true" version="1" changeset="16639028" timestamp="2013-06-21T05:40:34Z" user="gvmsia" uid="546475" lat="3.0731802" lon="101.5982707"/>
 <node id="2530919387" visible="true" version="2" changeset="95711055" timestamp="2020-12-12T03:52:21Z" user="angys" uid="3191182" lat="3.0833645" lon="101.5932741"/>
 <node id="2530919395" visible="true" version="3" changeset="95711055" timestamp="2020-12-12T03:52:21Z" user="angys" uid="3191182" lat="3.0824418" lon="101.5989734"/>
 <node id="2575458371" visible="true" version="3" changeset="96440068" timestamp="2020-12-26T04:47:42Z" user="angys" uid="3191182" lat="3.0713965" lon="101.5981791"/>
 <node id="2575458374" visible="true" version="4" changeset="96440068" timestamp="2020-12-26T04:47:42Z" user="angys" uid="3191182" lat="3.0724219" lon="101.5972345"/>
 <node id="2680075758" visible="true" version="2" changeset="102982449" timestamp="2021-04-15T09:29:39Z" user="mana_sa" uid="11585582" lat="3.0644199" lon="101.5986719"/>
 <node id="2788343720" visible="true" version="3" changeset="178589664" timestamp="2026-02-15T16:26:20Z" user="Tembikai" uid="5259280" lat="3.0625973" lon="101.5968967"/>
 <node id="2788343721" visible="true" version="1" changeset="21667065" timestamp="2014-04-13T15:16:28Z" user="miezarnd" uid="1818057" lat="3.0623316" lon="101.5984098"/>
 <node id="3747464201" visible="true" version="1" changeset="34080376" timestamp="2015-09-17T10:32:53Z" user="Jarmas" uid="2907589" lat="3.0644415" lon="101.5996770"/>
 <node id="3747464202" visible="true" version="1" changeset="34080376" timestamp="2015-09-17T10:32:53Z" user="Jarmas" uid="2907589" lat="3.0643517" lon="101.5998862"/>
 <node id="3747464203" visible="true" version="1" changeset="34080376" timestamp="2015-09-17T10:32:53Z" user="Jarmas" uid="2907589" lat="3.0641643" lon="101.5997907"/>
 <node id="3747464204" visible="true" version="3" changeset="81439259" timestamp="2020-02-25T06:59:15Z" user="Peter Jolly" uid="267154" lat="3.0642409" lon="101.5995649"/>
 <node id="3747464205" visible="true" version="1" changeset="34080376" timestamp="2015-09-17T10:32:53Z" user="Jarmas" uid="2907589" lat="3.0648162" lon="101.5992770"/>
 <node id="3747464206" visible="true" version="1" changeset="34080376" timestamp="2015-09-17T10:32:53Z" user="Jarmas" uid="2907589" lat="3.0648126" lon="101.6002522"/>
 <node id="3747464207" visible="true" version="1" changeset="34080376" timestamp="2015-09-17T10:32:53Z" user="Jarmas" uid="2907589" lat="3.0646200" lon="101.6002540"/>
 <node id="3747464208" visible="true" version="1" changeset="34080376" timestamp="2015-09-17T10:32:53Z" user="Jarmas" uid="2907589" lat="3.0646237" lon="101.5992788"/>
 <node id="3832218739" visible="true" version="3" changeset="145627298" timestamp="2023-12-28T16:18:32Z" user="mataharimau" uid="17227421" lat="3.0829944" lon="101.6123942"/>
 <node id="3832218746" visible="true" version="3" changeset="145627298" timestamp="2023-12-28T16:18:32Z" user="mataharimau" uid="17227421" lat="3.0827883" lon="101.6119701"/>
 <node id="3832218747" visible="true" version="3" changeset="145627298" timestamp="2023-12-28T16:18:32Z" user="mataharimau" uid="17227421" lat="3.0827104" lon="101.6119459"/>
 <node id="3832218748" visible="true" version="3" changeset="145627298" timestamp="2023-12-28T16:18:32Z" user="mataharimau" uid="17227421" lat="3.0809483" lon="101.6118861"/>
 <node id="3832218749" visible="true" version="3" changeset="81514980" timestamp="2020-02-26T17:28:02Z" user="Nathan_Rose" uid="10068986" lat="3.0807505" lon="101.6103882"/>
 <node id="3832218750" visible="true" version="2" changeset="81514941" timestamp="2020-02-26T17:26:48Z" user="Nathan_Rose" uid="10068986" lat="3.0793491" lon="101.6102345"/>
 <node id="3832218752" visible="true" version="2" changeset="53908924" timestamp="2017-11-18T19:05:09Z" user="Tembikai" uid="5259280" lat="3.0744680" lon="101.6103446"/>
 <node id="3832218753" visible="true" version="2" changeset="53908924" timestamp="2017-11-18T19:05:09Z" user="Tembikai" uid="5259280" lat="3.0742042" lon="101.6104875"/>
 <node id="3832218754" visible="true" version="2" changeset="53908924" timestamp="2017-11-18T19:05:09Z" user="Tembikai" uid="5259280" lat="3.0738831" lon="101.6106827"/>
 <node id="3832218755" visible="true" version="1" changeset="35256113" timestamp="2015-11-12T08:38:14Z" user="Lee S" uid="2940103" lat="3.0737076" lon="101.6107417"/>
 <node id="3832218756" visible="true" version="2" changeset="143190903" timestamp="2023-10-27T03:57:04Z" user="kucai" uid="536853" lat="3.0723801" lon="101.6107375"/>
 <node id="3832219157" visible="true" version="2" changeset="143190903" timestamp="2023-10-27T03:57:04Z" user="kucai" uid="536853" lat="3.0710201" lon="101.6107333"/>
 <node id="3832219160" visible="true" version="2" changeset="143190903" timestamp="2023-10-27T03:57:04Z" user="kucai" uid="536853" lat="3.0672365" lon="101.6107215"/>
 <node id="3832219161" visible="true" version="1" changeset="35256113" timestamp="2015-11-12T08:38:14Z" user="Lee S" uid="2940103" lat="3.0659050" lon="101.6107173"/>
 <node id="3832219162" visible="true" version="1" changeset="35256113" timestamp="2015-11-12T08:38:14Z" user="Lee S" uid="2940103" lat="3.0657120" lon="101.6106528"/>
 <node id="3832219163" visible="true" version="1" changeset="35256113" timestamp="2015-11-12T08:38:14Z" user="Lee S" uid="2940103" lat="3.0655837" lon="101.6105337"/>
 <node id="3832219164" visible="true" version="1" changeset="35256113" timestamp="2015-11-12T08:38:14Z" user="Lee S" uid="2940103" lat="3.0655115" lon="101.6103749"/>
 <node id="3832219165" visible="true" version="1" changeset="35256113" timestamp="2015-11-12T08:38:14Z" user="Lee S" uid="2940103" lat="3.0654951" lon="101.6100223"/>
 <node id="3832219166" visible="true" version="1" changeset="35256113" timestamp="2015-11-12T08:38:14Z" user="Lee S" uid="2940103" lat="3.0654858" lon="101.6092448"/>
 <node id="3832219167" visible="true" version="1" changeset="35256113" timestamp="2015-11-12T08:38:14Z" user="Lee S" uid="2940103" lat="3.0654905" lon="101.6082734"/>
 <node id="3832219168" visible="true" version="1" changeset="35256113" timestamp="2015-11-12T08:38:14Z" user="Lee S" uid="2940103" lat="3.0655045" lon="101.6070382"/>
 <node id="3832219169" visible="true" version="1" changeset="35256113" timestamp="2015-11-12T08:38:14Z" user="Lee S" uid="2940103" lat="3.0655021" lon="101.6064591"/>
 <node id="3832219170" visible="true" version="1" changeset="35256113" timestamp="2015-11-12T08:38:14Z" user="Lee S" uid="2940103" lat="3.0654905" lon="101.6056699"/>
 <node id="3832219171" visible="true" version="1" changeset="35256113" timestamp="2015-11-12T08:38:14Z" user="Lee S" uid="2940103" lat="3.0654462" lon="101.6050488"/>
 <node id="3832219172" visible="true" version="1" changeset="35256113" timestamp="2015-11-12T08:38:14Z" user="Lee S" uid="2940103" lat="3.0653972" lon="101.6042502"/>
 <node id="3832219173" visible="true" version="1" changeset="35256113" timestamp="2015-11-12T08:38:14Z" user="Lee S" uid="2940103" lat="3.0653273" lon="101.6033116"/>
 <node id="3832219174" visible="true" version="1" changeset="35256113" timestamp="2015-11-12T08:38:14Z" user="Lee S" uid="2940103" lat="3.0653203" lon="101.6026297"/>
 <node id="3832219175" visible="true" version="1" changeset="35256113" timestamp="2015-11-12T08:38:14Z" user="Lee S" uid="2940103" lat="3.0653179" lon="101.6021557"/>
 <node id="3832219176" visible="true" version="1" changeset="35256113" timestamp="2015-11-12T08:38:14Z" user="Lee S" uid="2940103" lat="3.0653133" lon="101.6011634"/>
 <node id="3832219177" visible="true" version="1" changeset="35256113" timestamp="2015-11-12T08:38:14Z" user="Lee S" uid="2940103" lat="3.0653109" lon="101.6004255"/>
 <node id="3832219178" visible="true" version="1" changeset="35256113" timestamp="2015-11-12T08:38:14Z" user="Lee S" uid="2940103" lat="3.0653226" lon="101.5997367"/>
 <node id="3832219179" visible="true" version="1" changeset="35256113" timestamp="2015-11-12T08:38:14Z" user="Lee S" uid="2940103" lat="3.0653203" lon="101.5993140"/>
 <node id="3832219180" visible="true" version="1" changeset="35256113" timestamp="2015-11-12T08:38:14Z" user="Lee S" uid="2940103" lat="3.0653109" lon="101.5991389"/>
 <node id="3832219181" visible="true" version="1" changeset="35256113" timestamp="2015-11-12T08:38:14Z" user="Lee S" uid="2940103" lat="3.0652410" lon="101.5989451"/>
 <node id="3832219182" visible="true" version="1" changeset="35256113" timestamp="2015-11-12T08:38:14Z" user="Lee S" uid="2940103" lat="3.0651197" lon="101.5988003"/>
 <node id="3832219183" visible="true" version="2" changeset="95718476" timestamp="2020-12-12T11:12:25Z" user="angys" uid="3191182" lat="3.0649497" lon="101.5987259"/>
 <node id="3832219184" visible="true" version="2" changeset="95718476" timestamp="2020-12-12T11:12:25Z" user="angys" uid="3191182" lat="3.0647610" lon="101.5987098"/>
 <node id="3832219185" visible="true" version="2" changeset="95718476" timestamp="2020-12-12T11:12:25Z" user="angys" uid="3191182" lat="3.0631469" lon="101.5987099"/>
 <node id="3832219187" visible="true" version="2" changeset="95718476" timestamp="2020-12-12T11:12:25Z" user="angys" uid="3191182" lat="3.0628020" lon="101.5986813"/>
 <node id="3832219188" visible="true" version="3" changeset="95718476" timestamp="2020-12-12T11:12:25Z" user="angys" uid="3191182" lat="3.0625898" lon="101.5986582"/>
 <node id="3832219189" visible="true" version="2" changeset="95718476" timestamp="2020-12-12T11:12:25Z" user="angys" uid="3191182" lat="3.0623028" lon="101.5985719"/>
 <node id="3832219190" visible="true" version="2" changeset="95718476" timestamp="2020-12-12T11:12:25Z" user="angys" uid="3191182" lat="3.0619904" lon="101.5984597"/>
 <node id="3832219191" visible="true" version="2" changeset="95718476" timestamp="2020-12-12T11:12:25Z" user="angys" uid="3191182" lat="3.0618319" lon="101.5983756"/>
 <node id="3832219192" visible="true" version="1" changeset="35256113" timestamp="2015-11-12T08:38:14Z" user="Lee S" uid="2940103" lat="3.0617272" lon="101.5982469"/>
 <node id="3832219193" visible="true" version="1" changeset="35256113" timestamp="2015-11-12T08:38:14Z" user="Lee S" uid="2940103" lat="3.0616712" lon="101.5981465"/>
 <node id="3832219194" visible="true" version="1" changeset="35256113" timestamp="2015-11-12T08:38:14Z" user="Lee S" uid="2940103" lat="3.0616106" lon="101.5979878"/>
 <node id="3832219195" visible="true" version="1" changeset="35256113" timestamp="2015-11-12T08:38:14Z" user="Lee S" uid="2940103" lat="3.0616153" lon="101.5976375"/>
 <node id="3832219196" visible="true" version="1" changeset="35256113" timestamp="2015-11-12T08:38:14Z" user="Lee S" uid="2940103" lat="3.0616223" lon="101.5971145"/>
 <node id="3832219197" visible="true" version="1" changeset="35256113" timestamp="2015-11-12T08:38:14Z" user="Lee S" uid="2940103" lat="3.0616246" lon="101.5964256"/>
 <node id="3832219198" visible="true" version="3" changeset="148142208" timestamp="2024-03-02T18:28:26Z" user="nabilersyad" uid="11419275" lat="3.0616085" lon="101.5952491"/>
 <node id="3832219199" visible="true" version="1" changeset="35256113" timestamp="2015-11-12T08:38:14Z" user="Lee S" uid="2940103" lat="3.0615756" lon="101.5944362"/>
 <node id="3832219200" visible="true" version="2" changeset="35256317" timestamp="2015-11-12T08:52:40Z" user="Lee S" uid="2940103" lat="3.0611849" lon="101.5940932"/>
 <node id="3832219201" visible="true" version="3" changeset="35256334" timestamp="2015-11-12T08:54:09Z" user="Lee S" uid="2940103" lat="3.0590739" lon="101.5940782"/>
 <node id="3832226483" visible="true" version="1" changeset="35256317" timestamp="2015-11-12T08:52:39Z" user="Lee S" uid="2940103" lat="3.0615080" lon="101.5943089"/>
 <node id="3832226484" visible="true" version="1" changeset="35256317" timestamp="2015-11-12T08:52:39Z" user="Lee S" uid="2940103" lat="3.0613911" lon="101.5941949"/>
 <node id="3977912911" visible="true" version="4" changeset="56612919" timestamp="2018-02-23T15:26:25Z" user="RunRunShow" uid="3553413" lat="3.0614340" lon="101.5990205"/>
 <node id="3977912912" visible="true" version="4" changeset="56612919" timestamp="2018-02-23T15:26:25Z" user="RunRunShow" uid="3553413" lat="3.0620551" lon="101.5982031"/>
 <node id="3977912913" visible="true" version="2" changeset="47078785" timestamp="2017-03-22T20:48:34Z" user="Tembikai" uid="5259280" lat="3.0624081" lon="101.5972785"/>
 <node id="3977912914" visible="true" version="3" changeset="47078785" timestamp="2017-03-22T20:48:34Z" user="Tembikai" uid="5259280" lat="3.0624417" lon="101.5970747"/>
 <node id="3977912915" visible="true" version="2" changeset="178589664" timestamp="2026-02-15T16:26:20Z" user="Tembikai" uid="5259280" lat="3.0624701" lon="101.5969248"/>
 <node id="3977912917" visible="true" version="2" changeset="178589664" timestamp="2026-02-15T16:26:20Z" user="Tembikai" uid="5259280" lat="3.0631125" lon="101.5947256"/>
 <node id="3977912918" visible="true" version="2" changeset="178589664" timestamp="2026-02-15T16:26:20Z" user="Tembikai" uid="5259280" lat="3.0631104" lon="101.5951233"/>
 <node id="3977912919" visible="true" version="2" changeset="178589664" timestamp="2026-02-15T16:26:20Z" user="Tembikai" uid="5259280" lat="3.0629500" lon="101.5962486"/>
 <node id="3977912920" visible="true" version="2" changeset="38584655" timestamp="2016-04-15T11:00:02Z" user="RunRunShow" uid="3553413" lat="3.0628880" lon="101.5971362"/>
 <node id="3977912922" visible="true" version="2" changeset="38584655" timestamp="2016-04-15T11:00:02Z" user="RunRunShow" uid="3553413" lat="3.0625146" lon="101.5984204"/>
 <node id="3977912923" visible="true" version="2" changeset="38584655" timestamp="2016-04-15T11:00:02Z" user="RunRunShow" uid="3553413" lat="3.0621333" lon="101.5992230"/>
 <node id="3977912924" visible="true" version="2" changeset="38584655" timestamp="2016-04-15T11:00:01Z" user="RunRunShow" uid="3553413" lat="3.0617485" lon="101.5995494"/>
 <node id="3977912926" visible="true" version="2" changeset="38584655" timestamp="2016-04-15T11:00:01Z" user="RunRunShow" uid="3553413" lat="3.0608913" lon="101.6005910"/>
 <node id="3977912927" visible="true" version="2" changeset="38584655" timestamp="2016-04-15T11:00:01Z" user="RunRunShow" uid="3553413" lat="3.0605702" lon="101.6012193"/>
 <node id="3977912928" visible="true" version="2" changeset="38584655" timestamp="2016-04-15T11:00:01Z" user="RunRunShow" uid="3553413" lat="3.0604486" lon="101.6015337"/>
 <node id="3977912929" visible="true" version="2" changeset="38584655" timestamp="2016-04-15T11:00:01Z" user="RunRunShow" uid="3553413" lat="3.0600855" lon="101.6027647"/>
 <node id="3977912930" visible="true" version="2" changeset="38584655" timestamp="2016-04-15T11:00:01Z" user="RunRunShow" uid="3553413" lat="3.0598910" lon="101.6035538"/>
 <node id="3977912931" visible="true" version="2" changeset="38584655" timestamp="2016-04-15T11:00:02Z" user="RunRunShow" uid="3553413" lat="3.0597100" lon="101.6042556"/>
 <node id="3977912932" visible="true" version="2" changeset="38584655" timestamp="2016-04-15T11:00:02Z" user="RunRunShow" uid="3553413" lat="3.0593596" lon="101.6056350"/>
 <node id="3977912933" visible="true" version="1" changeset="36898063" timestamp="2016-01-30T13:26:38Z" user="CloCkWeRX" uid="172061" lat="3.0593059" lon="101.6063020"/>
 <node id="3977912934" visible="true" version="2" changeset="178589664" timestamp="2026-02-15T16:26:20Z" user="Tembikai" uid="5259280" lat="3.0595995" lon="101.6068312"/>
 <node id="3977912935" visible="true" version="2" changeset="178589664" timestamp="2026-02-15T16:26:20Z" user="Tembikai" uid="5259280" lat="3.0599728" lon="101.6070480"/>
 <node id="3977912936" visible="true" version="3" changeset="178589664" timestamp="2026-02-15T16:26:20Z" user="Tembikai" uid="5259280" lat="3.0602598" lon="101.6071737"/>
 <node id="3977912937" visible="true" version="3" changeset="178589664" timestamp="2026-02-15T16:26:20Z" user="Tembikai" uid="5259280" lat="3.0603400" lon="101.6075432"/>
 <node id="3977912939" visible="true" version="3" changeset="178589664" timestamp="2026-02-15T16:26:20Z" user="Tembikai" uid="5259280" lat="3.0599245" lon="101.6085896"/>
 <node id="3977912940" visible="true" version="3" changeset="178589664" timestamp="2026-02-15T16:26:20Z" user="Tembikai" uid="5259280" lat="3.0596777" lon="101.6086288"/>
 <node id="3977912941" visible="true" version="3" changeset="178589664" timestamp="2026-02-15T16:26:20Z" user="Tembikai" uid="5259280" lat="3.0593416" lon="101.6086219"/>
 <node id="3977912943" visible="true" version="4" changeset="178589664" timestamp="2026-02-15T16:26:20Z" user="Tembikai" uid="5259280" lat="3.0590622" lon="101.6091983"/>
 <node id="3977912944" visible="true" version="2" changeset="178589664" timestamp="2026-02-15T16:26:20Z" user="Tembikai" uid="5259280" lat="3.0576229" lon="101.6103308"/>
 <node id="3977912945" visible="true" version="4" changeset="178589664" timestamp="2026-02-15T16:26:20Z" user="Tembikai" uid="5259280" lat="3.0574441" lon="101.6104759"/>
 <node id="3977912946" visible="true" version="4" changeset="178589664" timestamp="2026-02-15T16:26:20Z" user="Tembikai" uid="5259280" lat="3.0564981" lon="101.6116068"/>
 <node id="4123402006" visible="true" version="3" changeset="178589664" timestamp="2026-02-15T16:26:20Z" user="Tembikai" uid="5259280" lat="3.0563691" lon="101.6117375"/>
 <node id="4123402007" visible="true" version="3" changeset="178589664" timestamp="2026-02-15T16:26:20Z" user="Tembikai" uid="5259280" lat="3.0569289" lon="101.6110960"/>
 <node id="4123402008" visible="true" version="3" changeset="178589664" timestamp="2026-02-15T16:26:20Z" user="Tembikai" uid="5259280" lat="3.0572093" lon="101.6107506"/>
 <node id="4123497445" visible="true" version="3" changeset="56612919" timestamp="2018-02-23T15:26:25Z" user="RunRunShow" uid="3553413" lat="3.0616071" lon="101.5988043"/>
 <node id="4123497446" visible="true" version="3" changeset="56612919" timestamp="2018-02-23T15:26:25Z" user="RunRunShow" uid="3553413" lat="3.0622156" lon="101.5979407"/>
 <node id="4123497447" visible="true" version="1" changeset="38584655" timestamp="2016-04-15T10:59:54Z" user="RunRunShow" uid="3553413" lat="3.0629037" lon="101.5987981"/>
 <node id="4123497448" visible="true" version="1" changeset="38584655" timestamp="2016-04-15T10:59:55Z" user="RunRunShow" uid="3553413" lat="3.0637463" lon="101.5988057"/>
 <node id="4123497449" visible="true" version="1" changeset="38584655" timestamp="2016-04-15T10:59:55Z" user="RunRunShow" uid="3553413" lat="3.0621599" lon="101.5985923"/>
 <node id="4123497450" visible="true" version="1" changeset="38584655" timestamp="2016-04-15T10:59:55Z" user="RunRunShow" uid="3553413" lat="3.0618485" lon="101.5985638"/>
 <node id="4123497451" visible="true" version="1" changeset="38584655" timestamp="2016-04-15T10:59:55Z" user="RunRunShow" uid="3553413" lat="3.0615440" lon="101.5985935"/>
 <node id="4123497452" visible="true" version="1" changeset="38584655" timestamp="2016-04-15T10:59:55Z" user="RunRunShow" uid="3553413" lat="3.0612549" lon="101.5987031"/>
 <node id="4123497453" visible="true" version="1" changeset="38584655" timestamp="2016-04-15T10:59:55Z" user="RunRunShow" uid="3553413" lat="3.0610969" lon="101.5988006"/>
 <node id="4123497454" visible="true" version="1" changeset="38584655" timestamp="2016-04-15T10:59:55Z" user="RunRunShow" uid="3553413" lat="3.0609572" lon="101.5989187"/>
 <node id="4123497455" visible="true" version="1" changeset="38584655" timestamp="2016-04-15T10:59:55Z" user="RunRunShow" uid="3553413" lat="3.0608216" lon="101.5990673"/>
 <node id="4123497458" visible="true" version="4" changeset="161952466" timestamp="2025-01-30T20:05:16Z" user="rayth" uid="20026515" lat="3.0598178" lon="101.6028192">
  <tag k="highway" v="motorway_junction"/>
  <tag k="mapillary" v="181905437123676"/>
 </node>
 <node id="4123497463" visible="true" version="3" changeset="187125269" timestamp="2026-08-08T09:52:09Z" user="Zh9567" uid="9940138" lat="3.0637135" lon="101.5990604"/>
 <node id="4123497464" visible="true" version="1" changeset="38584655" timestamp="2016-04-15T10:59:55Z" user="RunRunShow" uid="3553413" lat="3.0626887" lon="101.5990656"/>
 <node id="4123497465" visible="true" version="1" changeset="38584655" timestamp="2016-04-15T10:59:55Z" user="RunRunShow" uid="3553413" lat="3.0615846" lon="101.5997136"/>
 <node id="4123497466" visible="true" version="1" changeset="38584655" timestamp="2016-04-15T10:59:55Z" user="RunRunShow" uid="3553413" lat="3.0611172" lon="101.6002724"/>
 <node id="4123497467" visible="true" version="1" changeset="38584655" timestamp="2016-04-15T10:59:55Z" user="RunRunShow" uid="3553413" lat="3.0607139" lon="101.6009009"/>
 <node id="4123497468" visible="true" version="1" changeset="38584655" timestamp="2016-04-15T10:59:55Z" user="RunRunShow" uid="3553413" lat="3.0603548" lon="101.6018062"/>
 <node id="4123497469" visible="true" version="1" changeset="38584655" timestamp="2016-04-15T10:59:55Z" user="RunRunShow" uid="3553413" lat="3.0602286" lon="101.6022432"/>
 <node id="4123497470" visible="true" version="1" changeset="38584655" timestamp="2016-04-15T10:59:55Z" user="RunRunShow" uid="3553413" lat="3.0599798" lon="101.6031863"/>
 <node id="4123497471" visible="true" version="1" changeset="38584655" timestamp="2016-04-15T10:59:55Z" user="RunRunShow" uid="3553413" lat="3.0593209" lon="101.6058114"/>
 <node id="4123497472" visible="true" version="1" changeset="38584655" timestamp="2016-04-15T10:59:55Z" user="RunRunShow" uid="3553413" lat="3.0592999" lon="101.6060161"/>
 <node id="4123497473" visible="true" version="2" changeset="178589664" timestamp="2026-02-15T16:26:20Z" user="Tembikai" uid="5259280" lat="3.0593293" lon="101.6064103"/>
 <node id="4123497474" visible="true" version="2" changeset="178589664" timestamp="2026-02-15T16:26:20Z" user="Tembikai" uid="5259280" lat="3.0594396" lon="101.6066364"/>
 <node id="4123497475" visible="true" version="2" changeset="178589664" timestamp="2026-02-15T16:26:20Z" user="Tembikai" uid="5259280" lat="3.0597839" lon="101.6069835"/>
 <node id="4123497476" visible="true" version="2" changeset="178589664" timestamp="2026-02-15T16:26:20Z" user="Tembikai" uid="5259280" lat="3.0600276" lon="101.6070608"/>
 <node id="4123497483" visible="true" version="2" changeset="178589664" timestamp="2026-02-15T16:26:20Z" user="Tembikai" uid="5259280" lat="3.0603516" lon="101.6073465"/>
 <node id="4123497485" visible="true" version="2" changeset="178589664" timestamp="2026-02-15T16:26:20Z" user="Tembikai" uid="5259280" lat="3.0603633" lon="101.6074406"/>
 <node id="4123497486" visible="true" version="2" changeset="178589664" timestamp="2026-02-15T16:26:20Z" user="Tembikai" uid="5259280" lat="3.0599993" lon="101.6084761"/>
 <node id="4123497487" visible="true" version="2" changeset="178589664" timestamp="2026-02-15T16:26:20Z" user="Tembikai" uid="5259280" lat="3.0598514" lon="101.6086299"/>
 <node id="4123497488" visible="true" version="1" changeset="38584655" timestamp="2016-04-15T10:59:55Z" user="RunRunShow" uid="3553413" lat="3.0595150" lon="101.6085871"/>
 <node id="4123497989" visible="true" version="2" changeset="178589664" timestamp="2026-02-15T16:26:20Z" user="Tembikai" uid="5259280" lat="3.0594359" lon="101.6085772"/>
 <node id="4123497990" visible="true" version="2" changeset="178589664" timestamp="2026-02-15T16:26:20Z" user="Tembikai" uid="5259280" lat="3.0592962" lon="101.6086777"/>
 <node id="4123497991" visible="true" version="2" changeset="59316526" timestamp="2018-05-27T15:54:54Z" user="kucai" uid="536853" lat="3.0589859" lon="101.6093054"/>
 <node id="4123497992" visible="true" version="1" changeset="38584655" timestamp="2016-04-15T10:59:55Z" user="RunRunShow" uid="3553413" lat="3.0614829" lon="101.5997028"/>
 <node id="4123497994" visible="true" version="2" changeset="125259179" timestamp="2022-08-23T08:33:03Z" user="Samson Cheong" uid="427961" lat="3.0637667" lon="101.5990492"/>
 <node id="4123497995" visible="true" version="2" changeset="129290128" timestamp="2022-11-23T16:58:48Z" user="kucai" uid="536853" lat="3.0621032" lon="101.5987959"/>
 <node id="4123497996" visible="true" version="3" changeset="56612919" timestamp="2018-02-23T15:26:25Z" user="RunRunShow" uid="3553413" lat="3.0617248" lon="101.5990736"/>
 <node id="4123497997" visible="true" version="2" changeset="187125269" timestamp="2026-08-08T09:52:09Z" user="Zh9567" uid="9940138" lat="3.0622687" lon="101.5990278"/>
 <node id="4123497998" visible="true" version="2" changeset="187125269" timestamp="2026-08-08T09:52:09Z" user="Zh9567" uid="9940138" lat="3.0623475" lon="101.5988671"/>
 <node id="4123498000" visible="true" version="1" changeset="38584655" timestamp="2016-04-15T10:59:55Z" user="RunRunShow" uid="3553413" lat="3.0627501" lon="101.5976328"/>
 <node id="4123498003" visible="true" version="1" changeset="38584655" timestamp="2016-04-15T10:59:55Z" user="RunRunShow" uid="3553413" lat="3.0622073" lon="101.5989141"/>
 <node id="4123498004" visible="true" version="1" changeset="38584655" timestamp="2016-04-15T10:59:55Z" user="RunRunShow" uid="3553413" lat="3.0627759" lon="101.5989192"/>
 <node id="4123498005" visible="true" version="1" changeset="38584655" timestamp="2016-04-15T10:59:55Z" user="RunRunShow" uid="3553413" lat="3.0637394" lon="101.5989259"/>
 <node id="4123498006" visible="true" version="1" changeset="38584655" timestamp="2016-04-15T10:59:56Z" user="RunRunShow" uid="3553413" lat="3.0600943" lon="101.6002608"/>
 <node id="4123498007" visible="true" version="1" changeset="38584655" timestamp="2016-04-15T10:59:56Z" user="RunRunShow" uid="3553413" lat="3.0592694" lon="101.6035840"/>
 <node id="4123498008" visible="true" version="1" changeset="38584655" timestamp="2016-04-15T10:59:56Z" user="RunRunShow" uid="3553413" lat="3.0586321" lon="101.6058129"/>
 <node id="4123498019" visible="true" version="1" changeset="38584655" timestamp="2016-04-15T10:59:56Z" user="RunRunShow" uid="3553413" lat="3.0620299" lon="101.6078274"/>
 <node id="4123498020" visible="true" version="1" changeset="38584655" timestamp="2016-04-15T10:59:56Z" user="RunRunShow" uid="3553413" lat="3.0611970" lon="101.6075469"/>
 <node id="4123498028" visible="true" version="2" changeset="87260055" timestamp="2020-06-28T20:03:58Z" user="angys" uid="3191182" lat="3.0615966" lon="101.6077144"/>
 <node id="4123498062" visible="true" version="1" changeset="38584655" timestamp="2016-04-15T10:59:56Z" user="RunRunShow" uid="3553413" lat="3.0644168" lon="101.5989790"/>
 <node id="4123498063" visible="true" version="1" changeset="38584655" timestamp="2016-04-15T10:59:56Z" user="RunRunShow" uid="3553413" lat="3.0642723" lon="101.5990061"/>
 <node id="4123498064" visible="true" version="1" changeset="38584655" timestamp="2016-04-15T10:59:56Z" user="RunRunShow" uid="3553413" lat="3.0642064" lon="101.5990551"/>
 <node id="4123498065" visible="true" version="1" changeset="38584655" timestamp="2016-04-15T10:59:56Z" user="RunRunShow" uid="3553413" lat="3.0641426" lon="101.5991317"/>
 <node id="4123498066" visible="true" version="1" changeset="38584655" timestamp="2016-04-15T10:59:56Z" user="RunRunShow" uid="3553413" lat="3.0641108" lon="101.5992148"/>
 <node id="4123498067" visible="true" version="2" changeset="187270065" timestamp="2026-08-11T08:16:25Z" user="Zh9567" uid="9940138" lat="3.0641066" lon="101.5988701">
  <tag k="ref" v="J 6B"/>
 </node>
 <node id="4123498068" visible="true" version="3" changeset="187270065" timestamp="2026-08-11T08:16:25Z" user="Zh9567" uid="9940138" lat="3.0641086" lon="101.5989740">
  <tag k="highway" v="traffic_signals"/>
  <tag k="ref" v="J 6B"/>
  <tag k="traffic_signals" v="signal"/>
 </node>
 <node id="4123498069" visible="true" version="1" changeset="38584655" timestamp="2016-04-15T10:59:56Z" user="RunRunShow" uid="3553413" lat="3.0641108" lon="101.5994149"/>
 <node id="4123498070" visible="true" version="1" changeset="38584655" timestamp="2016-04-15T10:59:56Z" user="RunRunShow" uid="3553413" lat="3.0641001" lon="101.5995447"/>
 <node id="4123498071" visible="true" version="1" changeset="38584655" timestamp="2016-04-15T10:59:56Z" user="RunRunShow" uid="3553413" lat="3.0640597" lon="101.5996746"/>
 <node id="4123498072" visible="true" version="1" changeset="38584655" timestamp="2016-04-15T10:59:56Z" user="RunRunShow" uid="3553413" lat="3.0640130" lon="101.5997661"/>
 <node id="4123498073" visible="true" version="1" changeset="38584655" timestamp="2016-04-15T10:59:56Z" user="RunRunShow" uid="3553413" lat="3.0639449" lon="101.5998619"/>
 <node id="4123498074" visible="true" version="1" changeset="38584655" timestamp="2016-04-15T10:59:56Z" user="RunRunShow" uid="3553413" lat="3.0638110" lon="101.5999812"/>
 <node id="4123498075" visible="true" version="1" changeset="38584655" timestamp="2016-04-15T10:59:56Z" user="RunRunShow" uid="3553413" lat="3.0635134" lon="101.6001235"/>
 <node id="4123498077" visible="true" version="1" changeset="38584655" timestamp="2016-04-15T10:59:56Z" user="RunRunShow" uid="3553413" lat="3.0635857" lon="101.6000727"/>
 <node id="4123498078" visible="true" version="1" changeset="38584655" timestamp="2016-04-15T10:59:57Z" user="RunRunShow" uid="3553413" lat="3.0634560" lon="101.6000876"/>
 <node id="4123498079" visible="true" version="1" changeset="38584655" timestamp="2016-04-15T10:59:57Z" user="RunRunShow" uid="3553413" lat="3.0631392" lon="101.6000961"/>
 <node id="4123498080" visible="true" version="1" changeset="38584655" timestamp="2016-04-15T10:59:57Z" user="RunRunShow" uid="3553413" lat="3.0629883" lon="101.6001238"/>
 <node id="4123498081" visible="true" version="1" changeset="38584655" timestamp="2016-04-15T10:59:57Z" user="RunRunShow" uid="3553413" lat="3.0628884" lon="101.6001621"/>
 <node id="4123498082" visible="true" version="1" changeset="38584655" timestamp="2016-04-15T10:59:57Z" user="RunRunShow" uid="3553413" lat="3.0627736" lon="101.6002281"/>
 <node id="4123498083" visible="true" version="1" changeset="38584655" timestamp="2016-04-15T10:59:57Z" user="RunRunShow" uid="3553413" lat="3.0626609" lon="101.6003367"/>
 <node id="4123498084" visible="true" version="1" changeset="38584655" timestamp="2016-04-15T10:59:57Z" user="RunRunShow" uid="3553413" lat="3.0625802" lon="101.6004708"/>
 <node id="4123498085" visible="true" version="1" changeset="38584655" timestamp="2016-04-15T10:59:57Z" user="RunRunShow" uid="3553413" lat="3.0625355" lon="101.6006092"/>
 <node id="4123498087" visible="true" version="1" changeset="38584655" timestamp="2016-04-15T10:59:57Z" user="RunRunShow" uid="3553413" lat="3.0625079" lon="101.6010073"/>
 <node id="4123498088" visible="true" version="1" changeset="38584655" timestamp="2016-04-15T10:59:57Z" user="RunRunShow" uid="3553413" lat="3.0625157" lon="101.6012192"/>
 <node id="4123498089" visible="true" version="1" changeset="38584655" timestamp="2016-04-15T10:59:57Z" user="RunRunShow" uid="3553413" lat="3.0638872" lon="101.5995536"/>
 <node id="4123498090" visible="true" version="1" changeset="38584655" timestamp="2016-04-15T10:59:57Z" user="RunRunShow" uid="3553413" lat="3.0637210" lon="101.5997874"/>
 <node id="4123498092" visible="true" version="1" changeset="38584655" timestamp="2016-04-15T10:59:57Z" user="RunRunShow" uid="3553413" lat="3.0629758" lon="101.5999405"/>
 <node id="4123498093" visible="true" version="1" changeset="38584655" timestamp="2016-04-15T10:59:57Z" user="RunRunShow" uid="3553413" lat="3.0628513" lon="101.6000178"/>
 <node id="4123498094" visible="true" version="1" changeset="38584655" timestamp="2016-04-15T10:59:57Z" user="RunRunShow" uid="3553413" lat="3.0624300" lon="101.6005284"/>
 <node id="4123498095" visible="true" version="1" changeset="38584655" timestamp="2016-04-15T10:59:57Z" user="RunRunShow" uid="3553413" lat="3.0624055" lon="101.6007155"/>
 <node id="4123498096" visible="true" version="1" changeset="38584655" timestamp="2016-04-15T10:59:57Z" user="RunRunShow" uid="3553413" lat="3.0623864" lon="101.6012237"/>
 <node id="4123498097" visible="true" version="1" changeset="38584655" timestamp="2016-04-15T10:59:57Z" user="RunRunShow" uid="3553413" lat="3.0612511" lon="101.6013389"/>
 <node id="4123498098" visible="true" version="1" changeset="38584655" timestamp="2016-04-15T10:59:57Z" user="RunRunShow" uid="3553413" lat="3.0623369" lon="101.6012900"/>
 <node id="4123498099" visible="true" version="1" changeset="38584655" timestamp="2016-04-15T10:59:57Z" user="RunRunShow" uid="3553413" lat="3.0624170" lon="101.6012090"/>
 <node id="4123498100" visible="true" version="1" changeset="38584655" timestamp="2016-04-15T10:59:57Z" user="RunRunShow" uid="3553413" lat="3.0625485" lon="101.6012463"/>
 <node id="4123498101" visible="true" version="1" changeset="38584655" timestamp="2016-04-15T10:59:57Z" user="RunRunShow" uid="3553413" lat="3.0625702" lon="101.6012830"/>
 <node id="4123498102" visible="true" version="1" changeset="38584655" timestamp="2016-04-15T10:59:57Z" user="RunRunShow" uid="3553413" lat="3.0625782" lon="101.6013248"/>
 <node id="4123498103" visible="true" version="1" changeset="38584655" timestamp="2016-04-15T10:59:57Z" user="RunRunShow" uid="3553413" lat="3.0625715" lon="101.6013669"/>
 <node id="4123498104" visible="true" version="2" changeset="60368823" timestamp="2018-07-03T07:46:11Z" user="lakkarssu" uid="8196672" lat="3.0625510" lon="101.6014015"/>
 <node id="4123498105" visible="true" version="1" changeset="38584655" timestamp="2016-04-15T10:59:57Z" user="RunRunShow" uid="3553413" lat="3.0625190" lon="101.6014323"/>
 <node id="4123498106" visible="true" version="1" changeset="38584655" timestamp="2016-04-15T10:59:57Z" user="RunRunShow" uid="3553413" lat="3.0624794" lon="101.6014479"/>
 <node id="4123498107" visible="true" version="1" changeset="38584655" timestamp="2016-04-15T10:59:57Z" user="RunRunShow" uid="3553413" lat="3.0623560" lon="101.6012526"/>
 <node id="4123498108" visible="true" version="1" changeset="38584655" timestamp="2016-04-15T10:59:57Z" user="RunRunShow" uid="3553413" lat="3.0624504" lon="101.6012031"/>
 <node id="4123498109" visible="true" version="1" changeset="38584655" timestamp="2016-04-15T10:59:57Z" user="RunRunShow" uid="3553413" lat="3.0624842" lon="101.6012066"/>
 <node id="4123498110" visible="true" version="1" changeset="38584655" timestamp="2016-04-15T10:59:57Z" user="RunRunShow" uid="3553413" lat="3.0624368" lon="101.6014490"/>
 <node id="4123498111" visible="true" version="1" changeset="38584655" timestamp="2016-04-15T10:59:57Z" user="RunRunShow" uid="3553413" lat="3.0623964" lon="101.6014357"/>
 <node id="4123498112" visible="true" version="1" changeset="38584655" timestamp="2016-04-15T10:59:57Z" user="RunRunShow" uid="3553413" lat="3.0623630" lon="101.6014094"/>
 <node id="4123498113" visible="true" version="1" changeset="38584655" timestamp="2016-04-15T10:59:57Z" user="RunRunShow" uid="3553413" lat="3.0623404" lon="101.6013733"/>
 <node id="4123498114" visible="true" version="1" changeset="38584655" timestamp="2016-04-15T10:59:57Z" user="RunRunShow" uid="3553413" lat="3.0610455" lon="101.6014937"/>
 <node id="4123498115" visible="true" version="1" changeset="38584655" timestamp="2016-04-15T10:59:57Z" user="RunRunShow" uid="3553413" lat="3.0603196" lon="101.6043532"/>
 <node id="4123498116" visible="true" version="1" changeset="38584655" timestamp="2016-04-15T10:59:57Z" user="RunRunShow" uid="3553413" lat="3.0639035" lon="101.5993761"/>
 <node id="4123498117" visible="true" version="1" changeset="38584655" timestamp="2016-04-15T10:59:57Z" user="RunRunShow" uid="3553413" lat="3.0639422" lon="101.5993186"/>
 <node id="4123498118" visible="true" version="1" changeset="38584655" timestamp="2016-04-15T10:59:57Z" user="RunRunShow" uid="3553413" lat="3.0639953" lon="101.5992931"/>
 <node id="4123498119" visible="true" version="1" changeset="38584655" timestamp="2016-04-15T10:59:57Z" user="RunRunShow" uid="3553413" lat="3.0640527" lon="101.5993016"/>
 <node id="4123498120" visible="true" version="1" changeset="38584655" timestamp="2016-04-15T10:59:57Z" user="RunRunShow" uid="3553413" lat="3.0641108" lon="101.5993484"/>
 <node id="4123561896" visible="true" version="1" changeset="38585316" timestamp="2016-04-15T11:29:34Z" user="RunRunShow" uid="3553413" lat="3.0611394" lon="101.6050068"/>
 <node id="4123561898" visible="true" version="1" changeset="38585316" timestamp="2016-04-15T11:29:34Z" user="RunRunShow" uid="3553413" lat="3.0611367" lon="101.6047922"/>
 <node id="4123561899" visible="true" version="1" changeset="38585316" timestamp="2016-04-15T11:29:34Z" user="RunRunShow" uid="3553413" lat="3.0611608" lon="101.6046956"/>
 <node id="4123561900" visible="true" version="1" changeset="38585316" timestamp="2016-04-15T11:29:34Z" user="RunRunShow" uid="3553413" lat="3.0612117" lon="101.6046178">
  <tag k="highway" v="turning_circle"/>
 </node>
 <node id="4123561901" visible="true" version="1" changeset="38585316" timestamp="2016-04-15T11:29:34Z" user="RunRunShow" uid="3553413" lat="3.0619747" lon="101.6021514"/>
 <node id="4123561902" visible="true" version="1" changeset="38585316" timestamp="2016-04-15T11:29:34Z" user="RunRunShow" uid="3553413" lat="3.0620269" lon="101.6021174"/>
 <node id="4123561903" visible="true" version="1" changeset="38585316" timestamp="2016-04-15T11:29:34Z" user="RunRunShow" uid="3553413" lat="3.0620959" lon="101.6021540"/>
 <node id="4123561904" visible="true" version="1" changeset="38585316" timestamp="2016-04-15T11:29:34Z" user="RunRunShow" uid="3553413" lat="3.0621196" lon="101.6022635"/>
 <node id="4123561905" visible="true" version="1" changeset="38585316" timestamp="2016-04-15T11:29:34Z" user="RunRunShow" uid="3553413" lat="3.0627569" lon="101.6023459"/>
 <node id="4123561906" visible="true" version="1" changeset="38585316" timestamp="2016-04-15T11:29:34Z" user="RunRunShow" uid="3553413" lat="3.0640936" lon="101.6027330"/>
 <node id="4123561907" visible="true" version="1" changeset="38585316" timestamp="2016-04-15T11:29:34Z" user="RunRunShow" uid="3553413" lat="3.0641347" lon="101.6027064"/>
 <node id="4123561908" visible="true" version="2" changeset="182470739" timestamp="2026-05-10T14:58:23Z" user="angys" uid="3191182" lat="3.0642897" lon="101.6029321"/>
 <node id="4123561909" visible="true" version="2" changeset="182470739" timestamp="2026-05-10T14:58:23Z" user="angys" uid="3191182" lat="3.0643781" lon="101.6033262"/>
 <node id="4123561910" visible="true" version="2" changeset="182470739" timestamp="2026-05-10T14:58:23Z" user="angys" uid="3191182" lat="3.0644458" lon="101.6039069"/>
 <node id="4242478313" visible="true" version="3" changeset="95713539" timestamp="2020-12-12T07:20:58Z" user="angys" uid="3191182" lat="3.0563700" lon="101.5924623"/>
 <node id="4242478314" visible="true" version="3" changeset="95713539" timestamp="2020-12-12T07:20:58Z" user="angys" uid="3191182" lat="3.0564592" lon="101.5941585"/>
 <node id="4242478315" visible="true" version="2" changeset="87460373" timestamp="2020-07-02T15:04:06Z" user="angys" uid="3191182" lat="3.0565534" lon="101.5942160"/>
 <node id="4242478316" visible="true" version="2" changeset="87460373" timestamp="2020-07-02T15:04:06Z" user="angys" uid="3191182" lat="3.0566096" lon="101.5942327"/>
 <node id="4242478317" visible="true" version="2" changeset="95713539" timestamp="2020-12-12T07:20:58Z" user="angys" uid="3191182" lat="3.0569834" lon="101.5942201"/>
 <node id="4242478318" visible="true" version="2" changeset="95713539" timestamp="2020-12-12T07:20:58Z" user="angys" uid="3191182" lat="3.0571191" lon="101.5941907"/>
 <node id="4242478319" visible="true" version="2" changeset="95713539" timestamp="2020-12-12T07:20:58Z" user="angys" uid="3191182" lat="3.0573637" lon="101.5941213"/>
 <node id="4242478320" visible="true" version="2" changeset="95713539" timestamp="2020-12-12T07:20:58Z" user="angys" uid="3191182" lat="3.0575045" lon="101.5941019"/>
 <node id="4272709271" visible="true" version="1" changeset="40381502" timestamp="2016-06-30T05:03:27Z" user="dinastik" uid="1927974" lat="3.0666199" lon="101.6005574"/>
 <node id="4272709272" visible="true" version="1" changeset="40381502" timestamp="2016-06-30T05:03:27Z" user="dinastik" uid="1927974" lat="3.0655827" lon="101.6005540"/>
 <node id="4272709273" visible="true" version="4" changeset="129863739" timestamp="2022-12-08T14:37:19Z" user="angys" uid="3191182" lat="3.0655761" lon="101.6013857"/>
 <node id="4272709274" visible="true" version="1" changeset="40381502" timestamp="2016-06-30T05:03:27Z" user="dinastik" uid="1927974" lat="3.0666167" lon="101.6015373"/>
 <node id="4272709278" visible="true" version="4" changeset="129863739" timestamp="2022-12-08T14:37:19Z" user="angys" uid="3191182" lat="3.0653970" lon="101.6015351"/>
 <node id="4272709279" visible="true" version="4" changeset="129863739" timestamp="2022-12-08T14:37:19Z" user="angys" uid="3191182" lat="3.0653964" lon="101.6014384"/>
 <node id="4272709280" visible="true" version="4" changeset="129863739" timestamp="2022-12-08T14:37:19Z" user="angys" uid="3191182" lat="3.0652590" lon="101.6014394"/>
 <node id="4272709281" visible="true" version="4" changeset="129863739" timestamp="2022-12-08T14:37:19Z" user="angys" uid="3191182" lat="3.0652592" lon="101.6014711"/>
 <node id="4272709282" visible="true" version="4" changeset="129863739" timestamp="2022-12-08T14:37:19Z" user="angys" uid="3191182" lat="3.0650886" lon="101.6014723"/>
 <node id="4272709283" visible="true" version="4" changeset="129863739" timestamp="2022-12-08T14:37:19Z" user="angys" uid="3191182" lat="3.0650895" lon="101.6016096"/>
 <node id="4272709284" visible="true" version="4" changeset="129863739" timestamp="2022-12-08T14:37:19Z" user="angys" uid="3191182" lat="3.0652579" lon="101.6016085"/>
 <node id="4272709285" visible="true" version="4" changeset="129863739" timestamp="2022-12-08T14:37:19Z" user="angys" uid="3191182" lat="3.0652585" lon="101.6016869"/>
 <node id="4272709286" visible="true" version="4" changeset="129863739" timestamp="2022-12-08T14:37:19Z" user="angys" uid="3191182" lat="3.0655781" lon="101.6016847"/>
 <node id="4272709287" visible="true" version="2" changeset="124651244" timestamp="2022-08-08T17:44:59Z" user="angys" uid="3191182" lat="3.0653120" lon="101.6007685"/>
 <node id="4272709288" visible="true" version="2" changeset="124651244" timestamp="2022-08-08T17:44:59Z" user="angys" uid="3191182" lat="3.0655827" lon="101.6007685"/>
 <node id="4272710104" visible="true" version="5" changeset="142483411" timestamp="2023-10-12T14:44:05Z" user="evanthechong" uid="17872310" lat="3.0628391" lon="101.6103727"/>
 <node id="4272710105" visible="true" version="4" changeset="112381852" timestamp="2021-10-11T16:13:50Z" user="lewischan" uid="14274096" lat="3.0638062" lon="101.6103872"/>
 <node id="4707456666" visible="true" version="2" changeset="178589664" timestamp="2026-02-15T16:26:20Z" user="Tembikai" uid="5259280" lat="3.0567048" lon="101.6113624"/>
 <node id="4707456667" visible="true" version="2" changeset="178589664" timestamp="2026-02-15T16:26:20Z" user="Tembikai" uid="5259280" lat="3.0566142" lon="101.6114835"/>
 <node id="4730337508" visible="true" version="3" changeset="95745830" timestamp="2020-12-13T07:21:56Z" user="angys" uid="3191182" lat="3.0708014" lon="101.6183351"/>
 <node id="4730337519" visible="true" version="1" changeset="46780984" timestamp="2017-03-12T09:34:55Z" user="Tembikai" uid="5259280" lat="3.0656797" lon="101.6174723"/>
 <node id="4730337520" visible="true" version="1" changeset="46780984" timestamp="2017-03-12T09:34:55Z" user="Tembikai" uid="5259280" lat="3.0654018" lon="101.6174678"/>
 <node id="4838377368" visible="true" version="4" changeset="166927587" timestamp="2025-05-29T15:04:58Z" user="nabilersyad" uid="11419275" lat="3.0615518" lon="101.5976045"/>
 <node id="4838377369" visible="true" version="4" changeset="166927587" timestamp="2025-05-29T15:04:58Z" user="nabilersyad" uid="11419275" lat="3.0597606" lon="101.5976229"/>
 <node id="4838646947" visible="true" version="1" changeset="48454007" timestamp="2017-05-06T14:41:43Z" user="Ahmad_Amsyar" uid="5762467" lat="3.0616219" lon="101.5959202"/>
 <node id="4838646948" visible="true" version="1" changeset="48454007" timestamp="2017-05-06T14:41:43Z" user="Ahmad_Amsyar" uid="5762467" lat="3.0616200" lon="101.5955662"/>
 <node id="4922594112" visible="true" version="1" changeset="49640370" timestamp="2017-06-18T17:57:03Z" user="Tembikai" uid="5259280" lat="3.0593422" lon="101.6057143"/>
 <node id="5236932247" visible="true" version="2" changeset="81514941" timestamp="2020-02-26T17:26:48Z" user="Nathan_Rose" uid="10068986" lat="3.0748086" lon="101.6102167"/>
 <node id="5236932248" visible="true" version="1" changeset="53908924" timestamp="2017-11-18T19:05:05Z" user="Tembikai" uid="5259280" lat="3.0746147" lon="101.6102724"/>
 <node id="5431564884" visible="true" version="1" changeset="56612919" timestamp="2018-02-23T15:26:25Z" user="RunRunShow" uid="3553413" lat="3.0605124" lon="101.5992226"/>
 <node id="5431564885" visible="true" version="1" changeset="56612919" timestamp="2018-02-23T15:26:25Z" user="RunRunShow" uid="3553413" lat="3.0603363" lon="101.5993991"/>
 <node id="5431564886" visible="true" version="1" changeset="56612919" timestamp="2018-02-23T15:26:25Z" user="RunRunShow" uid="3553413" lat="3.0602121" lon="101.5996634"/>
 <node id="5431564891" visible="true" version="1" changeset="56612919" timestamp="2018-02-23T15:26:25Z" user="RunRunShow" uid="3553413" lat="3.0618911" lon="101.5984683"/>
 <node id="5431564892" visible="true" version="1" changeset="56612919" timestamp="2018-02-23T15:26:25Z" user="RunRunShow" uid="3553413" lat="3.0623225" lon="101.5976379"/>
 <node id="5431564895" visible="true" version="1" changeset="56612919" timestamp="2018-02-23T15:26:25Z" user="RunRunShow" uid="3553413" lat="3.0601692" lon="101.6014189"/>
 <node id="5659066472" visible="true" version="1" changeset="59489980" timestamp="2018-06-02T16:58:01Z" user="angys" uid="3191182" lat="3.0729014" lon="101.5983352"/>
 <node id="5659066473" visible="true" version="2" changeset="81696599" timestamp="2020-03-02T20:02:09Z" user="(Inactive) hairyhaggis_kaart" uid="10541438" lat="3.0763763" lon="101.6012205"/>
 <node id="5659066474" visible="true" version="1" changeset="59489980" timestamp="2018-06-02T16:58:01Z" user="angys" uid="3191182" lat="3.0826127" lon="101.6051079"/>
 <node id="5727737435" visible="true" version="1" changeset="60271425" timestamp="2018-06-29T08:49:15Z" user="lakkarssu" uid="8196672" lat="3.0668420" lon="101.6032452"/>
 <node id="5727737436" visible="true" version="1" changeset="60271425" timestamp="2018-06-29T08:49:15Z" user="lakkarssu" uid="8196672" lat="3.0655565" lon="101.6021606"/>
 <node id="5727737437" visible="true" version="1" changeset="60271425" timestamp="2018-06-29T08:49:15Z" user="lakkarssu" uid="8196672" lat="3.0669200" lon="101.6021472"/>
 <node id="5731517722" visible="true" version="3" changeset="142615694" timestamp="2023-10-15T12:34:03Z" user="cnvery" uid="3627342" lat="3.0659780" lon="101.6023901">
  <tag k="addr:housenumber" v="73"/>
  <tag k="addr:street" v="Jalan PJS 11/7"/>
  <tag k="amenity" v="cafe"/>
  <tag k="name" v="The Fish Bowl"/>
  <tag k="name:en" v="The Fish Bowl"/>
 </node>
 <node id="5732929731" visible="true" version="2" changeset="60368823" timestamp="2018-07-03T07:46:11Z" user="lakkarssu" uid="8196672" lat="3.0626210" lon="101.6014311"/>
 <node id="5732929732" visible="true" version="2" changeset="60368823" timestamp="2018-07-03T07:46:11Z" user="lakkarssu" uid="8196672" lat="3.0628085" lon="101.6015732"/>
 <node id="5732929733" visible="true" version="2" changeset="60368823" timestamp="2018-07-03T07:46:11Z" user="lakkarssu" uid="8196672" lat="3.0630067" lon="101.6015920"/>
 <node id="5732929734" visible="true" version="2" changeset="60368823" timestamp="2018-07-03T07:46:11Z" user="lakkarssu" uid="8196672" lat="3.0633656" lon="101.6016027"/>
 <node id="5732929735" visible="true" version="2" changeset="60368823" timestamp="2018-07-03T07:46:11Z" user="lakkarssu" uid="8196672" lat="3.0636817" lon="101.6016134"/>
 <node id="5732929773" visible="true" version="3" changeset="60368976" timestamp="2018-07-03T07:52:34Z" user="lakkarssu" uid="8196672" lat="3.0638209" lon="101.6016188"/>
 <node id="5732929774" visible="true" version="3" changeset="60368976" timestamp="2018-07-03T07:52:34Z" user="lakkarssu" uid="8196672" lat="3.0639548" lon="101.6016510"/>
 <node id="5732929775" visible="true" version="4" changeset="182382462" timestamp="2026-05-08T13:22:43Z" user="BroharrisCanal" uid="17826795" lat="3.0641289" lon="101.6017181"/>
 <node id="5732929776" visible="true" version="4" changeset="182236030" timestamp="2026-05-05T07:36:48Z" user="SaladoRiver" uid="22435321" lat="3.0642220" lon="101.6017811"/>
 <node id="5732929777" visible="true" version="3" changeset="60368976" timestamp="2018-07-03T07:52:34Z" user="lakkarssu" uid="8196672" lat="3.0644316" lon="101.6018951"/>
 <node id="5732929778" visible="true" version="3" changeset="60368976" timestamp="2018-07-03T07:52:34Z" user="lakkarssu" uid="8196672" lat="3.0647771" lon="101.6020346"/>
 <node id="5732929779" visible="true" version="3" changeset="60368976" timestamp="2018-07-03T07:52:34Z" user="lakkarssu" uid="8196672" lat="3.0650048" lon="101.6020721"/>
 <node id="5732929780" visible="true" version="3" changeset="60368976" timestamp="2018-07-03T07:52:34Z" user="lakkarssu" uid="8196672" lat="3.0651159" lon="101.6019809"/>
 <node id="5732929781" visible="true" version="3" changeset="60816986" timestamp="2018-07-18T01:28:50Z" user="harishpuppala" uid="7446646" lat="3.0651761" lon="101.6019669"/>
 <node id="5732929782" visible="true" version="2" changeset="60368823" timestamp="2018-07-03T07:46:11Z" user="lakkarssu" uid="8196672" lat="3.0652666" lon="101.6019648"/>
 <node id="5735834074" visible="true" version="3" changeset="60816986" timestamp="2018-07-18T01:28:50Z" user="harishpuppala" uid="7446646" lat="3.0651126" lon="101.6020151"/>
 <node id="5735853092" visible="true" version="3" changeset="182382462" timestamp="2026-05-08T13:22:43Z" user="BroharrisCanal" uid="17826795" lat="3.0634085" lon="101.6014592"/>
 <node id="5765032288" visible="true" version="2" changeset="180490848" timestamp="2026-03-27T08:44:54Z" user="GrabMY_ainayusof" uid="9658463" lat="3.0661906" lon="101.6016043"/>
 <node id="5765032289" visible="true" version="2" changeset="180490848" timestamp="2026-03-27T08:44:54Z" user="GrabMY_ainayusof" uid="9658463" lat="3.0667184" lon="101.6015950"/>
 <node id="5765032290" visible="true" version="1" changeset="60783239" timestamp="2018-07-17T05:47:02Z" user="saicharan1" uid="7795567" lat="3.0667350" lon="101.6010536"/>
 <node id="5765032291" visible="true" version="1" changeset="60783239" timestamp="2018-07-17T05:47:02Z" user="saicharan1" uid="7795567" lat="3.0667142" lon="101.6009845"/>
 <node id="5765032292" visible="true" version="1" changeset="60783239" timestamp="2018-07-17T05:47:02Z" user="saicharan1" uid="7795567" lat="3.0666352" lon="101.6009483"/>
 <node id="5765032293" visible="true" version="3" changeset="78307770" timestamp="2019-12-12T09:29:40Z" user="DiahW IRM-ED" uid="7561020" lat="3.0666078" lon="101.6005097"/>
 <node id="5765032294" visible="true" version="1" changeset="60783239" timestamp="2018-07-17T05:47:02Z" user="saicharan1" uid="7795567" lat="3.0653583" lon="101.6005325"/>
 <node id="5765100208" visible="true" version="4" changeset="152545807" timestamp="2024-06-11T14:15:00Z" user="LakePoopó" uid="20109123" lat="3.0651009" lon="101.6004790"/>
 <node id="5765100209" visible="true" version="1" changeset="60784440" timestamp="2018-07-17T06:25:38Z" user="saicharan1" uid="7795567" lat="3.0651140" lon="101.5992584"/>
 <node id="5765123655" visible="true" version="1" changeset="60784697" timestamp="2018-07-17T06:32:51Z" user="saicharan1" uid="7795567" lat="3.0668767" lon="101.6003599"/>
 <node id="5765123656" visible="true" version="2" changeset="60816986" timestamp="2018-07-18T01:28:52Z" user="harishpuppala" uid="7446646" lat="3.0668527" lon="101.5991269"/>
 <node id="5765123657" visible="true" version="1" changeset="60784697" timestamp="2018-07-17T06:32:51Z" user="saicharan1" uid="7795567" lat="3.0656255" lon="101.5991483"/>
 <node id="5765123658" visible="true" version="1" changeset="60784697" timestamp="2018-07-17T06:32:51Z" user="saicharan1" uid="7795567" lat="3.0654921" lon="101.5992795"/>
 <node id="5765123659" visible="true" version="3" changeset="78307770" timestamp="2019-12-12T09:29:40Z" user="DiahW IRM-ED" uid="7561020" lat="3.0655528" lon="101.6003817"/>
 <node id="5767079099" visible="true" version="4" changeset="148142208" timestamp="2024-03-02T18:28:26Z" user="nabilersyad" uid="11419275" lat="3.0615942" lon="101.5948966"/>
 <node id="5767079148" visible="true" version="1" changeset="60816986" timestamp="2018-07-18T01:28:44Z" user="harishpuppala" uid="7446646" lat="3.0650992" lon="101.6020359"/>
 <node id="5767079151" visible="true" version="1" changeset="60816986" timestamp="2018-07-18T01:28:44Z" user="harishpuppala" uid="7446646" lat="3.0667457" lon="101.6017550"/>
 <node id="5767079152" visible="true" version="2" changeset="78307770" timestamp="2019-12-12T09:29:40Z" user="DiahW IRM-ED" uid="7561020" lat="3.0655066" lon="101.6003461"/>
 <node id="5767079553" visible="true" version="1" changeset="60816986" timestamp="2018-07-18T01:28:44Z" user="harishpuppala" uid="7446646" lat="3.0654962" lon="101.6003166"/>
 <node id="5767079554" visible="true" version="1" changeset="60816986" timestamp="2018-07-18T01:28:44Z" user="harishpuppala" uid="7446646" lat="3.0655478" lon="101.5992075"/>
 <node id="5767079558" visible="true" version="1" changeset="60816986" timestamp="2018-07-18T01:28:44Z" user="harishpuppala" uid="7446646" lat="3.0666218" lon="101.6005433"/>
 <node id="5767079559" visible="true" version="1" changeset="60816986" timestamp="2018-07-18T01:28:45Z" user="harishpuppala" uid="7446646" lat="3.0666446" lon="101.6009664"/>
 <node id="5938211083" visible="true" version="1" changeset="63028687" timestamp="2018-09-29T06:11:04Z" user="angys" uid="3191182" lat="3.0632669" lon="101.5948813"/>
 <node id="5938211084" visible="true" version="1" changeset="63028687" timestamp="2018-09-29T06:11:05Z" user="angys" uid="3191182" lat="3.0630580" lon="101.5960588"/>
 <node id="5938211187" visible="true" version="4" changeset="130313565" timestamp="2022-12-21T04:21:48Z" user="kucai" uid="536853" lat="3.0634748" lon="101.5977050"/>
 <node id="7051470881" visible="true" version="1" changeset="78307770" timestamp="2019-12-12T09:29:40Z" user="DiahW IRM-ED" uid="7561020" lat="3.0663908" lon="101.6032342"/>
 <node id="7051470882" visible="true" version="1" changeset="78307770" timestamp="2019-12-12T09:29:40Z" user="DiahW IRM-ED" uid="7561020" lat="3.0658652" lon="101.6032241"/>
 <node id="7051470883" visible="true" version="2" changeset="166264012" timestamp="2025-05-14T15:49:53Z" user="BroharrisCanal" uid="17826795" lat="3.0655887" lon="101.6031893"/>
 <node id="7051470884" visible="true" version="1" changeset="78307770" timestamp="2019-12-12T09:29:40Z" user="DiahW IRM-ED" uid="7561020" lat="3.0655267" lon="101.6003689"/>
 <node id="7051482585" visible="true" version="1" changeset="78307770" timestamp="2019-12-12T09:29:40Z" user="DiahW IRM-ED" uid="7561020" lat="3.0651246" lon="101.6009181"/>
 <node id="7051482586" visible="true" version="1" changeset="78307770" timestamp="2019-12-12T09:29:40Z" user="DiahW IRM-ED" uid="7561020" lat="3.0651882" lon="101.6010542"/>
 <node id="7053839570" visible="true" version="1" changeset="78356262" timestamp="2019-12-13T07:17:56Z" user="Arma IRM-ED" uid="8072037" lat="3.0644678" lon="101.5992062"/>
 <node id="7142340398" visible="true" version="1" changeset="79750008" timestamp="2020-01-19T09:42:13Z" user="deepspacebeaver" uid="10674370" lat="3.0650329" lon="101.6012011"/>
 <node id="7142340399" visible="true" version="3" changeset="158198446" timestamp="2024-10-22T07:18:39Z" user="GrabMY_ainayusof" uid="9658463" lat="3.0650258" lon="101.6009672">
  <tag k="access" v="private"/>
  <tag k="barrier" v="gate"/>
 </node>
 <node id="7231546282" visible="true" version="1" changeset="81294267" timestamp="2020-02-21T00:15:36Z" user="Robuster" uid="6575994" lat="3.0645830" lon="101.6001466"/>
 <node id="7231546283" visible="true" version="1" changeset="81294267" timestamp="2020-02-21T00:15:36Z" user="Robuster" uid="6575994" lat="3.0626776" lon="101.5999618"/>
 <node id="7231546284" visible="true" version="1" changeset="81294267" timestamp="2020-02-21T00:15:36Z" user="Robuster" uid="6575994" lat="3.0626755" lon="101.6000515"/>
 <node id="7231706085" visible="true" version="1" changeset="81294267" timestamp="2020-02-21T00:15:36Z" user="Robuster" uid="6575994" lat="3.0626999" lon="101.6000840"/>
 <node id="7231706086" visible="true" version="1" changeset="81294267" timestamp="2020-02-21T00:15:36Z" user="Robuster" uid="6575994" lat="3.0627326" lon="101.6000935"/>
 <node id="7231706087" visible="true" version="1" changeset="81294267" timestamp="2020-02-21T00:15:36Z" user="Robuster" uid="6575994" lat="3.0627557" lon="101.6001109"/>
 <node id="7231706088" visible="true" version="1" changeset="81294267" timestamp="2020-02-21T00:15:36Z" user="Robuster" uid="6575994" lat="3.0627834" lon="101.6001440"/>
 <node id="7231706089" visible="true" version="1" changeset="81294267" timestamp="2020-02-21T00:15:36Z" user="Robuster" uid="6575994" lat="3.0628045" lon="101.6002029"/>
 <node id="7231706090" visible="true" version="1" changeset="81294267" timestamp="2020-02-21T00:15:36Z" user="Robuster" uid="6575994" lat="3.0628041" lon="101.6002283"/>
 <node id="7231706091" visible="true" version="1" changeset="81294267" timestamp="2020-02-21T00:15:36Z" user="Robuster" uid="6575994" lat="3.0628026" lon="101.6002456"/>
 <node id="7231706092" visible="true" version="1" changeset="81294267" timestamp="2020-02-21T00:15:36Z" user="Robuster" uid="6575994" lat="3.0628482" lon="101.6003205"/>
 <node id="7231706093" visible="true" version="3" changeset="114505950" timestamp="2021-12-03T04:29:44Z" user="Peter Jolly" uid="267154" lat="3.0630119" lon="101.6003290"/>
 <node id="7231706094" visible="true" version="2" changeset="114505950" timestamp="2021-12-03T04:29:44Z" user="Peter Jolly" uid="267154" lat="3.0632169" lon="101.6007038"/>
 <node id="7231706095" visible="true" version="3" changeset="114505950" timestamp="2021-12-03T04:29:44Z" user="Peter Jolly" uid="267154" lat="3.0632478" lon="101.6007040"/>
 <node id="7231706096" visible="true" version="2" changeset="81439259" timestamp="2020-02-25T06:59:15Z" user="Peter Jolly" uid="267154" lat="3.0632476" lon="101.6007441"/>
 <node id="7231706097" visible="true" version="2" changeset="81439259" timestamp="2020-02-25T06:59:15Z" user="Peter Jolly" uid="267154" lat="3.0631883" lon="101.6007445"/>
 <node id="7231706098" visible="true" version="3" changeset="114505950" timestamp="2021-12-03T04:29:44Z" user="Peter Jolly" uid="267154" lat="3.0629674" lon="101.6003727"/>
 <node id="7231706099" visible="true" version="1" changeset="81294267" timestamp="2020-02-21T00:15:36Z" user="Robuster" uid="6575994" lat="3.0628656" lon="101.6003651"/>
 <node id="7231706100" visible="true" version="1" changeset="81294267" timestamp="2020-02-21T00:15:36Z" user="Robuster" uid="6575994" lat="3.0628225" lon="101.6003951"/>
 <node id="7231706101" visible="true" version="1" changeset="81294267" timestamp="2020-02-21T00:15:36Z" user="Robuster" uid="6575994" lat="3.0627395" lon="101.6002711"/>
 <node id="7231706102" visible="true" version="1" changeset="81294267" timestamp="2020-02-21T00:15:36Z" user="Robuster" uid="6575994" lat="3.0627149" lon="101.6002603"/>
 <node id="7231706103" visible="true" version="1" changeset="81294267" timestamp="2020-02-21T00:15:36Z" user="Robuster" uid="6575994" lat="3.0626918" lon="101.6002388"/>
 <node id="7231706104" visible="true" version="1" changeset="81294267" timestamp="2020-02-21T00:15:36Z" user="Robuster" uid="6575994" lat="3.0626741" lon="101.6002187"/>
 <node id="7231706105" visible="true" version="1" changeset="81294267" timestamp="2020-02-21T00:15:36Z" user="Robuster" uid="6575994" lat="3.0626625" lon="101.6001964"/>
 <node id="7231706106" visible="true" version="1" changeset="81294267" timestamp="2020-02-21T00:15:36Z" user="Robuster" uid="6575994" lat="3.0626487" lon="101.6001710"/>
 <node id="7231706107" visible="true" version="1" changeset="81294267" timestamp="2020-02-21T00:15:36Z" user="Robuster" uid="6575994" lat="3.0626387" lon="101.6001471"/>
 <node id="7231706108" visible="true" version="1" changeset="81294267" timestamp="2020-02-21T00:15:36Z" user="Robuster" uid="6575994" lat="3.0626479" lon="101.6001155"/>
 <node id="7231706109" visible="true" version="1" changeset="81294267" timestamp="2020-02-21T00:15:36Z" user="Robuster" uid="6575994" lat="3.0626133" lon="101.6000639"/>
 <node id="7231706111" visible="true" version="1" changeset="81294267" timestamp="2020-02-21T00:15:36Z" user="Robuster" uid="6575994" lat="3.0646209" lon="101.6019413"/>
 <node id="7231706112" visible="true" version="2" changeset="129863739" timestamp="2022-12-08T14:37:19Z" user="angys" uid="3191182" lat="3.0650331" lon="101.6020442"/>
 <node id="7231706113" visible="true" version="2" changeset="129863739" timestamp="2022-12-08T14:37:19Z" user="angys" uid="3191182" lat="3.0650925" lon="101.6020075"/>
 <node id="7231706114" visible="true" version="4" changeset="114505950" timestamp="2021-12-03T04:29:44Z" user="Peter Jolly" uid="267154" lat="3.0640873" lon="101.6010977"/>
 <node id="7231706115" visible="true" version="4" changeset="114505950" timestamp="2021-12-03T04:29:44Z" user="Peter Jolly" uid="267154" lat="3.0640863" lon="101.6013103"/>
 <node id="7231706116" visible="true" version="4" changeset="114505950" timestamp="2021-12-03T04:29:44Z" user="Peter Jolly" uid="267154" lat="3.0634356" lon="101.6013067"/>
 <node id="7231706117" visible="true" version="4" changeset="114505950" timestamp="2021-12-03T04:29:44Z" user="Peter Jolly" uid="267154" lat="3.0634357" lon="101.6010941"/>
 <node id="7231706118" visible="true" version="1" changeset="81294267" timestamp="2020-02-21T00:15:36Z" user="Robuster" uid="6575994" lat="3.0633820" lon="101.6010065"/>
 <node id="7231706119" visible="true" version="2" changeset="114120252" timestamp="2021-11-23T02:17:17Z" user="Robuster" uid="6575994" lat="3.0633866" lon="101.6013938"/>
 <node id="7231706120" visible="true" version="2" changeset="114120252" timestamp="2021-11-23T02:17:17Z" user="Robuster" uid="6575994" lat="3.0640556" lon="101.6014087"/>
 <node id="7231706121" visible="true" version="4" changeset="114505950" timestamp="2021-12-03T04:29:44Z" user="Peter Jolly" uid="267154" lat="3.0635227" lon="101.6006877"/>
 <node id="7231706122" visible="true" version="4" changeset="114505950" timestamp="2021-12-03T04:29:44Z" user="Peter Jolly" uid="267154" lat="3.0635215" lon="101.6009340"/>
 <node id="7231706123" visible="true" version="4" changeset="114505950" timestamp="2021-12-03T04:29:44Z" user="Peter Jolly" uid="267154" lat="3.0632465" lon="101.6009325"/>
 <node id="7231706124" visible="true" version="4" changeset="114505950" timestamp="2021-12-03T04:29:44Z" user="Peter Jolly" uid="267154" lat="3.0632480" lon="101.6006692"/>
 <node id="7231706125" visible="true" version="4" changeset="114505950" timestamp="2021-12-03T04:29:44Z" user="Peter Jolly" uid="267154" lat="3.0633646" lon="101.6006698"/>
 <node id="7231706126" visible="true" version="4" changeset="114505950" timestamp="2021-12-03T04:29:44Z" user="Peter Jolly" uid="267154" lat="3.0633647" lon="101.6006868"/>
 <node id="7231706127" visible="true" version="4" changeset="114505950" timestamp="2021-12-03T04:29:44Z" user="Peter Jolly" uid="267154" lat="3.0641800" lon="101.6007337"/>
 <node id="7231706128" visible="true" version="4" changeset="114505950" timestamp="2021-12-03T04:29:44Z" user="Peter Jolly" uid="267154" lat="3.0641789" lon="101.6009377"/>
 <node id="7231706129" visible="true" version="4" changeset="114505950" timestamp="2021-12-03T04:29:44Z" user="Peter Jolly" uid="267154" lat="3.0635215" lon="101.6009340"/>
 <node id="7231706130" visible="true" version="4" changeset="114505950" timestamp="2021-12-03T04:29:44Z" user="Peter Jolly" uid="267154" lat="3.0635226" lon="101.6007326"/>
 <node id="7231706131" visible="true" version="4" changeset="114505950" timestamp="2021-12-03T04:29:44Z" user="Peter Jolly" uid="267154" lat="3.0645949" lon="101.6005279"/>
 <node id="7231706133" visible="true" version="4" changeset="114505950" timestamp="2021-12-03T04:29:44Z" user="Peter Jolly" uid="267154" lat="3.0641795" lon="101.6008349"/>
 <node id="7231706134" visible="true" version="4" changeset="114505950" timestamp="2021-12-03T04:29:44Z" user="Peter Jolly" uid="267154" lat="3.0639017" lon="101.6006268"/>
 <node id="7231706135" visible="true" version="4" changeset="114505950" timestamp="2021-12-03T04:29:44Z" user="Peter Jolly" uid="267154" lat="3.0639022" lon="101.6005240"/>
 <node id="7231706136" visible="true" version="4" changeset="114505950" timestamp="2021-12-03T04:29:44Z" user="Peter Jolly" uid="267154" lat="3.0648040" lon="101.6003053"/>
 <node id="7231706137" visible="true" version="4" changeset="114505950" timestamp="2021-12-03T04:29:44Z" user="Peter Jolly" uid="267154" lat="3.0645962" lon="101.6003042"/>
 <node id="7231706138" visible="true" version="4" changeset="114505950" timestamp="2021-12-03T04:29:44Z" user="Peter Jolly" uid="267154" lat="3.0645932" lon="101.6008369"/>
 <node id="7231706139" visible="true" version="4" changeset="114505950" timestamp="2021-12-03T04:29:44Z" user="Peter Jolly" uid="267154" lat="3.0649637" lon="101.6008388"/>
 <node id="7231706140" visible="true" version="4" changeset="114505950" timestamp="2021-12-03T04:29:44Z" user="Peter Jolly" uid="267154" lat="3.0649649" lon="101.6006317"/>
 <node id="7231706141" visible="true" version="4" changeset="114505950" timestamp="2021-12-03T04:29:44Z" user="Peter Jolly" uid="267154" lat="3.0648022" lon="101.6006308"/>
 <node id="7231706142" visible="true" version="4" changeset="114505950" timestamp="2021-12-03T04:29:44Z" user="Peter Jolly" uid="267154" lat="3.0644710" lon="101.5992701"/>
 <node id="7231706143" visible="true" version="4" changeset="114505950" timestamp="2021-12-03T04:29:44Z" user="Peter Jolly" uid="267154" lat="3.0644534" lon="101.5995527"/>
 <node id="7231706144" visible="true" version="4" changeset="114505950" timestamp="2021-12-03T04:29:44Z" user="Peter Jolly" uid="267154" lat="3.0642567" lon="101.5995411"/>
 <node id="7231706145" visible="true" version="4" changeset="114505950" timestamp="2021-12-03T04:29:44Z" user="Peter Jolly" uid="267154" lat="3.0642736" lon="101.5992585"/>
 <node id="7231706146" visible="true" version="3" changeset="114505950" timestamp="2021-12-03T04:29:44Z" user="Peter Jolly" uid="267154" lat="3.0634121" lon="101.6002386"/>
 <node id="7231706147" visible="true" version="3" changeset="114505950" timestamp="2021-12-03T04:29:44Z" user="Peter Jolly" uid="267154" lat="3.0634203" lon="101.6004440"/>
 <node id="7231706148" visible="true" version="3" changeset="114505950" timestamp="2021-12-03T04:29:44Z" user="Peter Jolly" uid="267154" lat="3.0634218" lon="101.6004775"/>
 <node id="7231706149" visible="true" version="3" changeset="114505950" timestamp="2021-12-03T04:29:44Z" user="Peter Jolly" uid="267154" lat="3.0633176" lon="101.6004850"/>
 <node id="7231706150" visible="true" version="3" changeset="114505950" timestamp="2021-12-03T04:29:44Z" user="Peter Jolly" uid="267154" lat="3.0631252" lon="101.6005364"/>
 <node id="7231706151" visible="true" version="3" changeset="114505950" timestamp="2021-12-03T04:29:44Z" user="Peter Jolly" uid="267154" lat="3.0631005" lon="101.6002937"/>
 <node id="7231706152" visible="true" version="3" changeset="114505950" timestamp="2021-12-03T04:29:44Z" user="Peter Jolly" uid="267154" lat="3.0631430" lon="101.6002773"/>
 <node id="7231706153" visible="true" version="3" changeset="114505950" timestamp="2021-12-03T04:29:44Z" user="Peter Jolly" uid="267154" lat="3.0632406" lon="101.6002554"/>
 <node id="7231706154" visible="true" version="3" changeset="114505950" timestamp="2021-12-03T04:29:44Z" user="Peter Jolly" uid="267154" lat="3.0632728" lon="101.6002493"/>
 <node id="7231706155" visible="true" version="3" changeset="114505950" timestamp="2021-12-03T04:29:44Z" user="Peter Jolly" uid="267154" lat="3.0633628" lon="101.6002418"/>
 <node id="7231706156" visible="true" version="3" changeset="114505950" timestamp="2021-12-03T04:29:44Z" user="Peter Jolly" uid="267154" lat="3.0641532" lon="101.5998531"/>
 <node id="7231706157" visible="true" version="3" changeset="114505950" timestamp="2021-12-03T04:29:44Z" user="Peter Jolly" uid="267154" lat="3.0642750" lon="101.6000272"/>
 <node id="7231706158" visible="true" version="3" changeset="114505950" timestamp="2021-12-03T04:29:44Z" user="Peter Jolly" uid="267154" lat="3.0642137" lon="101.6001082"/>
 <node id="7231706159" visible="true" version="3" changeset="114505950" timestamp="2021-12-03T04:29:44Z" user="Peter Jolly" uid="267154" lat="3.0641788" lon="101.6001390"/>
 <node id="7231706160" visible="true" version="3" changeset="114505950" timestamp="2021-12-03T04:29:44Z" user="Peter Jolly" uid="267154" lat="3.0640853" lon="101.6002265"/>
 <node id="7231706161" visible="true" version="3" changeset="114505950" timestamp="2021-12-03T04:29:44Z" user="Peter Jolly" uid="267154" lat="3.0639377" lon="101.6003228"/>
 <node id="7231706162" visible="true" version="3" changeset="114505950" timestamp="2021-12-03T04:29:44Z" user="Peter Jolly" uid="267154" lat="3.0638322" lon="101.6003691"/>
 <node id="7231706163" visible="true" version="3" changeset="114505950" timestamp="2021-12-03T04:29:44Z" user="Peter Jolly" uid="267154" lat="3.0637697" lon="101.6003949"/>
 <node id="7231706164" visible="true" version="3" changeset="114505950" timestamp="2021-12-03T04:29:44Z" user="Peter Jolly" uid="267154" lat="3.0636004" lon="101.6004336"/>
 <node id="7231706165" visible="true" version="3" changeset="114505950" timestamp="2021-12-03T04:29:44Z" user="Peter Jolly" uid="267154" lat="3.0635363" lon="101.6002326"/>
 <node id="7231706166" visible="true" version="3" changeset="114505950" timestamp="2021-12-03T04:29:44Z" user="Peter Jolly" uid="267154" lat="3.0636632" lon="101.6002104"/>
 <node id="7231706167" visible="true" version="3" changeset="114505950" timestamp="2021-12-03T04:29:44Z" user="Peter Jolly" uid="267154" lat="3.0637835" lon="101.6001685"/>
 <node id="7231706168" visible="true" version="3" changeset="114505950" timestamp="2021-12-03T04:29:44Z" user="Peter Jolly" uid="267154" lat="3.0638716" lon="101.6001245"/>
 <node id="7231706169" visible="true" version="3" changeset="114505950" timestamp="2021-12-03T04:29:44Z" user="Peter Jolly" uid="267154" lat="3.0639693" lon="101.6000570"/>
 <node id="7231706170" visible="true" version="3" changeset="114505950" timestamp="2021-12-03T04:29:44Z" user="Peter Jolly" uid="267154" lat="3.0640670" lon="101.5999645"/>
 <node id="7231706171" visible="true" version="4" changeset="114505950" timestamp="2021-12-03T04:29:44Z" user="Peter Jolly" uid="267154" lat="3.0644610" lon="101.6005271"/>
 <node id="7231706172" visible="true" version="3" changeset="114505950" timestamp="2021-12-03T04:29:44Z" user="Peter Jolly" uid="267154" lat="3.0644464" lon="101.6004613"/>
 <node id="7231706173" visible="true" version="3" changeset="114505950" timestamp="2021-12-03T04:29:44Z" user="Peter Jolly" uid="267154" lat="3.0644126" lon="101.6003693"/>
 <node id="7231706174" visible="true" version="3" changeset="114505950" timestamp="2021-12-03T04:29:44Z" user="Peter Jolly" uid="267154" lat="3.0643654" lon="101.6002812"/>
 <node id="7231706175" visible="true" version="3" changeset="114505950" timestamp="2021-12-03T04:29:44Z" user="Peter Jolly" uid="267154" lat="3.0643315" lon="101.6002330"/>
 <node id="7231706176" visible="true" version="3" changeset="114505950" timestamp="2021-12-03T04:29:44Z" user="Peter Jolly" uid="267154" lat="3.0642292" lon="101.6002084"/>
 <node id="7231706178" visible="true" version="3" changeset="114505950" timestamp="2021-12-03T04:29:44Z" user="Peter Jolly" uid="267154" lat="3.0641928" lon="101.6002322"/>
 <node id="7231706179" visible="true" version="2" changeset="114505950" timestamp="2021-12-03T04:29:44Z" user="Peter Jolly" uid="267154" lat="3.0641471" lon="101.6001689"/>
 <node id="7231706180" visible="true" version="3" changeset="114505950" timestamp="2021-12-03T04:29:44Z" user="Peter Jolly" uid="267154" lat="3.0641144" lon="101.6001996"/>
 <node id="7231706181" visible="true" version="3" changeset="114505950" timestamp="2021-12-03T04:29:44Z" user="Peter Jolly" uid="267154" lat="3.0641604" lon="101.6002585"/>
 <node id="7231706182" visible="true" version="3" changeset="114505950" timestamp="2021-12-03T04:29:44Z" user="Peter Jolly" uid="267154" lat="3.0641056" lon="101.6003011"/>
 <node id="7231706183" visible="true" version="3" changeset="114505950" timestamp="2021-12-03T04:29:44Z" user="Peter Jolly" uid="267154" lat="3.0640852" lon="101.6003302"/>
 <node id="7231706184" visible="true" version="3" changeset="114505950" timestamp="2021-12-03T04:29:44Z" user="Peter Jolly" uid="267154" lat="3.0640760" lon="101.6003638"/>
 <node id="7231706185" visible="true" version="3" changeset="114505950" timestamp="2021-12-03T04:29:44Z" user="Peter Jolly" uid="267154" lat="3.0641085" lon="101.6005141"/>
 <node id="7231706187" visible="true" version="4" changeset="114505950" timestamp="2021-12-03T04:29:44Z" user="Peter Jolly" uid="267154" lat="3.0641138" lon="101.6005252"/>
 <node id="7231706188" visible="true" version="1" changeset="81294267" timestamp="2020-02-21T00:15:36Z" user="Robuster" uid="6575994" lat="3.0627281" lon="101.6003138"/>
 <node id="7231706189" visible="true" version="1" changeset="81294267" timestamp="2020-02-21T00:15:36Z" user="Robuster" uid="6575994" lat="3.0626224" lon="101.6004752"/>
 <node id="7231706190" visible="true" version="1" changeset="81294267" timestamp="2020-02-21T00:15:36Z" user="Robuster" uid="6575994" lat="3.0625771" lon="101.6006994"/>
 <node id="7231706191" visible="true" version="1" changeset="81294267" timestamp="2020-02-21T00:15:36Z" user="Robuster" uid="6575994" lat="3.0628394" lon="101.6015444"/>
 <node id="7231706192" visible="true" version="2" changeset="182382462" timestamp="2026-05-08T13:22:43Z" user="BroharrisCanal" uid="17826795" lat="3.0632566" lon="101.6014262"/>
 <node id="7231706193" visible="true" version="2" changeset="182382462" timestamp="2026-05-08T13:22:43Z" user="BroharrisCanal" uid="17826795" lat="3.0631152" lon="101.6010690"/>
 <node id="7231706194" visible="true" version="1" changeset="81294267" timestamp="2020-02-21T00:15:36Z" user="Robuster" uid="6575994" lat="3.0629573" lon="101.6011223"/>
 <node id="7231706195" visible="true" version="1" changeset="81294267" timestamp="2020-02-21T00:15:36Z" user="Robuster" uid="6575994" lat="3.0629228" lon="101.6010592"/>
 <node id="7231706196" visible="true" version="2" changeset="182382462" timestamp="2026-05-08T13:22:43Z" user="BroharrisCanal" uid="17826795" lat="3.0629321" lon="101.6007587"/>
 <node id="7231706197" visible="true" version="2" changeset="182382462" timestamp="2026-05-08T13:22:43Z" user="BroharrisCanal" uid="17826795" lat="3.0628959" lon="101.6005800"/>
 <node id="7231706198" visible="true" version="2" changeset="182382462" timestamp="2026-05-08T13:22:43Z" user="BroharrisCanal" uid="17826795" lat="3.0630253" lon="101.6012933"/>
 <node id="7231706199" visible="true" version="2" changeset="182382462" timestamp="2026-05-08T13:22:43Z" user="BroharrisCanal" uid="17826795" lat="3.0630604" lon="101.6013578"/>
 <node id="7231706200" visible="true" version="2" changeset="182382462" timestamp="2026-05-08T13:22:43Z" user="BroharrisCanal" uid="17826795" lat="3.0631077" lon="101.6013818"/>
 <node id="7231706201" visible="true" version="2" changeset="182382462" timestamp="2026-05-08T13:22:43Z" user="BroharrisCanal" uid="17826795" lat="3.0631956" lon="101.6012807"/>
 <node id="7231706214" visible="true" version="3" changeset="146062260" timestamp="2024-01-09T11:06:04Z" user="Zh9567" uid="9940138" lat="3.0621925" lon="101.6006705"/>
 <node id="7231706215" visible="true" version="3" changeset="146062260" timestamp="2024-01-09T11:06:04Z" user="Zh9567" uid="9940138" lat="3.0621964" lon="101.6011486"/>
 <node id="7231706216" visible="true" version="3" changeset="146062260" timestamp="2024-01-09T11:06:04Z" user="Zh9567" uid="9940138" lat="3.0619907" lon="101.6011503"/>
 <node id="7231706217" visible="true" version="3" changeset="146062260" timestamp="2024-01-09T11:06:04Z" user="Zh9567" uid="9940138" lat="3.0614976" lon="101.6011523"/>
 <node id="7231732578" visible="true" version="3" changeset="114505950" timestamp="2021-12-03T04:29:44Z" user="Peter Jolly" uid="267154" lat="3.0643252" lon="101.5999593"/>
 <node id="7231732579" visible="true" version="1" changeset="81294749" timestamp="2020-02-21T00:54:44Z" user="Robuster" uid="6575994" lat="3.0642670" lon="101.6001026"/>
 <node id="7231732580" visible="true" version="1" changeset="81294749" timestamp="2020-02-21T00:54:44Z" user="Robuster" uid="6575994" lat="3.0641120" lon="101.6002386"/>
 <node id="7231732581" visible="true" version="1" changeset="81294749" timestamp="2020-02-21T00:54:44Z" user="Robuster" uid="6575994" lat="3.0640124" lon="101.6003098"/>
 <node id="7231732582" visible="true" version="1" changeset="81294749" timestamp="2020-02-21T00:54:44Z" user="Robuster" uid="6575994" lat="3.0638820" lon="101.6003932"/>
 <node id="7231732583" visible="true" version="1" changeset="81294749" timestamp="2020-02-21T00:54:44Z" user="Robuster" uid="6575994" lat="3.0636637" lon="101.6004656"/>
 <node id="7231732584" visible="true" version="1" changeset="81294749" timestamp="2020-02-21T00:54:44Z" user="Robuster" uid="6575994" lat="3.0634240" lon="101.6004951"/>
 <node id="7231737885" visible="true" version="2" changeset="114505950" timestamp="2021-12-03T04:29:44Z" user="Peter Jolly" uid="267154" lat="3.0632304" lon="101.6007224"/>
 <node id="7231737886" visible="true" version="2" changeset="114505950" timestamp="2021-12-03T04:29:44Z" user="Peter Jolly" uid="267154" lat="3.0631996" lon="101.6007209"/>
 <node id="7231737887" visible="true" version="3" changeset="114505950" timestamp="2021-12-03T04:29:44Z" user="Peter Jolly" uid="267154" lat="3.0629854" lon="101.6003494"/>
 <node id="7231737888" visible="true" version="2" changeset="114505950" timestamp="2021-12-03T04:29:44Z" user="Peter Jolly" uid="267154" lat="3.0628270" lon="101.6003412"/>
 <node id="7231737889" visible="true" version="1" changeset="81294749" timestamp="2020-02-21T00:54:44Z" user="Robuster" uid="6575994" lat="3.0626446" lon="101.6000606"/>
 <node id="7231737890" visible="true" version="1" changeset="81294749" timestamp="2020-02-21T00:54:44Z" user="Robuster" uid="6575994" lat="3.0626432" lon="101.5999412"/>
 <node id="7231737893" visible="true" version="4" changeset="152397147" timestamp="2024-06-08T01:25:07Z" user="nathanielcwm" uid="21303943" lat="3.0627601" lon="101.6002404">
  <tag k="crossing:markings" v="no"/>
  <tag k="crossing:signals" v="no"/>
  <tag k="highway" v="crossing"/>
 </node>
 <node id="7231737894" visible="true" version="4" changeset="152397147" timestamp="2024-06-08T01:25:07Z" user="nathanielcwm" uid="21303943" lat="3.0626961" lon="101.6001422">
  <tag k="crossing:markings" v="no"/>
  <tag k="crossing:signals" v="no"/>
  <tag k="highway" v="crossing"/>
 </node>
 <node id="7231737895" visible="true" version="1" changeset="81294749" timestamp="2020-02-21T00:54:44Z" user="Robuster" uid="6575994" lat="3.0626739" lon="101.6001639"/>
 <node id="7231737896" visible="true" version="1" changeset="81294749" timestamp="2020-02-21T00:54:44Z" user="Robuster" uid="6575994" lat="3.0627152" lon="101.6001704"/>
 <node id="7231746222" visible="true" version="1" changeset="81295026" timestamp="2020-02-21T01:13:45Z" user="Robuster" uid="6575994" lat="3.0665000" lon="101.5993450"/>
 <node id="7231746223" visible="true" version="1" changeset="81295026" timestamp="2020-02-21T01:13:45Z" user="Robuster" uid="6575994" lat="3.0664971" lon="101.6000053"/>
 <node id="7231746224" visible="true" version="1" changeset="81295026" timestamp="2020-02-21T01:13:45Z" user="Robuster" uid="6575994" lat="3.0661861" lon="101.6000084"/>
 <node id="7231746225" visible="true" version="1" changeset="81295026" timestamp="2020-02-21T01:13:45Z" user="Robuster" uid="6575994" lat="3.0661841" lon="101.5993427"/>
 <node id="7231746226" visible="true" version="1" changeset="81295026" timestamp="2020-02-21T01:13:45Z" user="Robuster" uid="6575994" lat="3.0658582" lon="101.5993464"/>
 <node id="7231746227" visible="true" version="1" changeset="81295026" timestamp="2020-02-21T01:13:45Z" user="Robuster" uid="6575994" lat="3.0658570" lon="101.6000072"/>
 <node id="7231746228" visible="true" version="1" changeset="81295026" timestamp="2020-02-21T01:13:45Z" user="Robuster" uid="6575994" lat="3.0661718" lon="101.6000083"/>
 <node id="7231746229" visible="true" version="1" changeset="81295026" timestamp="2020-02-21T01:13:45Z" user="Robuster" uid="6575994" lat="3.0661753" lon="101.5993464"/>
 <node id="7231746230" visible="true" version="1" changeset="81295026" timestamp="2020-02-21T01:13:45Z" user="Robuster" uid="6575994" lat="3.0655313" lon="101.5993462"/>
 <node id="7231746231" visible="true" version="1" changeset="81295026" timestamp="2020-02-21T01:13:45Z" user="Robuster" uid="6575994" lat="3.0655269" lon="101.6000089"/>
 <node id="7231746232" visible="true" version="1" changeset="81295026" timestamp="2020-02-21T01:13:45Z" user="Robuster" uid="6575994" lat="3.0658370" lon="101.6000098"/>
 <node id="7231746233" visible="true" version="1" changeset="81295026" timestamp="2020-02-21T01:13:45Z" user="Robuster" uid="6575994" lat="3.0658370" lon="101.5993462"/>
 <node id="7231746234" visible="true" version="1" changeset="81295026" timestamp="2020-02-21T01:13:45Z" user="Robuster" uid="6575994" lat="3.0663728" lon="101.5991937"/>
 <node id="7231746235" visible="true" version="1" changeset="81295026" timestamp="2020-02-21T01:13:45Z" user="Robuster" uid="6575994" lat="3.0659872" lon="101.5991856"/>
 <node id="7231746236" visible="true" version="1" changeset="81295026" timestamp="2020-02-21T01:13:45Z" user="Robuster" uid="6575994" lat="3.0659851" lon="101.5993258"/>
 <node id="7231746237" visible="true" version="1" changeset="81295026" timestamp="2020-02-21T01:13:45Z" user="Robuster" uid="6575994" lat="3.0663708" lon="101.5993238"/>
 <node id="7231746238" visible="true" version="2" changeset="103832338" timestamp="2021-04-29T09:39:33Z" user="Qomar IRM-ED" uid="9543905" lat="3.0664273" lon="101.5992618"/>
 <node id="7231746239" visible="true" version="2" changeset="103832338" timestamp="2021-04-29T09:39:33Z" user="Qomar IRM-ED" uid="9543905" lat="3.0664253" lon="101.5993330"/>
 <node id="7231746240" visible="true" version="2" changeset="103832338" timestamp="2021-04-29T09:39:33Z" user="Qomar IRM-ED" uid="9543905" lat="3.0663755" lon="101.5993319"/>
 <node id="7231746241" visible="true" version="2" changeset="103832338" timestamp="2021-04-29T09:39:33Z" user="Qomar IRM-ED" uid="9543905" lat="3.0663745" lon="101.5992597"/>
 <node id="7231746259" visible="true" version="1" changeset="81295026" timestamp="2020-02-21T01:13:45Z" user="Robuster" uid="6575994" lat="3.0660939" lon="101.6001254"/>
 <node id="7231746260" visible="true" version="1" changeset="81295026" timestamp="2020-02-21T01:13:45Z" user="Robuster" uid="6575994" lat="3.0660939" lon="101.6003309"/>
 <node id="7231746261" visible="true" version="1" changeset="81295026" timestamp="2020-02-21T01:13:45Z" user="Robuster" uid="6575994" lat="3.0658211" lon="101.6003355"/>
 <node id="7231746262" visible="true" version="1" changeset="81295026" timestamp="2020-02-21T01:13:45Z" user="Robuster" uid="6575994" lat="3.0658211" lon="101.6001254"/>
 <node id="7231746267" visible="true" version="3" changeset="152705603" timestamp="2024-06-15T04:55:08Z" user="Zh9567" uid="9940138" lat="3.0656344" lon="101.6022156"/>
 <node id="7231746268" visible="true" version="3" changeset="152705603" timestamp="2024-06-15T04:55:08Z" user="Zh9567" uid="9940138" lat="3.0656729" lon="101.6024323"/>
 <node id="7231746280" visible="true" version="2" changeset="129863739" timestamp="2022-12-08T14:37:19Z" user="angys" uid="3191182" lat="3.0655771" lon="101.6015321"/>
 <node id="7231862984" visible="true" version="2" changeset="152368622" timestamp="2024-06-07T10:17:37Z" user="nathanielcwm" uid="21303943" lat="3.0626527" lon="101.5992223"/>
 <node id="7231867085" visible="true" version="2" changeset="152368622" timestamp="2024-06-07T10:17:37Z" user="nathanielcwm" uid="21303943" lat="3.0626510" lon="101.5994486"/>
 <node id="7231867086" visible="true" version="2" changeset="152368622" timestamp="2024-06-07T10:17:37Z" user="nathanielcwm" uid="21303943" lat="3.0625369" lon="101.5994477"/>
 <node id="7231867087" visible="true" version="2" changeset="152368622" timestamp="2024-06-07T10:17:37Z" user="nathanielcwm" uid="21303943" lat="3.0625386" lon="101.5992214"/>
 <node id="7231867088" visible="true" version="4" changeset="114505950" timestamp="2021-12-03T04:29:44Z" user="Peter Jolly" uid="267154" lat="3.0636980" lon="101.5992507"/>
 <node id="7231867089" visible="true" version="4" changeset="114505950" timestamp="2021-12-03T04:29:44Z" user="Peter Jolly" uid="267154" lat="3.0636975" lon="101.5993930"/>
 <node id="7231867090" visible="true" version="4" changeset="114505950" timestamp="2021-12-03T04:29:44Z" user="Peter Jolly" uid="267154" lat="3.0635933" lon="101.5993952"/>
 <node id="7231867091" visible="true" version="3" changeset="114505950" timestamp="2021-12-03T04:29:44Z" user="Peter Jolly" uid="267154" lat="3.0635928" lon="101.5994174"/>
 <node id="7231867092" visible="true" version="4" changeset="114505950" timestamp="2021-12-03T04:29:44Z" user="Peter Jolly" uid="267154" lat="3.0636970" lon="101.5994174"/>
 <node id="7231867093" visible="true" version="4" changeset="114505950" timestamp="2021-12-03T04:29:44Z" user="Peter Jolly" uid="267154" lat="3.0636977" lon="101.5995962"/>
 <node id="7231867094" visible="true" version="4" changeset="114505950" timestamp="2021-12-03T04:29:44Z" user="Peter Jolly" uid="267154" lat="3.0635895" lon="101.5995956"/>
 <node id="7231867095" visible="true" version="4" changeset="114505950" timestamp="2021-12-03T04:29:44Z" user="Peter Jolly" uid="267154" lat="3.0635897" lon="101.5996680"/>
 <node id="7231867096" visible="true" version="4" changeset="114505950" timestamp="2021-12-03T04:29:44Z" user="Peter Jolly" uid="267154" lat="3.0635510" lon="101.5997136"/>
 <node id="7231867097" visible="true" version="4" changeset="114505950" timestamp="2021-12-03T04:29:44Z" user="Peter Jolly" uid="267154" lat="3.0634475" lon="101.5997133"/>
 <node id="7231867098" visible="true" version="4" changeset="114505950" timestamp="2021-12-03T04:29:44Z" user="Peter Jolly" uid="267154" lat="3.0634478" lon="101.5996678"/>
 <node id="7231867099" visible="true" version="4" changeset="114505950" timestamp="2021-12-03T04:29:44Z" user="Peter Jolly" uid="267154" lat="3.0634377" lon="101.5996680"/>
 <node id="7231867100" visible="true" version="4" changeset="114505950" timestamp="2021-12-03T04:29:44Z" user="Peter Jolly" uid="267154" lat="3.0634374" lon="101.5996235"/>
 <node id="7231867101" visible="true" version="4" changeset="114505950" timestamp="2021-12-03T04:29:44Z" user="Peter Jolly" uid="267154" lat="3.0634215" lon="101.5996231"/>
 <node id="7231867102" visible="true" version="4" changeset="114505950" timestamp="2021-12-03T04:29:44Z" user="Peter Jolly" uid="267154" lat="3.0634210" lon="101.5997207"/>
 <node id="7231867103" visible="true" version="3" changeset="114505950" timestamp="2021-12-03T04:29:44Z" user="Peter Jolly" uid="267154" lat="3.0632589" lon="101.5997209"/>
 <node id="7231867104" visible="true" version="4" changeset="114505950" timestamp="2021-12-03T04:29:44Z" user="Peter Jolly" uid="267154" lat="3.0632601" lon="101.5997756"/>
 <node id="7231867105" visible="true" version="4" changeset="114505950" timestamp="2021-12-03T04:29:44Z" user="Peter Jolly" uid="267154" lat="3.0632876" lon="101.5997751"/>
 <node id="7231867106" visible="true" version="4" changeset="114505950" timestamp="2021-12-03T04:29:44Z" user="Peter Jolly" uid="267154" lat="3.0632869" lon="101.5998252"/>
 <node id="7231867107" visible="true" version="4" changeset="114505950" timestamp="2021-12-03T04:29:44Z" user="Peter Jolly" uid="267154" lat="3.0630720" lon="101.5998309"/>
 <node id="7231867108" visible="true" version="4" changeset="114505950" timestamp="2021-12-03T04:29:44Z" user="Peter Jolly" uid="267154" lat="3.0630721" lon="101.5997758"/>
 <node id="7231867109" visible="true" version="4" changeset="114505950" timestamp="2021-12-03T04:29:44Z" user="Peter Jolly" uid="267154" lat="3.0631092" lon="101.5997750"/>
 <node id="7231867110" visible="true" version="4" changeset="114505950" timestamp="2021-12-03T04:29:44Z" user="Peter Jolly" uid="267154" lat="3.0631076" lon="101.5997201"/>
 <node id="7231867111" visible="true" version="4" changeset="114505950" timestamp="2021-12-03T04:29:44Z" user="Peter Jolly" uid="267154" lat="3.0630714" lon="101.5997200"/>
 <node id="7231867112" visible="true" version="4" changeset="114505950" timestamp="2021-12-03T04:29:44Z" user="Peter Jolly" uid="267154" lat="3.0630723" lon="101.5996201"/>
 <node id="7231867113" visible="true" version="4" changeset="114505950" timestamp="2021-12-03T04:29:44Z" user="Peter Jolly" uid="267154" lat="3.0630305" lon="101.5996206"/>
 <node id="7231867114" visible="true" version="4" changeset="114505950" timestamp="2021-12-03T04:29:44Z" user="Peter Jolly" uid="267154" lat="3.0630302" lon="101.5996756"/>
 <node id="7231867115" visible="true" version="3" changeset="114505950" timestamp="2021-12-03T04:29:44Z" user="Peter Jolly" uid="267154" lat="3.0629174" lon="101.5996762"/>
 <node id="7231867116" visible="true" version="4" changeset="114505950" timestamp="2021-12-03T04:29:44Z" user="Peter Jolly" uid="267154" lat="3.0629186" lon="101.5997527"/>
 <node id="7231867117" visible="true" version="4" changeset="114505950" timestamp="2021-12-03T04:29:44Z" user="Peter Jolly" uid="267154" lat="3.0628029" lon="101.5997542"/>
 <node id="7231867118" visible="true" version="4" changeset="114505950" timestamp="2021-12-03T04:29:44Z" user="Peter Jolly" uid="267154" lat="3.0628031" lon="101.5996844"/>
 <node id="7231867119" visible="true" version="3" changeset="114505950" timestamp="2021-12-03T04:29:44Z" user="Peter Jolly" uid="267154" lat="3.0626913" lon="101.5996855"/>
 <node id="7231867120" visible="true" version="4" changeset="114505950" timestamp="2021-12-03T04:29:44Z" user="Peter Jolly" uid="267154" lat="3.0626858" lon="101.5999626"/>
 <node id="7231867121" visible="true" version="5" changeset="114505950" timestamp="2021-12-03T04:29:44Z" user="Peter Jolly" uid="267154" lat="3.0626131" lon="101.5999639"/>
 <node id="7231867122" visible="true" version="3" changeset="114505950" timestamp="2021-12-03T04:29:44Z" user="Peter Jolly" uid="267154" lat="3.0624190" lon="101.5999659"/>
 <node id="7231867123" visible="true" version="4" changeset="114505950" timestamp="2021-12-03T04:29:44Z" user="Peter Jolly" uid="267154" lat="3.0624172" lon="101.5995164"/>
 <node id="7231867124" visible="true" version="3" changeset="114505950" timestamp="2021-12-03T04:29:44Z" user="Peter Jolly" uid="267154" lat="3.0626913" lon="101.5995129"/>
 <node id="7231867125" visible="true" version="3" changeset="114505950" timestamp="2021-12-03T04:29:44Z" user="Peter Jolly" uid="267154" lat="3.0626882" lon="101.5996423"/>
 <node id="7231867126" visible="true" version="4" changeset="114505950" timestamp="2021-12-03T04:29:44Z" user="Peter Jolly" uid="267154" lat="3.0628033" lon="101.5996417"/>
 <node id="7231867127" visible="true" version="4" changeset="114505950" timestamp="2021-12-03T04:29:44Z" user="Peter Jolly" uid="267154" lat="3.0628046" lon="101.5993868"/>
 <node id="7231867128" visible="true" version="4" changeset="114505950" timestamp="2021-12-03T04:29:44Z" user="Peter Jolly" uid="267154" lat="3.0628594" lon="101.5993866"/>
 <node id="7231867129" visible="true" version="4" changeset="114505950" timestamp="2021-12-03T04:29:44Z" user="Peter Jolly" uid="267154" lat="3.0628591" lon="101.5993563"/>
 <node id="7231867130" visible="true" version="4" changeset="114505950" timestamp="2021-12-03T04:29:44Z" user="Peter Jolly" uid="267154" lat="3.0628047" lon="101.5993565"/>
 <node id="7231867131" visible="true" version="4" changeset="114505950" timestamp="2021-12-03T04:29:44Z" user="Peter Jolly" uid="267154" lat="3.0628049" lon="101.5992122"/>
 <node id="7231867132" visible="true" version="4" changeset="114505950" timestamp="2021-12-03T04:29:44Z" user="Peter Jolly" uid="267154" lat="3.0628817" lon="101.5992129"/>
 <node id="7231867133" visible="true" version="4" changeset="114505950" timestamp="2021-12-03T04:29:44Z" user="Peter Jolly" uid="267154" lat="3.0628815" lon="101.5992272"/>
 <node id="7231867134" visible="true" version="4" changeset="114505950" timestamp="2021-12-03T04:29:44Z" user="Peter Jolly" uid="267154" lat="3.0629006" lon="101.5992273"/>
 <node id="7231867135" visible="true" version="4" changeset="114505950" timestamp="2021-12-03T04:29:44Z" user="Peter Jolly" uid="267154" lat="3.0629006" lon="101.5992128"/>
 <node id="7231867136" visible="true" version="4" changeset="114505950" timestamp="2021-12-03T04:29:44Z" user="Peter Jolly" uid="267154" lat="3.0630312" lon="101.5992131"/>
 <node id="7231867137" visible="true" version="4" changeset="114505950" timestamp="2021-12-03T04:29:44Z" user="Peter Jolly" uid="267154" lat="3.0630309" lon="101.5993596"/>
 <node id="7231867138" visible="true" version="4" changeset="114505950" timestamp="2021-12-03T04:29:44Z" user="Peter Jolly" uid="267154" lat="3.0629546" lon="101.5993592"/>
 <node id="7231867139" visible="true" version="4" changeset="114505950" timestamp="2021-12-03T04:29:44Z" user="Peter Jolly" uid="267154" lat="3.0629545" lon="101.5993868"/>
 <node id="7231867140" visible="true" version="4" changeset="114505950" timestamp="2021-12-03T04:29:44Z" user="Peter Jolly" uid="267154" lat="3.0630316" lon="101.5993868"/>
 <node id="7231867141" visible="true" version="4" changeset="114505950" timestamp="2021-12-03T04:29:44Z" user="Peter Jolly" uid="267154" lat="3.0630300" lon="101.5995470"/>
 <node id="7231867142" visible="true" version="4" changeset="114505950" timestamp="2021-12-03T04:29:44Z" user="Peter Jolly" uid="267154" lat="3.0629025" lon="101.5995483"/>
 <node id="7231867143" visible="true" version="3" changeset="114505950" timestamp="2021-12-03T04:29:44Z" user="Peter Jolly" uid="267154" lat="3.0629021" lon="101.5995859"/>
 <node id="7231867144" visible="true" version="4" changeset="114505950" timestamp="2021-12-03T04:29:44Z" user="Peter Jolly" uid="267154" lat="3.0629122" lon="101.5995861"/>
 <node id="7231867145" visible="true" version="4" changeset="114505950" timestamp="2021-12-03T04:29:44Z" user="Peter Jolly" uid="267154" lat="3.0629129" lon="101.5995668"/>
 <node id="7231867146" visible="true" version="4" changeset="114505950" timestamp="2021-12-03T04:29:44Z" user="Peter Jolly" uid="267154" lat="3.0630301" lon="101.5995673"/>
 <node id="7231867147" visible="true" version="4" changeset="114505950" timestamp="2021-12-03T04:29:44Z" user="Peter Jolly" uid="267154" lat="3.0630297" lon="101.5995851"/>
 <node id="7231867148" visible="true" version="4" changeset="114505950" timestamp="2021-12-03T04:29:44Z" user="Peter Jolly" uid="267154" lat="3.0630710" lon="101.5995860"/>
 <node id="7231867149" visible="true" version="4" changeset="114505950" timestamp="2021-12-03T04:29:44Z" user="Peter Jolly" uid="267154" lat="3.0630718" lon="101.5994908"/>
 <node id="7231867150" visible="true" version="4" changeset="114505950" timestamp="2021-12-03T04:29:44Z" user="Peter Jolly" uid="267154" lat="3.0632154" lon="101.5994913"/>
 <node id="7231867151" visible="true" version="4" changeset="114505950" timestamp="2021-12-03T04:29:44Z" user="Peter Jolly" uid="267154" lat="3.0632149" lon="101.5995650"/>
 <node id="7231867152" visible="true" version="3" changeset="114505950" timestamp="2021-12-03T04:29:44Z" user="Peter Jolly" uid="267154" lat="3.0632374" lon="101.5995653"/>
 <node id="7231867153" visible="true" version="4" changeset="114505950" timestamp="2021-12-03T04:29:44Z" user="Peter Jolly" uid="267154" lat="3.0632378" lon="101.5994912"/>
 <node id="7231867154" visible="true" version="4" changeset="114505950" timestamp="2021-12-03T04:29:44Z" user="Peter Jolly" uid="267154" lat="3.0634214" lon="101.5994914"/>
 <node id="7231867155" visible="true" version="4" changeset="114505950" timestamp="2021-12-03T04:29:44Z" user="Peter Jolly" uid="267154" lat="3.0634214" lon="101.5995860"/>
 <node id="7231867156" visible="true" version="4" changeset="114505950" timestamp="2021-12-03T04:29:44Z" user="Peter Jolly" uid="267154" lat="3.0634563" lon="101.5995863"/>
 <node id="7231867157" visible="true" version="4" changeset="114505950" timestamp="2021-12-03T04:29:44Z" user="Peter Jolly" uid="267154" lat="3.0634567" lon="101.5994184"/>
 <node id="7231867158" visible="true" version="4" changeset="114505950" timestamp="2021-12-03T04:29:44Z" user="Peter Jolly" uid="267154" lat="3.0635358" lon="101.5994187"/>
 <node id="7231867159" visible="true" version="4" changeset="114505950" timestamp="2021-12-03T04:29:44Z" user="Peter Jolly" uid="267154" lat="3.0635356" lon="101.5993951"/>
 <node id="7231867160" visible="true" version="4" changeset="114505950" timestamp="2021-12-03T04:29:44Z" user="Peter Jolly" uid="267154" lat="3.0634563" lon="101.5993956"/>
 <node id="7231867161" visible="true" version="4" changeset="114505950" timestamp="2021-12-03T04:29:44Z" user="Peter Jolly" uid="267154" lat="3.0634570" lon="101.5992512"/>
 <node id="7231867162" visible="true" version="4" changeset="114505950" timestamp="2021-12-03T04:29:44Z" user="Peter Jolly" uid="267154" lat="3.0635506" lon="101.5996679"/>
 <node id="7241689460" visible="true" version="3" changeset="114505950" timestamp="2021-12-03T04:29:44Z" user="Peter Jolly" uid="267154" lat="3.0647960" lon="101.6011017"/>
 <node id="7241689461" visible="true" version="3" changeset="114505950" timestamp="2021-12-03T04:29:44Z" user="Peter Jolly" uid="267154" lat="3.0647962" lon="101.6010612"/>
 <node id="7241689462" visible="true" version="3" changeset="114505950" timestamp="2021-12-03T04:29:44Z" user="Peter Jolly" uid="267154" lat="3.0649077" lon="101.6010621"/>
 <node id="7241689463" visible="true" version="3" changeset="114505950" timestamp="2021-12-03T04:29:44Z" user="Peter Jolly" uid="267154" lat="3.0649074" lon="101.6011023"/>
 <node id="7241689464" visible="true" version="3" changeset="114505950" timestamp="2021-12-03T04:29:44Z" user="Peter Jolly" uid="267154" lat="3.0647970" lon="101.6008379"/>
 <node id="7241689465" visible="true" version="3" changeset="114505950" timestamp="2021-12-03T04:29:44Z" user="Peter Jolly" uid="267154" lat="3.0647969" lon="101.6008786"/>
 <node id="7241689466" visible="true" version="3" changeset="114505950" timestamp="2021-12-03T04:29:44Z" user="Peter Jolly" uid="267154" lat="3.0649082" lon="101.6008729"/>
 <node id="7241689467" visible="true" version="3" changeset="114505950" timestamp="2021-12-03T04:29:44Z" user="Peter Jolly" uid="267154" lat="3.0649084" lon="101.6008385"/>
 <node id="7241689468" visible="true" version="2" changeset="114505950" timestamp="2021-12-03T04:29:44Z" user="Peter Jolly" uid="267154" lat="3.0643204" lon="101.6002224"/>
 <node id="7241689469" visible="true" version="2" changeset="114505950" timestamp="2021-12-03T04:29:44Z" user="Peter Jolly" uid="267154" lat="3.0642923" lon="101.6002076"/>
 <node id="7241689470" visible="true" version="2" changeset="114505950" timestamp="2021-12-03T04:29:44Z" user="Peter Jolly" uid="267154" lat="3.0642610" lon="101.6002025"/>
 <node id="7241689471" visible="true" version="2" changeset="114505950" timestamp="2021-12-03T04:29:44Z" user="Peter Jolly" uid="267154" lat="3.0642132" lon="101.6002157"/>
 <node id="7241689475" visible="true" version="2" changeset="114505950" timestamp="2021-12-03T04:29:44Z" user="Peter Jolly" uid="267154" lat="3.0640795" lon="101.6003464"/>
 <node id="7241689476" visible="true" version="2" changeset="114505950" timestamp="2021-12-03T04:29:44Z" user="Peter Jolly" uid="267154" lat="3.0640764" lon="101.6004014"/>
 <node id="7241689477" visible="true" version="2" changeset="114505950" timestamp="2021-12-03T04:29:44Z" user="Peter Jolly" uid="267154" lat="3.0640818" lon="101.6004386"/>
 <node id="7241689478" visible="true" version="2" changeset="114505950" timestamp="2021-12-03T04:29:44Z" user="Peter Jolly" uid="267154" lat="3.0640959" lon="101.6004871"/>
 <node id="7241689479" visible="true" version="2" changeset="114505950" timestamp="2021-12-03T04:29:44Z" user="Peter Jolly" uid="267154" lat="3.0635035" lon="101.6004417"/>
 <node id="7241689480" visible="true" version="2" changeset="114505950" timestamp="2021-12-03T04:29:44Z" user="Peter Jolly" uid="267154" lat="3.0631953" lon="101.6005075"/>
 <node id="7241689481" visible="true" version="2" changeset="114505950" timestamp="2021-12-03T04:29:44Z" user="Peter Jolly" uid="267154" lat="3.0632684" lon="101.6004889"/>
 <node id="7241689482" visible="true" version="2" changeset="114505950" timestamp="2021-12-03T04:29:44Z" user="Peter Jolly" uid="267154" lat="3.0642381" lon="101.6000758"/>
 <node id="7241689483" visible="true" version="2" changeset="114505950" timestamp="2021-12-03T04:29:44Z" user="Peter Jolly" uid="267154" lat="3.0640070" lon="101.6002774"/>
 <node id="7241689484" visible="true" version="2" changeset="114505950" timestamp="2021-12-03T04:29:44Z" user="Peter Jolly" uid="267154" lat="3.0636753" lon="101.6004179"/>
 <node id="7245719922" visible="true" version="2" changeset="145627298" timestamp="2023-12-28T16:18:32Z" user="mataharimau" uid="17227421" lat="3.0810276" lon="101.6119490"/>
 <node id="7245719923" visible="true" version="2" changeset="145627298" timestamp="2023-12-28T16:18:32Z" user="mataharimau" uid="17227421" lat="3.0808980" lon="101.6118092"/>
 <node id="7245719924" visible="true" version="2" changeset="145627298" timestamp="2023-12-28T16:18:32Z" user="mataharimau" uid="17227421" lat="3.0808672" lon="101.6117210"/>
 <node id="7245719925" visible="true" version="2" changeset="145627298" timestamp="2023-12-28T16:18:32Z" user="mataharimau" uid="17227421" lat="3.0810995" lon="101.6119737"/>
 <node id="7245719926" visible="true" version="2" changeset="145627298" timestamp="2023-12-28T16:18:32Z" user="mataharimau" uid="17227421" lat="3.0808202" lon="101.6105332"/>
 <node id="7245719927" visible="true" version="2" changeset="145627298" timestamp="2023-12-28T16:18:32Z" user="mataharimau" uid="17227421" lat="3.0807954" lon="101.6104668"/>
 <node id="7245719928" visible="true" version="2" changeset="145627298" timestamp="2023-12-28T16:18:32Z" user="mataharimau" uid="17227421" lat="3.0806996" lon="101.6103300"/>
 <node id="7245719929" visible="true" version="1" changeset="81514980" timestamp="2020-02-26T17:28:02Z" user="Nathan_Rose" uid="10068986" lat="3.0806437" lon="101.6102850"/>
 <node id="7245719930" visible="true" version="2" changeset="145627298" timestamp="2023-12-28T16:18:32Z" user="mataharimau" uid="17227421" lat="3.0808351" lon="101.6106927"/>
 <node id="7245719931" visible="true" version="1" changeset="81514980" timestamp="2020-02-26T17:28:02Z" user="Nathan_Rose" uid="10068986" lat="3.0805446" lon="101.6102435"/>
 <node id="7661629322" visible="true" version="1" changeset="87260055" timestamp="2020-06-28T20:03:58Z" user="angys" uid="3191182" lat="3.0702877" lon="101.6190936"/>
 <node id="7661629323" visible="true" version="1" changeset="87260055" timestamp="2020-06-28T20:03:58Z" user="angys" uid="3191182" lat="3.0689195" lon="101.6184504"/>
 <node id="7661629343" visible="true" version="2" changeset="145656200" timestamp="2023-12-29T11:09:48Z" user="mataharimau" uid="17227421" lat="3.0752391" lon="101.6189035"/>
 <node id="7661629344" visible="true" version="2" changeset="145656200" timestamp="2023-12-29T11:09:48Z" user="mataharimau" uid="17227421" lat="3.0756382" lon="101.6194558"/>
 <node id="7661629345" visible="true" version="2" changeset="95718476" timestamp="2020-12-12T11:12:25Z" user="angys" uid="3191182" lat="3.0755200" lon="101.6196441"/>
 <node id="7661629346" visible="true" version="2" changeset="95718476" timestamp="2020-12-12T11:12:25Z" user="angys" uid="3191182" lat="3.0751801" lon="101.6197058"/>
 <node id="7661629347" visible="true" version="1" changeset="87260055" timestamp="2020-06-28T20:03:58Z" user="angys" uid="3191182" lat="3.0742572" lon="101.6199018"/>
 <node id="7661629348" visible="true" version="1" changeset="87260055" timestamp="2020-06-28T20:03:58Z" user="angys" uid="3191182" lat="3.0740080" lon="101.6199978"/>
 <node id="7661629349" visible="true" version="1" changeset="87260055" timestamp="2020-06-28T20:03:58Z" user="angys" uid="3191182" lat="3.0733049" lon="101.6197898"/>
 <node id="7661629350" visible="true" version="1" changeset="87260055" timestamp="2020-06-28T20:03:58Z" user="angys" uid="3191182" lat="3.0729661" lon="101.6197994"/>
 <node id="7661629351" visible="true" version="1" changeset="87260055" timestamp="2020-06-28T20:03:58Z" user="angys" uid="3191182" lat="3.0729597" lon="101.6190953"/>
 <node id="7661629352" visible="true" version="1" changeset="87260055" timestamp="2020-06-28T20:03:58Z" user="angys" uid="3191182" lat="3.0719114" lon="101.6189960"/>
 <node id="7661637048" visible="true" version="2" changeset="112973995" timestamp="2021-10-26T04:18:18Z" user="AntelopeCliif" uid="10353518" lat="3.0681090" lon="101.6181841"/>
 <node id="7661637067" visible="true" version="2" changeset="178589664" timestamp="2026-02-15T16:26:20Z" user="Tembikai" uid="5259280" lat="3.0604002" lon="101.6074346"/>
 <node id="7661637068" visible="true" version="2" changeset="178589664" timestamp="2026-02-15T16:26:20Z" user="Tembikai" uid="5259280" lat="3.0601323" lon="101.6082280"/>
 <node id="7661637094" visible="true" version="1" changeset="87260055" timestamp="2020-06-28T20:03:58Z" user="angys" uid="3191182" lat="3.0621118" lon="101.6013302">
  <tag k="barrier" v="lift_gate"/>
 </node>
 <node id="7661637095" visible="true" version="2" changeset="146062260" timestamp="2024-01-09T11:06:04Z" user="Zh9567" uid="9940138" lat="3.0616892" lon="101.6006133"/>
 <node id="7661637096" visible="true" version="2" changeset="146062260" timestamp="2024-01-09T11:06:04Z" user="Zh9567" uid="9940138" lat="3.0614948" lon="101.6008060"/>
 <node id="7677561752" visible="true" version="2" changeset="145627298" timestamp="2023-12-28T16:18:32Z" user="mataharimau" uid="17227421" lat="3.0828508" lon="101.6120257"/>
 <node id="7677561753" visible="true" version="2" changeset="145627298" timestamp="2023-12-28T16:18:32Z" user="mataharimau" uid="17227421" lat="3.0829092" lon="101.6121041"/>
 <node id="7677561758" visible="true" version="1" changeset="87460373" timestamp="2020-07-02T15:04:06Z" user="angys" uid="3191182" lat="3.0766822" lon="101.5978669"/>
 <node id="7677561759" visible="true" version="2" changeset="96126903" timestamp="2020-12-20T01:48:40Z" user="banban_msm" uid="12230469" lat="3.0768560" lon="101.6011490"/>
 <node id="7677561760" visible="true" version="1" changeset="87460373" timestamp="2020-07-02T15:04:06Z" user="angys" uid="3191182" lat="3.0776632" lon="101.6023467"/>
 <node id="7677561761" visible="true" version="1" changeset="87460373" timestamp="2020-07-02T15:04:06Z" user="angys" uid="3191182" lat="3.0801253" lon="101.6036250"/>
 <node id="7677561762" visible="true" version="1" changeset="87460373" timestamp="2020-07-02T15:04:06Z" user="angys" uid="3191182" lat="3.0801290" lon="101.6039550"/>
 <node id="7677561763" visible="true" version="1" changeset="87460373" timestamp="2020-07-02T15:04:06Z" user="angys" uid="3191182" lat="3.0817957" lon="101.6047706"/>
 <node id="7677561764" visible="true" version="2" changeset="96126903" timestamp="2020-12-20T01:48:40Z" user="banban_msm" uid="12230469" lat="3.0820988" lon="101.6028525"/>
 <node id="7677579009" visible="true" version="1" changeset="87460373" timestamp="2020-07-02T15:04:06Z" user="angys" uid="3191182" lat="3.0736815" lon="101.6105311"/>
 <node id="7677579010" visible="true" version="1" changeset="87460373" timestamp="2020-07-02T15:04:06Z" user="angys" uid="3191182" lat="3.0736092" lon="101.6106062"/>
 <node id="7677579011" visible="true" version="1" changeset="87460373" timestamp="2020-07-02T15:04:06Z" user="angys" uid="3191182" lat="3.0719888" lon="101.6106169"/>
 <node id="7677579028" visible="true" version="2" changeset="95713539" timestamp="2020-12-12T07:20:58Z" user="angys" uid="3191182" lat="3.0563946" lon="101.5940698"/>
 <node id="7677579029" visible="true" version="2" changeset="95713539" timestamp="2020-12-12T07:20:58Z" user="angys" uid="3191182" lat="3.0563641" lon="101.5939403"/>
 <node id="7954030041" visible="true" version="2" changeset="145627298" timestamp="2023-12-28T16:18:32Z" user="mataharimau" uid="17227421" lat="3.0811713" lon="101.6119818"/>
 <node id="7993603231" visible="true" version="1" changeset="92258369" timestamp="2020-10-09T22:45:30Z" user="StackofPaper" uid="10147121" lat="3.0651762" lon="101.5989913"/>
 <node id="7993603232" visible="true" version="1" changeset="92258369" timestamp="2020-10-09T22:45:30Z" user="StackofPaper" uid="10147121" lat="3.0652187" lon="101.5990207"/>
 <node id="7993603233" visible="true" version="1" changeset="92258369" timestamp="2020-10-09T22:45:30Z" user="StackofPaper" uid="10147121" lat="3.0652410" lon="101.5990473"/>
 <node id="7993603234" visible="true" version="1" changeset="92258369" timestamp="2020-10-09T22:45:30Z" user="StackofPaper" uid="10147121" lat="3.0652719" lon="101.5991133"/>
 <node id="7993603235" visible="true" version="1" changeset="92258369" timestamp="2020-10-09T22:45:30Z" user="StackofPaper" uid="10147121" lat="3.0652176" lon="101.5988664"/>
 <node id="7993603236" visible="true" version="1" changeset="92258369" timestamp="2020-10-09T22:45:30Z" user="StackofPaper" uid="10147121" lat="3.0652463" lon="101.5988419"/>
 <node id="7993603237" visible="true" version="1" changeset="92258369" timestamp="2020-10-09T22:45:30Z" user="StackofPaper" uid="10147121" lat="3.0652838" lon="101.5988008"/>
 <node id="7993603238" visible="true" version="1" changeset="92258369" timestamp="2020-10-09T22:45:30Z" user="StackofPaper" uid="10147121" lat="3.0651517" lon="101.5988927"/>
 <node id="8010907987" visible="true" version="4" changeset="147414135" timestamp="2024-02-13T15:35:00Z" user="angys" uid="3191182" lat="3.0616703" lon="101.5978525"/>
 <node id="8081913268" visible="true" version="1" changeset="93555765" timestamp="2020-11-04T17:31:58Z" user="angys" uid="3191182" lat="3.0804194" lon="101.6102434"/>
 <node id="8081913269" visible="true" version="1" changeset="93555765" timestamp="2020-11-04T17:31:58Z" user="angys" uid="3191182" lat="3.0805836" lon="101.6102598"/>
 <node id="8081913271" visible="true" version="1" changeset="93555765" timestamp="2020-11-04T17:31:58Z" user="angys" uid="3191182" lat="3.0588769" lon="101.5940824"/>
 <node id="8081913272" visible="true" version="1" changeset="93555765" timestamp="2020-11-04T17:31:58Z" user="angys" uid="3191182" lat="3.0590173" lon="101.5940794"/>
 <node id="8221330162" visible="true" version="1" changeset="95711055" timestamp="2020-12-12T03:52:21Z" user="angys" uid="3191182" lat="3.0834422" lon="101.5950468"/>
 <node id="8221330163" visible="true" version="1" changeset="95711055" timestamp="2020-12-12T03:52:21Z" user="angys" uid="3191182" lat="3.0831304" lon="101.5966989"/>
 <node id="8221330164" visible="true" version="1" changeset="95711055" timestamp="2020-12-12T03:52:21Z" user="angys" uid="3191182" lat="3.0831205" lon="101.5969577"/>
 <node id="8221330165" visible="true" version="1" changeset="95711055" timestamp="2020-12-12T03:52:21Z" user="angys" uid="3191182" lat="3.0830161" lon="101.5973712"/>
 <node id="8221330166" visible="true" version="1" changeset="95711055" timestamp="2020-12-12T03:52:21Z" user="angys" uid="3191182" lat="3.0832792" lon="101.5946246"/>
 <node id="8221443922" visible="true" version="1" changeset="95712894" timestamp="2020-12-12T06:37:25Z" user="angys" uid="3191182" lat="3.0220182" lon="101.5873433"/>
 <node id="8221443923" visible="true" version="1" changeset="95712894" timestamp="2020-12-12T06:37:25Z" user="angys" uid="3191182" lat="3.0212147" lon="101.5871189"/>
 <node id="8221464453" visible="true" version="1" changeset="95713539" timestamp="2020-12-12T07:20:58Z" user="angys" uid="3191182" lat="3.0558528" lon="101.6106999"/>
 <node id="8221464454" visible="true" version="1" changeset="95713539" timestamp="2020-12-12T07:20:58Z" user="angys" uid="3191182" lat="3.0556777" lon="101.6106864"/>
 <node id="8221464455" visible="true" version="1" changeset="95713539" timestamp="2020-12-12T07:20:58Z" user="angys" uid="3191182" lat="3.0552535" lon="101.6101166"/>
 <node id="8221464456" visible="true" version="1" changeset="95713539" timestamp="2020-12-12T07:20:58Z" user="angys" uid="3191182" lat="3.0543242" lon="101.6091421"/>
 <node id="8221464457" visible="true" version="1" changeset="95713539" timestamp="2020-12-12T07:20:58Z" user="angys" uid="3191182" lat="3.0542805" lon="101.6090545"/>
 <node id="8221464458" visible="true" version="1" changeset="95713539" timestamp="2020-12-12T07:20:58Z" user="angys" uid="3191182" lat="3.0533007" lon="101.6083228"/>
 <node id="8221464459" visible="true" version="1" changeset="95713539" timestamp="2020-12-12T07:20:58Z" user="angys" uid="3191182" lat="3.0522973" lon="101.6079654"/>
 <node id="8221464460" visible="true" version="1" changeset="95713539" timestamp="2020-12-12T07:20:58Z" user="angys" uid="3191182" lat="3.0517249" lon="101.6073787"/>
 <node id="8221464461" visible="true" version="1" changeset="95713539" timestamp="2020-12-12T07:20:58Z" user="angys" uid="3191182" lat="3.0514051" lon="101.6072809"/>
 <node id="8221464462" visible="true" version="1" changeset="95713539" timestamp="2020-12-12T07:20:58Z" user="angys" uid="3191182" lat="3.0511660" lon="101.6073180"/>
 <node id="8221464463" visible="true" version="1" changeset="95713539" timestamp="2020-12-12T07:20:58Z" user="angys" uid="3191182" lat="3.0509202" lon="101.6080126"/>
 <node id="8221464464" visible="true" version="1" changeset="95713539" timestamp="2020-12-12T07:20:58Z" user="angys" uid="3191182" lat="3.0506946" lon="101.6080430"/>
 <node id="8221464465" visible="true" version="1" changeset="95713539" timestamp="2020-12-12T07:20:58Z" user="angys" uid="3191182" lat="3.0490751" lon="101.6074832"/>
 <node id="8221464466" visible="true" version="1" changeset="95713539" timestamp="2020-12-12T07:20:58Z" user="angys" uid="3191182" lat="3.0480751" lon="101.6071798"/>
 <node id="8221464467" visible="true" version="1" changeset="95713539" timestamp="2020-12-12T07:20:58Z" user="angys" uid="3191182" lat="3.0469169" lon="101.6069269"/>
 <node id="8221464469" visible="true" version="1" changeset="95713539" timestamp="2020-12-12T07:20:58Z" user="angys" uid="3191182" lat="3.0446206" lon="101.6055917"/>
 <node id="8221464470" visible="true" version="1" changeset="95713539" timestamp="2020-12-12T07:20:58Z" user="angys" uid="3191182" lat="3.0440246" lon="101.6050050"/>
 <node id="8221464471" visible="true" version="1" changeset="95713539" timestamp="2020-12-12T07:20:58Z" user="angys" uid="3191182" lat="3.0428226" lon="101.6039463"/>
 <node id="8221464472" visible="true" version="2" changeset="96113485" timestamp="2020-12-19T15:58:53Z" user="banban_msm" uid="12230469" lat="3.0427550" lon="101.6038870"/>
 <node id="8221464473" visible="true" version="2" changeset="96113485" timestamp="2020-12-19T15:58:53Z" user="banban_msm" uid="12230469" lat="3.0418601" lon="101.6031199"/>
 <node id="8221464474" visible="true" version="1" changeset="95713539" timestamp="2020-12-12T07:20:58Z" user="angys" uid="3191182" lat="3.0392335" lon="101.6004632"/>
 <node id="8221464475" visible="true" version="1" changeset="95713539" timestamp="2020-12-12T07:20:58Z" user="angys" uid="3191182" lat="3.0401266" lon="101.6011546"/>
 <node id="8221464476" visible="true" version="1" changeset="95713539" timestamp="2020-12-12T07:20:58Z" user="angys" uid="3191182" lat="3.0363156" lon="101.5990021"/>
 <node id="8221464477" visible="true" version="1" changeset="95713539" timestamp="2020-12-12T07:20:58Z" user="angys" uid="3191182" lat="3.0320213" lon="101.5984554"/>
 <node id="8221464479" visible="true" version="1" changeset="95713539" timestamp="2020-12-12T07:20:58Z" user="angys" uid="3191182" lat="3.0213349" lon="101.5865301"/>
 <node id="8221464480" visible="true" version="1" changeset="95713539" timestamp="2020-12-12T07:20:58Z" user="angys" uid="3191182" lat="3.0214670" lon="101.5864663"/>
 <node id="8221464481" visible="true" version="1" changeset="95713539" timestamp="2020-12-12T07:20:58Z" user="angys" uid="3191182" lat="3.0216309" lon="101.5865757"/>
 <node id="8221464482" visible="true" version="1" changeset="95713539" timestamp="2020-12-12T07:20:58Z" user="angys" uid="3191182" lat="3.0219268" lon="101.5870590"/>
 <node id="8221464486" visible="true" version="1" changeset="95713539" timestamp="2020-12-12T07:20:58Z" user="angys" uid="3191182" lat="3.0320393" lon="101.5894986"/>
 <node id="8221464491" visible="true" version="1" changeset="95713539" timestamp="2020-12-12T07:20:58Z" user="angys" uid="3191182" lat="3.0224943" lon="101.5920203"/>
 <node id="8221500985" visible="true" version="1" changeset="95713539" timestamp="2020-12-12T07:20:58Z" user="angys" uid="3191182" lat="3.0562308" lon="101.6104358"/>
 <node id="8221500986" visible="true" version="1" changeset="95713539" timestamp="2020-12-12T07:20:58Z" user="angys" uid="3191182" lat="3.0572640" lon="101.6088896"/>
 <node id="8221500987" visible="true" version="2" changeset="96677569" timestamp="2020-12-30T15:26:20Z" user="banban_msm" uid="12230469" lat="3.0576218" lon="101.6081215"/>
 <node id="8221500996" visible="true" version="2" changeset="96113485" timestamp="2020-12-19T15:58:53Z" user="banban_msm" uid="12230469" lat="3.0591670" lon="101.6034346"/>
 <node id="8221500997" visible="true" version="2" changeset="96113485" timestamp="2020-12-19T15:58:53Z" user="banban_msm" uid="12230469" lat="3.0593739" lon="101.6024552"/>
 <node id="8221501002" visible="true" version="1" changeset="95713539" timestamp="2020-12-12T07:20:58Z" user="angys" uid="3191182" lat="3.0597336" lon="101.6009815"/>
 <node id="8221501003" visible="true" version="1" changeset="95713539" timestamp="2020-12-12T07:20:58Z" user="angys" uid="3191182" lat="3.0600102" lon="101.6000353"/>
 <node id="8221501004" visible="true" version="1" changeset="95713539" timestamp="2020-12-12T07:20:58Z" user="angys" uid="3191182" lat="3.0601561" lon="101.5993044"/>
 <node id="8221501005" visible="true" version="1" changeset="95713539" timestamp="2020-12-12T07:20:58Z" user="angys" uid="3191182" lat="3.0603943" lon="101.5991621"/>
 <node id="8221501006" visible="true" version="1" changeset="95713539" timestamp="2020-12-12T07:20:58Z" user="angys" uid="3191182" lat="3.0608705" lon="101.5988313"/>
 <node id="8221501007" visible="true" version="1" changeset="95713539" timestamp="2020-12-12T07:20:58Z" user="angys" uid="3191182" lat="3.0614352" lon="101.5985467"/>
 <node id="8221501008" visible="true" version="1" changeset="95713539" timestamp="2020-12-12T07:20:58Z" user="angys" uid="3191182" lat="3.0617309" lon="101.5984736"/>
 <node id="8221501009" visible="true" version="1" changeset="95713539" timestamp="2020-12-12T07:20:58Z" user="angys" uid="3191182" lat="3.0620420" lon="101.5979544"/>
 <node id="8221501010" visible="true" version="1" changeset="95713539" timestamp="2020-12-12T07:20:58Z" user="angys" uid="3191182" lat="3.0622456" lon="101.5970543"/>
 <node id="8221501011" visible="true" version="1" changeset="95713539" timestamp="2020-12-12T07:20:58Z" user="angys" uid="3191182" lat="3.0623954" lon="101.5958466"/>
 <node id="8221501012" visible="true" version="1" changeset="95713539" timestamp="2020-12-12T07:20:58Z" user="angys" uid="3191182" lat="3.0624405" lon="101.5944577"/>
 <node id="8221501014" visible="true" version="1" changeset="95713539" timestamp="2020-12-12T07:20:58Z" user="angys" uid="3191182" lat="3.0624724" lon="101.5941020"/>
 <node id="8221501015" visible="true" version="1" changeset="95713539" timestamp="2020-12-12T07:20:58Z" user="angys" uid="3191182" lat="3.0624691" lon="101.5935420"/>
 <node id="8221501016" visible="true" version="1" changeset="95713539" timestamp="2020-12-12T07:20:58Z" user="angys" uid="3191182" lat="3.0621432" lon="101.5932265"/>
 <node id="8221501017" visible="true" version="1" changeset="95713539" timestamp="2020-12-12T07:20:58Z" user="angys" uid="3191182" lat="3.0612661" lon="101.5932665"/>
 <node id="8221501019" visible="true" version="1" changeset="95713539" timestamp="2020-12-12T07:20:58Z" user="angys" uid="3191182" lat="3.0600791" lon="101.5928213"/>
 <node id="8221501020" visible="true" version="1" changeset="95713539" timestamp="2020-12-12T07:20:58Z" user="angys" uid="3191182" lat="3.0587619" lon="101.5923154"/>
 <node id="8221501021" visible="true" version="1" changeset="95713539" timestamp="2020-12-12T07:20:58Z" user="angys" uid="3191182" lat="3.0582594" lon="101.5921699"/>
 <node id="8221501022" visible="true" version="1" changeset="95713539" timestamp="2020-12-12T07:20:58Z" user="angys" uid="3191182" lat="3.0570563" lon="101.5921658"/>
 <node id="8221501023" visible="true" version="1" changeset="95713539" timestamp="2020-12-12T07:20:58Z" user="angys" uid="3191182" lat="3.0569354" lon="101.5922828"/>
 <node id="8221501024" visible="true" version="1" changeset="95713539" timestamp="2020-12-12T07:20:58Z" user="angys" uid="3191182" lat="3.0569110" lon="101.5924487"/>
 <node id="8221501025" visible="true" version="1" changeset="95713539" timestamp="2020-12-12T07:20:58Z" user="angys" uid="3191182" lat="3.0569884" lon="101.5926336"/>
 <node id="8221501026" visible="true" version="1" changeset="95713539" timestamp="2020-12-12T07:20:58Z" user="angys" uid="3191182" lat="3.0571378" lon="101.5927968"/>
 <node id="8221501027" visible="true" version="1" changeset="95713539" timestamp="2020-12-12T07:20:58Z" user="angys" uid="3191182" lat="3.0578517" lon="101.5935517"/>
 <node id="8221501036" visible="true" version="1" changeset="95713539" timestamp="2020-12-12T07:20:58Z" user="angys" uid="3191182" lat="3.0577543" lon="101.5921590"/>
 <node id="8221501037" visible="true" version="1" changeset="95713539" timestamp="2020-12-12T07:20:58Z" user="angys" uid="3191182" lat="3.0570003" lon="101.5922001"/>
 <node id="8221501038" visible="true" version="1" changeset="95713539" timestamp="2020-12-12T07:20:58Z" user="angys" uid="3191182" lat="3.0569002" lon="101.5923625"/>
 <node id="8221501060" visible="true" version="1" changeset="95713539" timestamp="2020-12-12T07:20:58Z" user="angys" uid="3191182" lat="3.0563558" lon="101.5923535"/>
 <node id="8221501061" visible="true" version="1" changeset="95713539" timestamp="2020-12-12T07:20:58Z" user="angys" uid="3191182" lat="3.0562693" lon="101.5922496"/>
 <node id="8221501062" visible="true" version="1" changeset="95713539" timestamp="2020-12-12T07:20:58Z" user="angys" uid="3191182" lat="3.0562060" lon="101.5922131"/>
 <node id="8221501063" visible="true" version="1" changeset="95713539" timestamp="2020-12-12T07:20:58Z" user="angys" uid="3191182" lat="3.0561330" lon="101.5921938"/>
 <node id="8221501064" visible="true" version="1" changeset="95713539" timestamp="2020-12-12T07:20:58Z" user="angys" uid="3191182" lat="3.0560523" lon="101.5921784"/>
 <node id="8221501065" visible="true" version="1" changeset="95713539" timestamp="2020-12-12T07:20:58Z" user="angys" uid="3191182" lat="3.0559179" lon="101.5921784"/>
 <node id="8221501078" visible="true" version="1" changeset="95713539" timestamp="2020-12-12T07:20:58Z" user="angys" uid="3191182" lat="3.0580493" lon="101.5940356"/>
 <node id="8221501079" visible="true" version="1" changeset="95713539" timestamp="2020-12-12T07:20:58Z" user="angys" uid="3191182" lat="3.0580608" lon="101.5943307"/>
 <node id="8221501080" visible="true" version="1" changeset="95713539" timestamp="2020-12-12T07:20:58Z" user="angys" uid="3191182" lat="3.0560898" lon="101.5943261"/>
 <node id="8221501081" visible="true" version="2" changeset="166927587" timestamp="2025-05-29T15:04:58Z" user="nabilersyad" uid="11419275" lat="3.0543046" lon="101.5942890"/>
 <node id="8221501082" visible="true" version="1" changeset="95713539" timestamp="2020-12-12T07:20:58Z" user="angys" uid="3191182" lat="3.0506124" lon="101.5943160"/>
 <node id="8221501083" visible="true" version="1" changeset="95713539" timestamp="2020-12-12T07:20:58Z" user="angys" uid="3191182" lat="3.0469659" lon="101.5943225"/>
 <node id="8221522381" visible="true" version="1" changeset="95713901" timestamp="2020-12-12T07:45:15Z" user="angys" uid="3191182" lat="3.0433093" lon="101.5943246"/>
 <node id="8221522385" visible="true" version="1" changeset="95713901" timestamp="2020-12-12T07:45:15Z" user="angys" uid="3191182" lat="3.0541723" lon="101.5943191"/>
 <node id="8221522387" visible="true" version="2" changeset="166927587" timestamp="2025-05-29T15:04:58Z" user="nabilersyad" uid="11419275" lat="3.0597481" lon="101.5987318"/>
 <node id="8221522390" visible="true" version="2" changeset="147414135" timestamp="2024-02-13T15:35:00Z" user="angys" uid="3191182" lat="3.0597497" lon="101.6006992"/>
 <node id="8221522391" visible="true" version="2" changeset="147414135" timestamp="2024-02-13T15:35:00Z" user="angys" uid="3191182" lat="3.0598395" lon="101.6006972"/>
 <node id="8221522392" visible="true" version="1" changeset="95713901" timestamp="2020-12-12T07:45:15Z" user="angys" uid="3191182" lat="3.0617779" lon="101.5983951"/>
 <node id="8221522393" visible="true" version="2" changeset="147414135" timestamp="2024-02-13T15:35:00Z" user="angys" uid="3191182" lat="3.0615716" lon="101.5980512"/>
 <node id="8221644163" visible="true" version="1" changeset="95716046" timestamp="2020-12-12T09:36:35Z" user="angys" uid="3191182" lat="3.0624563" lon="101.5927157"/>
 <node id="8221644164" visible="true" version="1" changeset="95716046" timestamp="2020-12-12T09:36:35Z" user="angys" uid="3191182" lat="3.0625471" lon="101.5921939"/>
 <node id="8221803765" visible="true" version="1" changeset="95718476" timestamp="2020-12-12T11:12:25Z" user="angys" uid="3191182" lat="3.0831173" lon="101.5927814"/>
 <node id="8221803766" visible="true" version="2" changeset="187290120" timestamp="2026-08-11T14:41:27Z" user="angys" uid="3191182" lat="3.0832484" lon="101.5920055"/>
 <node id="8221803767" visible="true" version="2" changeset="187290120" timestamp="2026-08-11T14:41:27Z" user="angys" uid="3191182" lat="3.0833202" lon="101.5912599"/>
 <node id="8221803768" visible="true" version="1" changeset="95718476" timestamp="2020-12-12T11:12:25Z" user="angys" uid="3191182" lat="3.0842331" lon="101.5912924"/>
 <node id="8221803769" visible="true" version="1" changeset="95718476" timestamp="2020-12-12T11:12:25Z" user="angys" uid="3191182" lat="3.0843262" lon="101.5900767"/>
 <node id="8221803770" visible="true" version="1" changeset="95718476" timestamp="2020-12-12T11:12:25Z" user="angys" uid="3191182" lat="3.0842663" lon="101.5898103"/>
 <node id="8221803771" visible="true" version="1" changeset="95718476" timestamp="2020-12-12T11:12:25Z" user="angys" uid="3191182" lat="3.0842530" lon="101.5891109"/>
 <node id="8221803772" visible="true" version="1" changeset="95718476" timestamp="2020-12-12T11:12:25Z" user="angys" uid="3191182" lat="3.0844426" lon="101.5867994"/>
 <node id="8221803773" visible="true" version="2" changeset="162017843" timestamp="2025-02-01T16:38:10Z" user="angys" uid="3191182" lat="3.0844893" lon="101.5860287"/>
 <node id="8221803774" visible="true" version="2" changeset="162017843" timestamp="2025-02-01T16:38:10Z" user="angys" uid="3191182" lat="3.0843567" lon="101.5857010"/>
 <node id="8221803775" visible="true" version="2" changeset="162017843" timestamp="2025-02-01T16:38:10Z" user="angys" uid="3191182" lat="3.0840343" lon="101.5851371"/>
 <node id="8221803776" visible="true" version="1" changeset="95718476" timestamp="2020-12-12T11:12:25Z" user="angys" uid="3191182" lat="3.0838207" lon="101.5848877"/>
 <node id="8221803812" visible="true" version="1" changeset="95718476" timestamp="2020-12-12T11:12:25Z" user="angys" uid="3191182" lat="3.0734524" lon="101.5980702"/>
 <node id="8221803813" visible="true" version="1" changeset="95718476" timestamp="2020-12-12T11:12:25Z" user="angys" uid="3191182" lat="3.0760282" lon="101.5974768"/>
 <node id="8221803814" visible="true" version="1" changeset="95718476" timestamp="2020-12-12T11:12:25Z" user="angys" uid="3191182" lat="3.0766673" lon="101.5974132"/>
 <node id="8221803815" visible="true" version="1" changeset="95718476" timestamp="2020-12-12T11:12:25Z" user="angys" uid="3191182" lat="3.0823168" lon="101.6012222"/>
 <node id="8221819821" visible="true" version="2" changeset="150620648" timestamp="2024-04-28T14:12:55Z" user="angys" uid="3191182" lat="3.0729177" lon="101.5946791"/>
 <node id="8221819824" visible="true" version="1" changeset="95718476" timestamp="2020-12-12T11:12:25Z" user="angys" uid="3191182" lat="3.0635719" lon="101.5932381"/>
 <node id="8221819825" visible="true" version="1" changeset="95718476" timestamp="2020-12-12T11:12:25Z" user="angys" uid="3191182" lat="3.0634379" lon="101.5933052"/>
 <node id="8221819826" visible="true" version="1" changeset="95718476" timestamp="2020-12-12T11:12:25Z" user="angys" uid="3191182" lat="3.0633877" lon="101.5937813"/>
 <node id="8221819827" visible="true" version="1" changeset="95718476" timestamp="2020-12-12T11:12:25Z" user="angys" uid="3191182" lat="3.0629559" lon="101.5974658"/>
 <node id="8221819828" visible="true" version="1" changeset="95718476" timestamp="2020-12-12T11:12:25Z" user="angys" uid="3191182" lat="3.0624805" lon="101.5987901"/>
 <node id="8221819829" visible="true" version="1" changeset="95718476" timestamp="2020-12-12T11:12:25Z" user="angys" uid="3191182" lat="3.0630583" lon="101.5988423"/>
 <node id="8221819830" visible="true" version="1" changeset="95718476" timestamp="2020-12-12T11:12:25Z" user="angys" uid="3191182" lat="3.0649230" lon="101.5988088"/>
 <node id="8221819831" visible="true" version="1" changeset="95718476" timestamp="2020-12-12T11:12:25Z" user="angys" uid="3191182" lat="3.0669451" lon="101.5988859"/>
 <node id="8221819832" visible="true" version="1" changeset="95718476" timestamp="2020-12-12T11:12:25Z" user="angys" uid="3191182" lat="3.0713910" lon="101.5989764"/>
 <node id="8221819833" visible="true" version="1" changeset="95718476" timestamp="2020-12-12T11:12:25Z" user="angys" uid="3191182" lat="3.0726799" lon="101.5982824"/>
 <node id="8221819834" visible="true" version="2" changeset="96164641" timestamp="2020-12-21T04:35:35Z" user="banban_msm" uid="12230469" lat="3.0729256" lon="101.5982442"/>
 <node id="8221819835" visible="true" version="3" changeset="150620648" timestamp="2024-04-28T14:12:55Z" user="angys" uid="3191182" lat="3.0729072" lon="101.5968515"/>
 <node id="8221819836" visible="true" version="1" changeset="95718476" timestamp="2020-12-12T11:12:25Z" user="angys" uid="3191182" lat="3.0728975" lon="101.5934534"/>
 <node id="8221819837" visible="true" version="1" changeset="95718476" timestamp="2020-12-12T11:12:25Z" user="angys" uid="3191182" lat="3.0728059" lon="101.5933178"/>
 <node id="8221819838" visible="true" version="1" changeset="95718476" timestamp="2020-12-12T11:12:25Z" user="angys" uid="3191182" lat="3.0726746" lon="101.5932461"/>
 <node id="8221819839" visible="true" version="1" changeset="95718476" timestamp="2020-12-12T11:12:25Z" user="angys" uid="3191182" lat="3.0724516" lon="101.5932341"/>
 <node id="8221819840" visible="true" version="1" changeset="95718476" timestamp="2020-12-12T11:12:25Z" user="angys" uid="3191182" lat="3.0718186" lon="101.5931903"/>
 <node id="8221819841" visible="true" version="1" changeset="95718476" timestamp="2020-12-12T11:12:25Z" user="angys" uid="3191182" lat="3.0701746" lon="101.5932236"/>
 <node id="8221819843" visible="true" version="1" changeset="95718476" timestamp="2020-12-12T11:12:25Z" user="angys" uid="3191182" lat="3.0670075" lon="101.5932605"/>
 <node id="8221819860" visible="true" version="3" changeset="130313565" timestamp="2022-12-21T04:21:48Z" user="kucai" uid="536853" lat="3.0652673" lon="101.5976539"/>
 <node id="8221819867" visible="true" version="1" changeset="95718476" timestamp="2020-12-12T11:12:25Z" user="angys" uid="3191182" lat="3.0722556" lon="101.6190849"/>
 <node id="8221819878" visible="true" version="1" changeset="95718476" timestamp="2020-12-12T11:12:25Z" user="angys" uid="3191182" lat="3.0585179" lon="101.6155175"/>
 <node id="8221819879" visible="true" version="1" changeset="95718476" timestamp="2020-12-12T11:12:25Z" user="angys" uid="3191182" lat="3.0598357" lon="101.6175110"/>
 <node id="8221819880" visible="true" version="1" changeset="95718476" timestamp="2020-12-12T11:12:25Z" user="angys" uid="3191182" lat="3.0603095" lon="101.6178260"/>
 <node id="8221819889" visible="true" version="1" changeset="95718476" timestamp="2020-12-12T11:12:25Z" user="angys" uid="3191182" lat="3.0590054" lon="101.6106228"/>
 <node id="8221819890" visible="true" version="1" changeset="95718476" timestamp="2020-12-12T11:12:25Z" user="angys" uid="3191182" lat="3.0588809" lon="101.6102915"/>
 <node id="8221819898" visible="true" version="1" changeset="95718476" timestamp="2020-12-12T11:12:25Z" user="angys" uid="3191182" lat="3.0590191" lon="101.6100229"/>
 <node id="8221819899" visible="true" version="1" changeset="95718476" timestamp="2020-12-12T11:12:25Z" user="angys" uid="3191182" lat="3.0619348" lon="101.6099765"/>
 <node id="8221819900" visible="true" version="1" changeset="95718476" timestamp="2020-12-12T11:12:25Z" user="angys" uid="3191182" lat="3.0624939" lon="101.6101806"/>
 <node id="8221819901" visible="true" version="2" changeset="142483411" timestamp="2023-10-12T14:44:05Z" user="evanthechong" uid="17872310" lat="3.0629286" lon="101.6103740"/>
 <node id="8221819902" visible="true" version="1" changeset="95718476" timestamp="2020-12-12T11:12:25Z" user="angys" uid="3191182" lat="3.0638745" lon="101.6103910"/>
 <node id="8221819903" visible="true" version="2" changeset="150620648" timestamp="2024-04-28T14:12:55Z" user="angys" uid="3191182" lat="3.0643236" lon="101.6105538"/>
 <node id="8221819904" visible="true" version="2" changeset="150620648" timestamp="2024-04-28T14:12:55Z" user="angys" uid="3191182" lat="3.0645256" lon="101.6105816"/>
 <node id="8221819905" visible="true" version="2" changeset="101308847" timestamp="2021-03-19T08:03:44Z" user="ObRiver" uid="10529631" lat="3.0658043" lon="101.6106210"/>
 <node id="8221819906" visible="true" version="1" changeset="95718476" timestamp="2020-12-12T11:12:25Z" user="angys" uid="3191182" lat="3.0680535" lon="101.6106322"/>
 <node id="8221819907" visible="true" version="1" changeset="95718476" timestamp="2020-12-12T11:12:25Z" user="angys" uid="3191182" lat="3.0705553" lon="101.6106446"/>
 <node id="8221819908" visible="true" version="1" changeset="95718476" timestamp="2020-12-12T11:12:25Z" user="angys" uid="3191182" lat="3.0738571" lon="101.6104157"/>
 <node id="8221819911" visible="true" version="2" changeset="147414135" timestamp="2024-02-13T15:35:00Z" user="angys" uid="3191182" lat="3.0735873" lon="101.6059949"/>
 <node id="8221819912" visible="true" version="1" changeset="95718476" timestamp="2020-12-12T11:12:25Z" user="angys" uid="3191182" lat="3.0730362" lon="101.6032893"/>
 <node id="8221819913" visible="true" version="1" changeset="95718476" timestamp="2020-12-12T11:12:25Z" user="angys" uid="3191182" lat="3.0728518" lon="101.6015336"/>
 <node id="8221819914" visible="true" version="1" changeset="95718476" timestamp="2020-12-12T11:12:25Z" user="angys" uid="3191182" lat="3.0728596" lon="101.5984124"/>
 <node id="8221819915" visible="true" version="1" changeset="95718476" timestamp="2020-12-12T11:12:25Z" user="angys" uid="3191182" lat="3.0726518" lon="101.5984593"/>
 <node id="8221819916" visible="true" version="1" changeset="95718476" timestamp="2020-12-12T11:12:25Z" user="angys" uid="3191182" lat="3.0715012" lon="101.5990835"/>
 <node id="8221819917" visible="true" version="1" changeset="95718476" timestamp="2020-12-12T11:12:25Z" user="angys" uid="3191182" lat="3.0713480" lon="101.5991173"/>
 <node id="8221819918" visible="true" version="1" changeset="95718476" timestamp="2020-12-12T11:12:25Z" user="angys" uid="3191182" lat="3.0711999" lon="101.5991303"/>
 <node id="8221819919" visible="true" version="2" changeset="146592830" timestamp="2024-01-23T13:17:01Z" user="mataharimau" uid="17227421" lat="3.0670840" lon="101.5990639"/>
 <node id="8221819920" visible="true" version="2" changeset="146592830" timestamp="2024-01-23T13:17:01Z" user="mataharimau" uid="17227421" lat="3.0654654" lon="101.5990378"/>
 <node id="8221819923" visible="true" version="1" changeset="95718476" timestamp="2020-12-12T11:12:25Z" user="angys" uid="3191182" lat="3.0623642" lon="101.5989877"/>
 <node id="8221819924" visible="true" version="1" changeset="95718476" timestamp="2020-12-12T11:12:25Z" user="angys" uid="3191182" lat="3.0621144" lon="101.5993482"/>
 <node id="8221819925" visible="true" version="1" changeset="95718476" timestamp="2020-12-12T11:12:25Z" user="angys" uid="3191182" lat="3.0617581" lon="101.5996277"/>
 <node id="8221819926" visible="true" version="1" changeset="95718476" timestamp="2020-12-12T11:12:25Z" user="angys" uid="3191182" lat="3.0608325" lon="101.6008269"/>
 <node id="8221819927" visible="true" version="1" changeset="95718476" timestamp="2020-12-12T11:12:25Z" user="angys" uid="3191182" lat="3.0606158" lon="101.6012903"/>
 <node id="8221819928" visible="true" version="1" changeset="95718476" timestamp="2020-12-12T11:12:25Z" user="angys" uid="3191182" lat="3.0603880" lon="101.6018899"/>
 <node id="8221819929" visible="true" version="1" changeset="95718476" timestamp="2020-12-12T11:12:25Z" user="angys" uid="3191182" lat="3.0601640" lon="101.6026734"/>
 <node id="8221819930" visible="true" version="1" changeset="95718476" timestamp="2020-12-12T11:12:25Z" user="angys" uid="3191182" lat="3.0596167" lon="101.6049392"/>
 <node id="8221819931" visible="true" version="1" changeset="95718476" timestamp="2020-12-12T11:12:25Z" user="angys" uid="3191182" lat="3.0593890" lon="101.6058993"/>
 <node id="8221819932" visible="true" version="1" changeset="95718476" timestamp="2020-12-12T11:12:25Z" user="angys" uid="3191182" lat="3.0594330" lon="101.6064510"/>
 <node id="8221819933" visible="true" version="1" changeset="95718476" timestamp="2020-12-12T11:12:25Z" user="angys" uid="3191182" lat="3.0595726" lon="101.6066938"/>
 <node id="8221819934" visible="true" version="2" changeset="178589664" timestamp="2026-02-15T16:26:20Z" user="Tembikai" uid="5259280" lat="3.0598961" lon="101.6069746"/>
 <node id="8221819935" visible="true" version="1" changeset="95718476" timestamp="2020-12-12T11:12:25Z" user="angys" uid="3191182" lat="3.0603366" lon="101.6071830"/>
 <node id="8221819936" visible="true" version="1" changeset="95718476" timestamp="2020-12-12T11:12:25Z" user="angys" uid="3191182" lat="3.0597070" lon="101.6068824"/>
 <node id="8221819937" visible="true" version="1" changeset="95718476" timestamp="2020-12-12T11:12:25Z" user="angys" uid="3191182" lat="3.0593614" lon="101.6061901"/>
 <node id="8221819938" visible="true" version="1" changeset="95718476" timestamp="2020-12-12T11:12:25Z" user="angys" uid="3191182" lat="3.0599052" lon="101.6087492"/>
 <node id="8221819939" visible="true" version="1" changeset="95718476" timestamp="2020-12-12T11:12:25Z" user="angys" uid="3191182" lat="3.0598401" lon="101.6087469"/>
 <node id="8221819940" visible="true" version="1" changeset="95718476" timestamp="2020-12-12T11:12:25Z" user="angys" uid="3191182" lat="3.0594610" lon="101.6086048"/>
 <node id="8221819941" visible="true" version="1" changeset="95718476" timestamp="2020-12-12T11:12:25Z" user="angys" uid="3191182" lat="3.0589234" lon="101.6098280"/>
 <node id="8221819942" visible="true" version="1" changeset="95718476" timestamp="2020-12-12T11:12:25Z" user="angys" uid="3191182" lat="3.0655522" lon="101.5988328"/>
 <node id="8221819943" visible="true" version="1" changeset="95718476" timestamp="2020-12-12T11:12:25Z" user="angys" uid="3191182" lat="3.0655867" lon="101.5943852"/>
 <node id="8221819944" visible="true" version="1" changeset="95718476" timestamp="2020-12-12T11:12:25Z" user="angys" uid="3191182" lat="3.0724387" lon="101.5943894"/>
 <node id="8221819945" visible="true" version="2" changeset="96440068" timestamp="2020-12-26T04:47:42Z" user="angys" uid="3191182" lat="3.0714048" lon="101.5972311"/>
 <node id="8221819969" visible="true" version="1" changeset="95718476" timestamp="2020-12-12T11:12:25Z" user="angys" uid="3191182" lat="3.0724994" lon="101.5985419"/>
 <node id="8221819970" visible="true" version="1" changeset="95718476" timestamp="2020-12-12T11:12:25Z" user="angys" uid="3191182" lat="3.0724731" lon="101.5997103"/>
 <node id="8221819971" visible="true" version="1" changeset="95718476" timestamp="2020-12-12T11:12:25Z" user="angys" uid="3191182" lat="3.0719763" lon="101.5996908"/>
 <node id="8221819972" visible="true" version="1" changeset="95718476" timestamp="2020-12-12T11:12:25Z" user="angys" uid="3191182" lat="3.0719375" lon="101.6024427"/>
 <node id="8221819973" visible="true" version="1" changeset="95718476" timestamp="2020-12-12T11:12:25Z" user="angys" uid="3191182" lat="3.0689917" lon="101.6024232"/>
 <node id="8221819975" visible="true" version="1" changeset="95718476" timestamp="2020-12-12T11:12:25Z" user="angys" uid="3191182" lat="3.0654171" lon="101.6018014"/>
 <node id="8221819976" visible="true" version="1" changeset="95718476" timestamp="2020-12-12T11:12:25Z" user="angys" uid="3191182" lat="3.0656577" lon="101.6017042"/>
 <node id="8221819977" visible="true" version="1" changeset="95718476" timestamp="2020-12-12T11:12:25Z" user="angys" uid="3191182" lat="3.0668570" lon="101.6016770"/>
 <node id="8221819978" visible="true" version="2" changeset="146592830" timestamp="2024-01-23T13:17:01Z" user="mataharimau" uid="17227421" lat="3.0669348" lon="101.5990615"/>
 <node id="8221819979" visible="true" version="1" changeset="95718476" timestamp="2020-12-12T11:12:25Z" user="angys" uid="3191182" lat="3.0669079" lon="101.6006355"/>
 <node id="8221819980" visible="true" version="1" changeset="95718476" timestamp="2020-12-12T11:12:25Z" user="angys" uid="3191182" lat="3.0667991" lon="101.6008107"/>
 <node id="8221819981" visible="true" version="1" changeset="95718476" timestamp="2020-12-12T11:12:25Z" user="angys" uid="3191182" lat="3.0669200" lon="101.6004227"/>
 <node id="8221819982" visible="true" version="1" changeset="95718476" timestamp="2020-12-12T11:12:25Z" user="angys" uid="3191182" lat="3.0654578" lon="101.6004507"/>
 <node id="8221820037" visible="true" version="1" changeset="95718476" timestamp="2020-12-12T11:12:25Z" user="angys" uid="3191182" lat="3.0703925" lon="101.6106438"/>
 <node id="8221820038" visible="true" version="1" changeset="95718476" timestamp="2020-12-12T11:12:25Z" user="angys" uid="3191182" lat="3.0674157" lon="101.6106314"/>
 <node id="8223583865" visible="true" version="1" changeset="95744518" timestamp="2020-12-13T05:42:01Z" user="angys" uid="3191182" lat="3.0638391" lon="101.5932396"/>
 <node id="8223664967" visible="true" version="3" changeset="146592830" timestamp="2024-01-23T13:17:01Z" user="mataharimau" uid="17227421" lat="3.0772799" lon="101.6189224"/>
 <node id="8223676550" visible="true" version="1" changeset="95745830" timestamp="2020-12-13T07:21:56Z" user="angys" uid="3191182" lat="3.0653074" lon="101.6174810"/>
 <node id="8223676551" visible="true" version="1" changeset="95745830" timestamp="2020-12-13T07:21:56Z" user="angys" uid="3191182" lat="3.0586754" lon="101.6150274"/>
 <node id="8223676552" visible="true" version="1" changeset="95745830" timestamp="2020-12-13T07:21:56Z" user="angys" uid="3191182" lat="3.0579429" lon="101.6135396"/>
 <node id="8223676553" visible="true" version="1" changeset="95745830" timestamp="2020-12-13T07:21:56Z" user="angys" uid="3191182" lat="3.0585151" lon="101.6127854"/>
 <node id="8223676554" visible="true" version="1" changeset="95745830" timestamp="2020-12-13T07:21:56Z" user="angys" uid="3191182" lat="3.0588362" lon="101.6100958"/>
 <node id="8223676555" visible="true" version="1" changeset="95745830" timestamp="2020-12-13T07:21:56Z" user="angys" uid="3191182" lat="3.0628525" lon="101.5977539"/>
 <node id="8223676556" visible="true" version="1" changeset="95745830" timestamp="2020-12-13T07:21:56Z" user="angys" uid="3191182" lat="3.0654752" lon="101.5976921"/>
 <node id="8246600149" visible="true" version="3" changeset="96440068" timestamp="2020-12-26T04:47:42Z" user="angys" uid="3191182" lat="3.0724143" lon="101.5984254"/>
 <node id="8246680704" visible="true" version="3" changeset="130313565" timestamp="2022-12-21T04:21:48Z" user="kucai" uid="536853" lat="3.0666453" lon="101.5980312"/>
 <node id="8246680705" visible="true" version="3" changeset="130313565" timestamp="2022-12-21T04:21:48Z" user="kucai" uid="536853" lat="3.0664150" lon="101.5980313"/>
 <node id="8246680706" visible="true" version="3" changeset="130313565" timestamp="2022-12-21T04:21:48Z" user="kucai" uid="536853" lat="3.0664151" lon="101.5982510"/>
 <node id="8246680707" visible="true" version="3" changeset="130313565" timestamp="2022-12-21T04:21:48Z" user="kucai" uid="536853" lat="3.0666455" lon="101.5982509"/>
 <node id="8246681920" visible="true" version="3" changeset="130313565" timestamp="2022-12-21T04:21:48Z" user="kucai" uid="536853" lat="3.0663633" lon="101.5980129"/>
 <node id="8246681921" visible="true" version="3" changeset="130313565" timestamp="2022-12-21T04:21:48Z" user="kucai" uid="536853" lat="3.0661565" lon="101.5980131"/>
 <node id="8246681922" visible="true" version="3" changeset="130313565" timestamp="2022-12-21T04:21:48Z" user="kucai" uid="536853" lat="3.0661566" lon="101.5982500"/>
 <node id="8246681923" visible="true" version="3" changeset="130313565" timestamp="2022-12-21T04:21:48Z" user="kucai" uid="536853" lat="3.0663634" lon="101.5982498"/>
 <node id="8246681924" visible="true" version="3" changeset="130313565" timestamp="2022-12-21T04:21:48Z" user="kucai" uid="536853" lat="3.0660998" lon="101.5980106"/>
 <node id="8246681925" visible="true" version="3" changeset="130313565" timestamp="2022-12-21T04:21:48Z" user="kucai" uid="536853" lat="3.0659086" lon="101.5980108"/>
 <node id="8246681926" visible="true" version="3" changeset="130313565" timestamp="2022-12-21T04:21:48Z" user="kucai" uid="536853" lat="3.0659087" lon="101.5982490"/>
 <node id="8246681927" visible="true" version="3" changeset="130313565" timestamp="2022-12-21T04:21:48Z" user="kucai" uid="536853" lat="3.0660999" lon="101.5982488"/>
 <node id="8246681928" visible="true" version="3" changeset="130313565" timestamp="2022-12-21T04:21:48Z" user="kucai" uid="536853" lat="3.0658508" lon="101.5980106"/>
 <node id="8246681929" visible="true" version="3" changeset="130313565" timestamp="2022-12-21T04:21:48Z" user="kucai" uid="536853" lat="3.0656554" lon="101.5980107"/>
 <node id="8246681930" visible="true" version="3" changeset="130313565" timestamp="2022-12-21T04:21:48Z" user="kucai" uid="536853" lat="3.0656555" lon="101.5982480"/>
 <node id="8246681931" visible="true" version="3" changeset="130313565" timestamp="2022-12-21T04:21:48Z" user="kucai" uid="536853" lat="3.0658509" lon="101.5982478"/>
 <node id="8246681932" visible="true" version="2" changeset="130313565" timestamp="2022-12-21T04:21:48Z" user="kucai" uid="536853" lat="3.0663800" lon="101.5984517"/>
 <node id="8246681933" visible="true" version="2" changeset="130313565" timestamp="2022-12-21T04:21:48Z" user="kucai" uid="536853" lat="3.0661644" lon="101.5984522"/>
 <node id="8246681934" visible="true" version="2" changeset="130313565" timestamp="2022-12-21T04:21:48Z" user="kucai" uid="536853" lat="3.0661650" lon="101.5987463"/>
 <node id="8246681935" visible="true" version="2" changeset="130313565" timestamp="2022-12-21T04:21:48Z" user="kucai" uid="536853" lat="3.0663806" lon="101.5987458"/>
 <node id="8246681936" visible="true" version="2" changeset="130313565" timestamp="2022-12-21T04:21:48Z" user="kucai" uid="536853" lat="3.0661078" lon="101.5984518"/>
 <node id="8246681937" visible="true" version="2" changeset="130313565" timestamp="2022-12-21T04:21:48Z" user="kucai" uid="536853" lat="3.0659176" lon="101.5984521"/>
 <node id="8246681938" visible="true" version="2" changeset="130313565" timestamp="2022-12-21T04:21:48Z" user="kucai" uid="536853" lat="3.0659183" lon="101.5987477"/>
 <node id="8246681939" visible="true" version="2" changeset="130313565" timestamp="2022-12-21T04:21:48Z" user="kucai" uid="536853" lat="3.0661084" lon="101.5987473"/>
 <node id="8246681940" visible="true" version="2" changeset="130313565" timestamp="2022-12-21T04:21:48Z" user="kucai" uid="536853" lat="3.0658642" lon="101.5984587"/>
 <node id="8246681941" visible="true" version="2" changeset="130313565" timestamp="2022-12-21T04:21:48Z" user="kucai" uid="536853" lat="3.0656632" lon="101.5984591"/>
 <node id="8246681942" visible="true" version="2" changeset="130313565" timestamp="2022-12-21T04:21:48Z" user="kucai" uid="536853" lat="3.0656638" lon="101.5986874"/>
 <node id="8246681943" visible="true" version="2" changeset="130313565" timestamp="2022-12-21T04:21:48Z" user="kucai" uid="536853" lat="3.0658647" lon="101.5986869"/>
 <node id="8246681964" visible="true" version="2" changeset="130313565" timestamp="2022-12-21T04:21:48Z" user="kucai" uid="536853" lat="3.0664304" lon="101.5985272"/>
 <node id="8246681965" visible="true" version="2" changeset="130313565" timestamp="2022-12-21T04:21:48Z" user="kucai" uid="536853" lat="3.0664326" lon="101.5987402"/>
 <node id="8246681966" visible="true" version="2" changeset="130313565" timestamp="2022-12-21T04:21:48Z" user="kucai" uid="536853" lat="3.0669190" lon="101.5987353"/>
 <node id="8246681967" visible="true" version="2" changeset="130313565" timestamp="2022-12-21T04:21:48Z" user="kucai" uid="536853" lat="3.0669168" lon="101.5985222"/>
 <node id="8247824940" visible="true" version="1" changeset="96196761" timestamp="2020-12-21T12:49:52Z" user="banban_msm" uid="12230469" lat="3.0634498" lon="101.5978853"/>
 <node id="8247824941" visible="true" version="1" changeset="96196761" timestamp="2020-12-21T12:49:52Z" user="banban_msm" uid="12230469" lat="3.0632719" lon="101.5977881"/>
 <node id="8247824942" visible="true" version="1" changeset="96196761" timestamp="2020-12-21T12:49:52Z" user="banban_msm" uid="12230469" lat="3.0630973" lon="101.5981084"/>
 <node id="8247824943" visible="true" version="1" changeset="96196761" timestamp="2020-12-21T12:49:52Z" user="banban_msm" uid="12230469" lat="3.0632753" lon="101.5982057"/>
 <node id="8258257224" visible="true" version="1" changeset="96399739" timestamp="2020-12-24T18:33:13Z" user="angys" uid="3191182" lat="3.0216869" lon="101.5848397"/>
 <node id="8258257225" visible="true" version="1" changeset="96399739" timestamp="2020-12-24T18:33:13Z" user="angys" uid="3191182" lat="3.0634489" lon="101.5930339"/>
 <node id="8260941760" visible="true" version="1" changeset="96439721" timestamp="2020-12-26T04:04:26Z" user="banban_msm" uid="12230469" lat="3.0655276" lon="101.5943587"/>
 <node id="8274307590" visible="true" version="1" changeset="96677569" timestamp="2020-12-30T15:26:20Z" user="banban_msm" uid="12230469" lat="3.0581402" lon="101.6067113"/>
 <node id="8323140200" visible="true" version="1" changeset="97527169" timestamp="2021-01-15T04:27:40Z" user="banban_msm" uid="12230469" lat="3.0611094" lon="101.6052196"/>
 <node id="8323140201" visible="true" version="1" changeset="97527169" timestamp="2021-01-15T04:27:40Z" user="banban_msm" uid="12230469" lat="3.0609728" lon="101.6050372"/>
 <node id="8323140202" visible="true" version="1" changeset="97527169" timestamp="2021-01-15T04:27:40Z" user="banban_msm" uid="12230469" lat="3.0610344" lon="101.6046456"/>
 <node id="8323140203" visible="true" version="1" changeset="97527169" timestamp="2021-01-15T04:27:40Z" user="banban_msm" uid="12230469" lat="3.0610853" lon="101.6039885"/>
 <node id="8323140204" visible="true" version="1" changeset="97527169" timestamp="2021-01-15T04:27:40Z" user="banban_msm" uid="12230469" lat="3.0610800" lon="101.6034172"/>
 <node id="8323140205" visible="true" version="2" changeset="97528282" timestamp="2021-01-15T04:49:35Z" user="banban_msm" uid="12230469" lat="3.0605657" lon="101.6032535"/>
 <node id="8323140206" visible="true" version="2" changeset="97528282" timestamp="2021-01-15T04:49:35Z" user="banban_msm" uid="12230469" lat="3.0604881" lon="101.6036318"/>
 <node id="8323140207" visible="true" version="2" changeset="97528282" timestamp="2021-01-15T04:49:35Z" user="banban_msm" uid="12230469" lat="3.0603996" lon="101.6041628"/>
 <node id="8323140208" visible="true" version="2" changeset="97528282" timestamp="2021-01-15T04:49:35Z" user="banban_msm" uid="12230469" lat="3.0604184" lon="101.6044820"/>
 <node id="8323140209" visible="true" version="2" changeset="97528282" timestamp="2021-01-15T04:49:35Z" user="banban_msm" uid="12230469" lat="3.0606514" lon="101.6049380"/>
 <node id="8323140210" visible="true" version="1" changeset="97527169" timestamp="2021-01-15T04:27:40Z" user="banban_msm" uid="12230469" lat="3.0607425" lon="101.6050801"/>
 <node id="8323140211" visible="true" version="1" changeset="97527169" timestamp="2021-01-15T04:27:40Z" user="banban_msm" uid="12230469" lat="3.0609193" lon="101.6055576"/>
 <node id="8323185566" visible="true" version="1" changeset="97528282" timestamp="2021-01-15T04:49:35Z" user="banban_msm" uid="12230469" lat="3.0618700" lon="101.6015851"/>
 <node id="8323185567" visible="true" version="1" changeset="97528282" timestamp="2021-01-15T04:49:35Z" user="banban_msm" uid="12230469" lat="3.0607698" lon="101.6021759"/>
 <node id="8323185568" visible="true" version="1" changeset="97528282" timestamp="2021-01-15T04:49:35Z" user="banban_msm" uid="12230469" lat="3.0606598" lon="101.6027426"/>
 <node id="8323185569" visible="true" version="1" changeset="97528282" timestamp="2021-01-15T04:49:35Z" user="banban_msm" uid="12230469" lat="3.0612450" lon="101.6014044"/>
 <node id="8323185570" visible="true" version="1" changeset="97528282" timestamp="2021-01-15T04:49:35Z" user="banban_msm" uid="12230469" lat="3.0618697" lon="101.6014028"/>
 <node id="8323185571" visible="true" version="1" changeset="97528282" timestamp="2021-01-15T04:49:35Z" user="banban_msm" uid="12230469" lat="3.0609334" lon="101.6018646"/>
 <node id="8323185572" visible="true" version="1" changeset="97528282" timestamp="2021-01-15T04:49:35Z" user="banban_msm" uid="12230469" lat="3.0616163" lon="101.6016328"/>
 <node id="8323185573" visible="true" version="1" changeset="97528282" timestamp="2021-01-15T04:49:35Z" user="banban_msm" uid="12230469" lat="3.0613005" lon="101.6023302"/>
 <node id="8323185574" visible="true" version="1" changeset="97528282" timestamp="2021-01-15T04:49:35Z" user="banban_msm" uid="12230469" lat="3.0615795" lon="101.6019711"/>
 <node id="8323185587" visible="true" version="1" changeset="97528282" timestamp="2021-01-15T04:49:35Z" user="banban_msm" uid="12230469" lat="3.0628624" lon="101.6016399"/>
 <node id="8323185588" visible="true" version="1" changeset="97528282" timestamp="2021-01-15T04:49:35Z" user="banban_msm" uid="12230469" lat="3.0624955" lon="101.6015541"/>
 <node id="8323185589" visible="true" version="1" changeset="97528282" timestamp="2021-01-15T04:49:35Z" user="banban_msm" uid="12230469" lat="3.0623321" lon="101.6020959"/>
 <node id="8323185590" visible="true" version="1" changeset="97528282" timestamp="2021-01-15T04:49:35Z" user="banban_msm" uid="12230469" lat="3.0627606" lon="101.6019698"/>
 <node id="8323185591" visible="true" version="1" changeset="97528282" timestamp="2021-01-15T04:49:35Z" user="banban_msm" uid="12230469" lat="3.0623218" lon="101.6014978"/>
 <node id="8323185592" visible="true" version="1" changeset="97528282" timestamp="2021-01-15T04:49:35Z" user="banban_msm" uid="12230469" lat="3.0623629" lon="101.6016699"/>
 <node id="8323185593" visible="true" version="1" changeset="97528282" timestamp="2021-01-15T04:49:35Z" user="banban_msm" uid="12230469" lat="3.0621656" lon="101.6015892"/>
 <node id="8323185594" visible="true" version="1" changeset="97528282" timestamp="2021-01-15T04:49:35Z" user="banban_msm" uid="12230469" lat="3.0621553" lon="101.6014362"/>
 <node id="8323185595" visible="true" version="1" changeset="97528282" timestamp="2021-01-15T04:49:35Z" user="banban_msm" uid="12230469" lat="3.0625992" lon="101.6021132"/>
 <node id="8323185596" visible="true" version="1" changeset="97528282" timestamp="2021-01-15T04:49:35Z" user="banban_msm" uid="12230469" lat="3.0626186" lon="101.6015122"/>
 <node id="8323185597" visible="true" version="1" changeset="97528282" timestamp="2021-01-15T04:49:35Z" user="banban_msm" uid="12230469" lat="3.0636793" lon="101.6016708"/>
 <node id="8323185598" visible="true" version="1" changeset="97528282" timestamp="2021-01-15T04:49:35Z" user="banban_msm" uid="12230469" lat="3.0635071" lon="101.6020665"/>
 <node id="8323185599" visible="true" version="1" changeset="97528282" timestamp="2021-01-15T04:49:35Z" user="banban_msm" uid="12230469" lat="3.0642332" lon="101.6018661"/>
 <node id="8323185600" visible="true" version="1" changeset="97528282" timestamp="2021-01-15T04:49:35Z" user="banban_msm" uid="12230469" lat="3.0641178" lon="101.6022073"/>
 <node id="8323185601" visible="true" version="1" changeset="97528282" timestamp="2021-01-15T04:49:35Z" user="banban_msm" uid="12230469" lat="3.0638857" lon="101.6022404"/>
 <node id="8323185602" visible="true" version="1" changeset="97528282" timestamp="2021-01-15T04:49:35Z" user="banban_msm" uid="12230469" lat="3.0646475" lon="101.6020927"/>
 <node id="8323185603" visible="true" version="1" changeset="97528282" timestamp="2021-01-15T04:49:35Z" user="banban_msm" uid="12230469" lat="3.0643304" lon="101.6022872"/>
 <node id="8323185604" visible="true" version="1" changeset="97528282" timestamp="2021-01-15T04:49:35Z" user="banban_msm" uid="12230469" lat="3.0644210" lon="101.6026702"/>
 <node id="8323185605" visible="true" version="2" changeset="147414135" timestamp="2024-02-13T15:35:00Z" user="angys" uid="3191182" lat="3.0647710" lon="101.6021822"/>
 <node id="8323185606" visible="true" version="1" changeset="97528282" timestamp="2021-01-15T04:49:35Z" user="banban_msm" uid="12230469" lat="3.0645887" lon="101.6032556"/>
 <node id="8323185607" visible="true" version="2" changeset="147414135" timestamp="2024-02-13T15:35:00Z" user="angys" uid="3191182" lat="3.0648290" lon="101.6036976"/>
 <node id="8323185608" visible="true" version="2" changeset="147414135" timestamp="2024-02-13T15:35:00Z" user="angys" uid="3191182" lat="3.0649389" lon="101.6029581"/>
 <node id="8323185609" visible="true" version="3" changeset="147414135" timestamp="2024-02-13T15:35:00Z" user="angys" uid="3191182" lat="3.0649151" lon="101.6032125"/>
 <node id="8535997642" visible="true" version="2" changeset="101312444" timestamp="2021-03-19T08:56:00Z" user="AvachinskyVolcano" uid="11387730" lat="3.0554001" lon="101.6111863"/>
 <node id="8549272806" visible="true" version="1" changeset="101501724" timestamp="2021-03-22T11:48:51Z" user="Plekhanov" uid="10409550" lat="3.0644490" lon="101.6184323"/>
 <node id="8549272807" visible="true" version="1" changeset="101501724" timestamp="2021-03-22T11:48:51Z" user="Plekhanov" uid="10409550" lat="3.0642508" lon="101.6183786"/>
 <node id="8549272808" visible="true" version="1" changeset="101501724" timestamp="2021-03-22T11:48:51Z" user="Plekhanov" uid="10409550" lat="3.0641517" lon="101.6183357"/>
 <node id="8549272809" visible="true" version="1" changeset="101501724" timestamp="2021-03-22T11:48:51Z" user="Plekhanov" uid="10409550" lat="3.0643312" lon="101.6184148"/>
 <node id="8549272810" visible="true" version="1" changeset="101501724" timestamp="2021-03-22T11:48:51Z" user="Plekhanov" uid="10409550" lat="3.0646084" lon="101.6184336"/>
 <node id="8549272811" visible="true" version="1" changeset="101501724" timestamp="2021-03-22T11:48:51Z" user="Plekhanov" uid="10409550" lat="3.0648293" lon="101.6183954"/>
 <node id="8549272812" visible="true" version="1" changeset="101501724" timestamp="2021-03-22T11:48:51Z" user="Plekhanov" uid="10409550" lat="3.0648802" lon="101.6183853"/>
 <node id="8549289020" visible="true" version="1" changeset="101501724" timestamp="2021-03-22T11:48:51Z" user="Plekhanov" uid="10409550" lat="3.0626304" lon="101.6182190"/>
 <node id="8549289021" visible="true" version="1" changeset="101501724" timestamp="2021-03-22T11:48:51Z" user="Plekhanov" uid="10409550" lat="3.0615831" lon="101.6181023"/>
 <node id="8549289022" visible="true" version="1" changeset="101501724" timestamp="2021-03-22T11:48:51Z" user="Plekhanov" uid="10409550" lat="3.0650048" lon="101.6183746"/>
 <node id="8549289023" visible="true" version="1" changeset="101501724" timestamp="2021-03-22T11:48:51Z" user="Plekhanov" uid="10409550" lat="3.0651641" lon="101.6183545"/>
 <node id="8549481213" visible="true" version="1" changeset="101502658" timestamp="2021-03-22T12:00:58Z" user="Plekhanov" uid="10409550" lat="3.0652853" lon="101.6178685"/>
 <node id="8549481214" visible="true" version="1" changeset="101502658" timestamp="2021-03-22T12:00:58Z" user="Plekhanov" uid="10409550" lat="3.0652654" lon="101.6182160"/>
 <node id="8629836996" visible="true" version="1" changeset="102944701" timestamp="2021-04-14T17:30:05Z" user="Burricane" uid="9368471" lat="3.0619756" lon="101.6018310"/>
 <node id="8629836997" visible="true" version="1" changeset="102944701" timestamp="2021-04-14T17:30:05Z" user="Burricane" uid="9368471" lat="3.0616342" lon="101.6018472"/>
 <node id="8629836998" visible="true" version="1" changeset="102944701" timestamp="2021-04-14T17:30:05Z" user="Burricane" uid="9368471" lat="3.0615432" lon="101.6019647"/>
 <node id="8629836999" visible="true" version="1" changeset="102944701" timestamp="2021-04-14T17:30:05Z" user="Burricane" uid="9368471" lat="3.0614560" lon="101.6020746"/>
 <node id="8629837000" visible="true" version="1" changeset="102944701" timestamp="2021-04-14T17:30:05Z" user="Burricane" uid="9368471" lat="3.0613702" lon="101.6022223"/>
 <node id="8629837001" visible="true" version="1" changeset="102944701" timestamp="2021-04-14T17:30:05Z" user="Burricane" uid="9368471" lat="3.0613519" lon="101.6023280"/>
 <node id="8629837002" visible="true" version="1" changeset="102944701" timestamp="2021-04-14T17:30:05Z" user="Burricane" uid="9368471" lat="3.0613006" lon="101.6024852"/>
 <node id="8629837003" visible="true" version="1" changeset="102944701" timestamp="2021-04-14T17:30:05Z" user="Burricane" uid="9368471" lat="3.0612443" lon="101.6026823"/>
 <node id="8629837004" visible="true" version="1" changeset="102944701" timestamp="2021-04-14T17:30:05Z" user="Burricane" uid="9368471" lat="3.0612149" lon="101.6029371"/>
 <node id="8629837005" visible="true" version="1" changeset="102944701" timestamp="2021-04-14T17:30:05Z" user="Burricane" uid="9368471" lat="3.0611961" lon="101.6032831"/>
 <node id="8629837006" visible="true" version="1" changeset="102944701" timestamp="2021-04-14T17:30:05Z" user="Burricane" uid="9368471" lat="3.0611948" lon="101.6034602"/>
 <node id="8629837007" visible="true" version="1" changeset="102944701" timestamp="2021-04-14T17:30:05Z" user="Burricane" uid="9368471" lat="3.0611988" lon="101.6037498"/>
 <node id="8629837008" visible="true" version="1" changeset="102944701" timestamp="2021-04-14T17:30:05Z" user="Burricane" uid="9368471" lat="3.0611894" lon="101.6038893"/>
 <node id="8629837009" visible="true" version="1" changeset="102944701" timestamp="2021-04-14T17:30:05Z" user="Burricane" uid="9368471" lat="3.0611640" lon="101.6040154"/>
 <node id="8629837010" visible="true" version="1" changeset="102944701" timestamp="2021-04-14T17:30:05Z" user="Burricane" uid="9368471" lat="3.0611278" lon="101.6041441"/>
 <node id="8629837011" visible="true" version="1" changeset="102944701" timestamp="2021-04-14T17:30:05Z" user="Burricane" uid="9368471" lat="3.0611211" lon="101.6043359"/>
 <node id="8629837012" visible="true" version="1" changeset="102944701" timestamp="2021-04-14T17:30:05Z" user="Burricane" uid="9368471" lat="3.0611466" lon="101.6044660"/>
 <node id="8629837013" visible="true" version="1" changeset="102944701" timestamp="2021-04-14T17:30:05Z" user="Burricane" uid="9368471" lat="3.0612336" lon="101.6046605"/>
 <node id="8629837014" visible="true" version="1" changeset="102944701" timestamp="2021-04-14T17:30:05Z" user="Burricane" uid="9368471" lat="3.0613394" lon="101.6047610"/>
 <node id="8629837015" visible="true" version="1" changeset="102944701" timestamp="2021-04-14T17:30:05Z" user="Burricane" uid="9368471" lat="3.0614398" lon="101.6048294"/>
 <node id="8629837016" visible="true" version="1" changeset="102944701" timestamp="2021-04-14T17:30:05Z" user="Burricane" uid="9368471" lat="3.0618349" lon="101.6049676"/>
 <node id="8629855817" visible="true" version="1" changeset="102944701" timestamp="2021-04-14T17:30:05Z" user="Burricane" uid="9368471" lat="3.0619166" lon="101.6050319"/>
 <node id="8629855818" visible="true" version="1" changeset="102944701" timestamp="2021-04-14T17:30:05Z" user="Burricane" uid="9368471" lat="3.0620237" lon="101.6050521"/>
 <node id="8629855819" visible="true" version="1" changeset="102944701" timestamp="2021-04-14T17:30:05Z" user="Burricane" uid="9368471" lat="3.0621791" lon="101.6050521"/>
 <node id="8629855820" visible="true" version="1" changeset="102944701" timestamp="2021-04-14T17:30:05Z" user="Burricane" uid="9368471" lat="3.0625500" lon="101.6050038"/>
 <node id="8629855821" visible="true" version="1" changeset="102944701" timestamp="2021-04-14T17:30:05Z" user="Burricane" uid="9368471" lat="3.0626826" lon="101.6049689"/>
 <node id="8629855822" visible="true" version="1" changeset="102944701" timestamp="2021-04-14T17:30:05Z" user="Burricane" uid="9368471" lat="3.0627737" lon="101.6049018"/>
 <node id="8629855823" visible="true" version="1" changeset="102944701" timestamp="2021-04-14T17:30:05Z" user="Burricane" uid="9368471" lat="3.0628473" lon="101.6048791"/>
 <node id="8629855824" visible="true" version="1" changeset="102944701" timestamp="2021-04-14T17:30:05Z" user="Burricane" uid="9368471" lat="3.0630295" lon="101.6048777"/>
 <node id="8629855825" visible="true" version="1" changeset="102944701" timestamp="2021-04-14T17:30:05Z" user="Burricane" uid="9368471" lat="3.0631125" lon="101.6048683"/>
 <node id="8629855826" visible="true" version="1" changeset="102944701" timestamp="2021-04-14T17:30:05Z" user="Burricane" uid="9368471" lat="3.0632919" lon="101.6047771"/>
 <node id="8629855827" visible="true" version="1" changeset="102944701" timestamp="2021-04-14T17:30:05Z" user="Burricane" uid="9368471" lat="3.0634406" lon="101.6047315"/>
 <node id="8629855828" visible="true" version="1" changeset="102944701" timestamp="2021-04-14T17:30:05Z" user="Burricane" uid="9368471" lat="3.0635357" lon="101.6047423"/>
 <node id="8629855829" visible="true" version="1" changeset="102944701" timestamp="2021-04-14T17:30:05Z" user="Burricane" uid="9368471" lat="3.0637232" lon="101.6047570"/>
 <node id="8629855830" visible="true" version="1" changeset="102944701" timestamp="2021-04-14T17:30:05Z" user="Burricane" uid="9368471" lat="3.0638062" lon="101.6047356"/>
 <node id="8629855831" visible="true" version="1" changeset="102944701" timestamp="2021-04-14T17:30:05Z" user="Burricane" uid="9368471" lat="3.0638986" lon="101.6046779"/>
 <node id="8629855832" visible="true" version="2" changeset="182470739" timestamp="2026-05-10T14:58:23Z" user="angys" uid="3191182" lat="3.0639748" lon="101.6046115"/>
 <node id="8629855833" visible="true" version="2" changeset="182470739" timestamp="2026-05-10T14:58:23Z" user="angys" uid="3191182" lat="3.0640590" lon="101.6045296"/>
 <node id="8631660956" visible="true" version="1" changeset="102982449" timestamp="2021-04-15T09:29:39Z" user="mana_sa" uid="11585582" lat="3.0632926" lon="101.5977102"/>
 <node id="8631660958" visible="true" version="1" changeset="102982449" timestamp="2021-04-15T09:29:39Z" user="mana_sa" uid="11585582" lat="3.0632069" lon="101.5977766"/>
 <node id="8631660960" visible="true" version="1" changeset="102982449" timestamp="2021-04-15T09:29:39Z" user="mana_sa" uid="11585582" lat="3.0653360" lon="101.5977926"/>
 <node id="8631660961" visible="true" version="1" changeset="102982449" timestamp="2021-04-15T09:29:39Z" user="mana_sa" uid="11585582" lat="3.0653407" lon="101.5976518"/>
 <node id="8631660964" visible="true" version="1" changeset="102982449" timestamp="2021-04-15T09:29:39Z" user="mana_sa" uid="11585582" lat="3.0631540" lon="101.5978771"/>
 <node id="8631660965" visible="true" version="1" changeset="102982449" timestamp="2021-04-15T09:29:39Z" user="mana_sa" uid="11585582" lat="3.0629022" lon="101.5984914"/>
 <node id="8679064028" visible="true" version="1" changeset="103832338" timestamp="2021-04-29T09:39:33Z" user="Qomar IRM-ED" uid="9543905" lat="3.0663718" lon="101.5992597"/>
 <node id="9276573678" visible="true" version="2" changeset="114505950" timestamp="2021-12-03T04:29:44Z" user="Peter Jolly" uid="267154" lat="3.0642216" lon="101.6008889"/>
 <node id="9276573679" visible="true" version="2" changeset="114505950" timestamp="2021-12-03T04:29:44Z" user="Peter Jolly" uid="267154" lat="3.0642219" lon="101.6008352"/>
 <node id="9307728258" visible="true" version="1" changeset="114505950" timestamp="2021-12-03T04:29:44Z" user="Peter Jolly" uid="267154" lat="3.0632949" lon="101.6004869"/>
 <node id="9307728259" visible="true" version="1" changeset="114505950" timestamp="2021-12-03T04:29:44Z" user="Peter Jolly" uid="267154" lat="3.0632683" lon="101.6004889"/>
 <node id="9307728260" visible="true" version="1" changeset="114505950" timestamp="2021-12-03T04:29:44Z" user="Peter Jolly" uid="267154" lat="3.0631252" lon="101.6005364"/>
 <node id="9307728261" visible="true" version="1" changeset="114505950" timestamp="2021-12-03T04:29:44Z" user="Peter Jolly" uid="267154" lat="3.0632169" lon="101.6007038"/>
 <node id="9307728262" visible="true" version="1" changeset="114505950" timestamp="2021-12-03T04:29:44Z" user="Peter Jolly" uid="267154" lat="3.0632478" lon="101.6007040"/>
 <node id="9307728263" visible="true" version="1" changeset="114505950" timestamp="2021-12-03T04:29:44Z" user="Peter Jolly" uid="267154" lat="3.0632480" lon="101.6006692"/>
 <node id="9307728264" visible="true" version="1" changeset="114505950" timestamp="2021-12-03T04:29:44Z" user="Peter Jolly" uid="267154" lat="3.0633645" lon="101.6006698"/>
 <node id="9307728265" visible="true" version="1" changeset="114505950" timestamp="2021-12-03T04:29:44Z" user="Peter Jolly" uid="267154" lat="3.0631952" lon="101.6005076"/>
 <node id="9307728266" visible="true" version="1" changeset="114505950" timestamp="2021-12-03T04:29:44Z" user="Peter Jolly" uid="267154" lat="3.0632949" lon="101.6004869"/>
 <node id="9307728267" visible="true" version="3" changeset="152711719" timestamp="2024-06-15T08:54:15Z" user="Zh9567" uid="9940138" lat="3.0648812" lon="101.6002059"/>
 <node id="9307728268" visible="true" version="3" changeset="152711719" timestamp="2024-06-15T08:54:15Z" user="Zh9567" uid="9940138" lat="3.0648819" lon="101.5993915"/>
 <node id="9307728269" visible="true" version="1" changeset="114505950" timestamp="2021-12-03T04:29:44Z" user="Peter Jolly" uid="267154" lat="3.0649803" lon="101.5993775"/>
 <node id="9307728270" visible="true" version="1" changeset="114505950" timestamp="2021-12-03T04:29:44Z" user="Peter Jolly" uid="267154" lat="3.0649803" lon="101.5993923"/>
 <node id="9307728271" visible="true" version="1" changeset="114505950" timestamp="2021-12-03T04:29:44Z" user="Peter Jolly" uid="267154" lat="3.0639010" lon="101.6007316"/>
 <node id="9307728272" visible="true" version="1" changeset="114505950" timestamp="2021-12-03T04:29:44Z" user="Peter Jolly" uid="267154" lat="3.0639608" lon="101.6006272"/>
 <node id="9307728273" visible="true" version="1" changeset="114505950" timestamp="2021-12-03T04:29:44Z" user="Peter Jolly" uid="267154" lat="3.0639602" lon="101.6007324"/>
 <node id="9307728274" visible="true" version="1" changeset="114505950" timestamp="2021-12-03T04:29:44Z" user="Peter Jolly" uid="267154" lat="3.0645687" lon="101.6008908"/>
 <node id="9307728275" visible="true" version="1" changeset="114505950" timestamp="2021-12-03T04:29:44Z" user="Peter Jolly" uid="267154" lat="3.0645690" lon="101.6008368"/>
 <node id="9307728276" visible="true" version="1" changeset="114505950" timestamp="2021-12-03T04:29:44Z" user="Peter Jolly" uid="267154" lat="3.0648723" lon="101.6008727"/>
 <node id="9307728277" visible="true" version="1" changeset="114505950" timestamp="2021-12-03T04:29:44Z" user="Peter Jolly" uid="267154" lat="3.0648722" lon="101.6008790"/>
 <node id="9307728278" visible="true" version="1" changeset="114505950" timestamp="2021-12-03T04:29:44Z" user="Peter Jolly" uid="267154" lat="3.0642342" lon="101.5999031"/>
 <node id="9307728279" visible="true" version="1" changeset="114505950" timestamp="2021-12-03T04:29:44Z" user="Peter Jolly" uid="267154" lat="3.0642592" lon="101.5998631"/>
 <node id="9307728280" visible="true" version="1" changeset="114505950" timestamp="2021-12-03T04:29:44Z" user="Peter Jolly" uid="267154" lat="3.0641972" lon="101.5998291"/>
 <node id="9307728281" visible="true" version="1" changeset="114505950" timestamp="2021-12-03T04:29:44Z" user="Peter Jolly" uid="267154" lat="3.0641743" lon="101.5998661"/>
 <node id="9939831405" visible="true" version="2" changeset="148142208" timestamp="2024-03-02T18:28:26Z" user="nabilersyad" uid="11419275" lat="3.0614810" lon="101.5978358"/>
 <node id="9939831406" visible="true" version="1" changeset="124651244" timestamp="2022-08-08T17:44:59Z" user="angys" uid="3191182" lat="3.0614888" lon="101.5980228"/>
 <node id="9939831407" visible="true" version="2" changeset="147414135" timestamp="2024-02-13T15:35:00Z" user="angys" uid="3191182" lat="3.0611556" lon="101.5985500"/>
 <node id="9939831408" visible="true" version="3" changeset="148142208" timestamp="2024-03-02T18:28:26Z" user="nabilersyad" uid="11419275" lat="3.0610163" lon="101.5982420"/>
 <node id="9939831409" visible="true" version="1" changeset="124651244" timestamp="2022-08-08T17:44:59Z" user="angys" uid="3191182" lat="3.0602170" lon="101.5985811"/>
 <node id="9939831410" visible="true" version="1" changeset="124651244" timestamp="2022-08-08T17:44:59Z" user="angys" uid="3191182" lat="3.0602054" lon="101.5990260"/>
 <node id="9939831411" visible="true" version="1" changeset="124651244" timestamp="2022-08-08T17:44:59Z" user="angys" uid="3191182" lat="3.0599266" lon="101.5990434"/>
 <node id="9939831412" visible="true" version="1" changeset="124651244" timestamp="2022-08-08T17:44:59Z" user="angys" uid="3191182" lat="3.0599324" lon="101.5978192"/>
 <node id="9939831413" visible="true" version="2" changeset="180490848" timestamp="2026-03-27T08:44:54Z" user="GrabMY_ainayusof" uid="9658463" lat="3.0654881" lon="101.6005301"/>
 <node id="9939831414" visible="true" version="2" changeset="180490848" timestamp="2026-03-27T08:44:54Z" user="GrabMY_ainayusof" uid="9658463" lat="3.0654791" lon="101.6010150"/>
 <node id="9939831415" visible="true" version="1" changeset="124651244" timestamp="2022-08-08T17:44:59Z" user="angys" uid="3191182" lat="3.0654290" lon="101.6011283"/>
 <node id="9939831416" visible="true" version="1" changeset="124651244" timestamp="2022-08-08T17:44:59Z" user="angys" uid="3191182" lat="3.0653536" lon="101.6013609"/>
 <node id="9971695433" visible="true" version="1" changeset="125259179" timestamp="2022-08-23T08:33:03Z" user="Samson Cheong" uid="427961" lat="3.0638284" lon="101.5988167"/>
 <node id="9971695434" visible="true" version="2" changeset="187446002" timestamp="2026-08-14T14:21:31Z" user="BroharrisCanal" uid="17826795" lat="3.0638812" lon="101.5988294"/>
 <node id="9971695435" visible="true" version="2" changeset="187446002" timestamp="2026-08-14T14:21:31Z" user="BroharrisCanal" uid="17826795" lat="3.0638758" lon="101.5990084"/>
 <node id="10246250403" visible="true" version="3" changeset="177639092" timestamp="2026-01-24T09:51:57Z" user="Zh9567" uid="9940138" lat="3.0657043" lon="101.6026787">
  <tag k="amenity" v="food_court"/>
  <tag k="name" v="Food City"/>
  <tag k="name:zh" v="知味城"/>
 </node>
 <node id="10246250404" visible="true" version="3" changeset="177639092" timestamp="2026-01-24T09:51:57Z" user="Zh9567" uid="9940138" lat="3.0656990" lon="101.6023968">
  <tag k="name" v="Kim Heng Car Care"/>
  <tag k="name:en" v="Kim Heng Car Care"/>
  <tag k="name:zh" v="锦兴汽车护理有限公司"/>
  <tag k="service:vehicle:tyres" v="yes"/>
  <tag k="shop" v="car_repair"/>
 </node>
 <node id="10246250405" visible="true" version="2" changeset="142615694" timestamp="2023-10-15T12:34:03Z" user="cnvery" uid="3627342" lat="3.0657022" lon="101.6019526">
  <tag k="name" v="Pandamart"/>
  <tag k="name:en" v="Pandamart"/>
  <tag k="shop" v="supermarket"/>
 </node>
 <node id="10246863469" visible="true" version="1" changeset="129863739" timestamp="2022-12-08T14:37:19Z" user="angys" uid="3191182" lat="3.0650517" lon="101.6014184"/>
 <node id="10246863470" visible="true" version="1" changeset="129863739" timestamp="2022-12-08T14:37:19Z" user="angys" uid="3191182" lat="3.0650838" lon="101.6019827"/>
 <node id="10246863471" visible="true" version="1" changeset="129863739" timestamp="2022-12-08T14:37:19Z" user="angys" uid="3191182" lat="3.0650560" lon="101.6020278"/>
 <node id="10246863472" visible="true" version="1" changeset="129863739" timestamp="2022-12-08T14:37:19Z" user="angys" uid="3191182" lat="3.0649939" lon="101.6020278"/>
 <node id="10246863473" visible="true" version="1" changeset="129863739" timestamp="2022-12-08T14:37:19Z" user="angys" uid="3191182" lat="3.0649231" lon="101.6020063"/>
 <node id="10246863474" visible="true" version="1" changeset="129863739" timestamp="2022-12-08T14:37:19Z" user="angys" uid="3191182" lat="3.0646296" lon="101.6019119"/>
 <node id="10246863475" visible="true" version="1" changeset="129863739" timestamp="2022-12-08T14:37:19Z" user="angys" uid="3191182" lat="3.0640404" lon="101.6016308"/>
 <node id="10246863476" visible="true" version="1" changeset="129863739" timestamp="2022-12-08T14:37:19Z" user="angys" uid="3191182" lat="3.0640254" lon="101.6014291"/>
 <node id="10246863477" visible="true" version="1" changeset="129863739" timestamp="2022-12-08T14:37:19Z" user="angys" uid="3191182" lat="3.0654489" lon="101.6015347"/>
 <node id="10246863478" visible="true" version="1" changeset="129863739" timestamp="2022-12-08T14:37:19Z" user="angys" uid="3191182" lat="3.0654479" lon="101.6013866"/>
 <node id="10246863479" visible="true" version="1" changeset="129863739" timestamp="2022-12-08T14:37:19Z" user="angys" uid="3191182" lat="3.0651837" lon="101.6013355"/>
 <node id="10246863480" visible="true" version="1" changeset="129863739" timestamp="2022-12-08T14:37:19Z" user="angys" uid="3191182" lat="3.0652109" lon="101.6013539"/>
 <node id="10718239142" visible="true" version="1" changeset="133388114" timestamp="2023-03-07T05:18:13Z" user="GrabMY_FaizDjamil" uid="6458217" lat="3.0631824" lon="101.5998941"/>
 <node id="10718239143" visible="true" version="1" changeset="133388114" timestamp="2023-03-07T05:18:13Z" user="GrabMY_FaizDjamil" uid="6458217" lat="3.0631834" lon="101.5998421"/>
 <node id="10718239144" visible="true" version="1" changeset="133388114" timestamp="2023-03-07T05:18:13Z" user="GrabMY_FaizDjamil" uid="6458217" lat="3.0627394" lon="101.5999157"/>
 <node id="10718239145" visible="true" version="1" changeset="133388114" timestamp="2023-03-07T05:18:13Z" user="GrabMY_FaizDjamil" uid="6458217" lat="3.0627309" lon="101.5994017"/>
 <node id="10718239146" visible="true" version="1" changeset="133388114" timestamp="2023-03-07T05:18:13Z" user="GrabMY_FaizDjamil" uid="6458217" lat="3.0627288" lon="101.5992431"/>
 <node id="10718239147" visible="true" version="1" changeset="133388114" timestamp="2023-03-07T05:18:13Z" user="GrabMY_FaizDjamil" uid="6458217" lat="3.0627476" lon="101.5991872"/>
 <node id="10718239148" visible="true" version="1" changeset="133388114" timestamp="2023-03-07T05:18:13Z" user="GrabMY_FaizDjamil" uid="6458217" lat="3.0628220" lon="101.5991617"/>
 <node id="10718239149" visible="true" version="1" changeset="133388114" timestamp="2023-03-07T05:18:13Z" user="GrabMY_FaizDjamil" uid="6458217" lat="3.0637574" lon="101.5991822"/>
 <node id="10718239150" visible="true" version="1" changeset="133388114" timestamp="2023-03-07T05:18:13Z" user="GrabMY_FaizDjamil" uid="6458217" lat="3.0637799" lon="101.5992169"/>
 <node id="10718239151" visible="true" version="1" changeset="133388114" timestamp="2023-03-07T05:18:13Z" user="GrabMY_FaizDjamil" uid="6458217" lat="3.0637738" lon="101.5996817"/>
 <node id="10718239152" visible="true" version="1" changeset="133388114" timestamp="2023-03-07T05:18:13Z" user="GrabMY_FaizDjamil" uid="6458217" lat="3.0637339" lon="101.5997244"/>
 <node id="10718239153" visible="true" version="1" changeset="133388114" timestamp="2023-03-07T05:18:13Z" user="GrabMY_FaizDjamil" uid="6458217" lat="3.0636215" lon="101.5997705"/>
 <node id="10718239154" visible="true" version="1" changeset="133388114" timestamp="2023-03-07T05:18:13Z" user="GrabMY_FaizDjamil" uid="6458217" lat="3.0634809" lon="101.5998146"/>
 <node id="10718239155" visible="true" version="1" changeset="133388114" timestamp="2023-03-07T05:18:13Z" user="GrabMY_FaizDjamil" uid="6458217" lat="3.0633444" lon="101.5998425"/>
 <node id="10718239156" visible="true" version="1" changeset="133388114" timestamp="2023-03-07T05:18:13Z" user="GrabMY_FaizDjamil" uid="6458217" lat="3.0632114" lon="101.5998907"/>
 <node id="10718239157" visible="true" version="1" changeset="133388114" timestamp="2023-03-07T05:18:13Z" user="GrabMY_FaizDjamil" uid="6458217" lat="3.0632119" lon="101.5998423"/>
 <node id="10718239158" visible="true" version="1" changeset="133388114" timestamp="2023-03-07T05:18:13Z" user="GrabMY_FaizDjamil" uid="6458217" lat="3.0628885" lon="101.5998545"/>
 <node id="10718239159" visible="true" version="1" changeset="133388114" timestamp="2023-03-07T05:18:13Z" user="GrabMY_FaizDjamil" uid="6458217" lat="3.0627846" lon="101.5998886"/>
 <node id="10718239160" visible="true" version="1" changeset="133388114" timestamp="2023-03-07T05:18:13Z" user="GrabMY_FaizDjamil" uid="6458217" lat="3.0625548" lon="101.6000299"/>
 <node id="10718239161" visible="true" version="1" changeset="133388114" timestamp="2023-03-07T05:18:13Z" user="GrabMY_FaizDjamil" uid="6458217" lat="3.0624744" lon="101.6001412"/>
 <node id="10718239162" visible="true" version="1" changeset="133388114" timestamp="2023-03-07T05:18:13Z" user="GrabMY_FaizDjamil" uid="6458217" lat="3.0623649" lon="101.6003486"/>
 <node id="10718239163" visible="true" version="1" changeset="133388114" timestamp="2023-03-07T05:18:13Z" user="GrabMY_FaizDjamil" uid="6458217" lat="3.0622748" lon="101.6006380"/>
 <node id="10718239164" visible="true" version="1" changeset="133388114" timestamp="2023-03-07T05:18:13Z" user="GrabMY_FaizDjamil" uid="6458217" lat="3.0622107" lon="101.6008866"/>
 <node id="10718239165" visible="true" version="1" changeset="133388114" timestamp="2023-03-07T05:18:13Z" user="GrabMY_FaizDjamil" uid="6458217" lat="3.0622160" lon="101.6011727"/>
 <node id="10736296295" visible="true" version="3" changeset="147414135" timestamp="2024-02-13T15:35:00Z" user="angys" uid="3191182" lat="3.0617439" lon="101.5977705"/>
 <node id="10736296297" visible="true" version="2" changeset="147414135" timestamp="2024-02-13T15:35:00Z" user="angys" uid="3191182" lat="3.0619250" lon="101.5977782"/>
 <node id="10736296299" visible="true" version="2" changeset="147414135" timestamp="2024-02-13T15:35:00Z" user="angys" uid="3191182" lat="3.0620043" lon="101.5978148"/>
 <node id="10736296300" visible="true" version="1" changeset="133693581" timestamp="2023-03-15T05:29:35Z" user="MascarinPeak" uid="16408159" lat="3.0620465" lon="101.5978557"/>
 <node id="10736296301" visible="true" version="1" changeset="133693581" timestamp="2023-03-15T05:29:35Z" user="MascarinPeak" uid="16408159" lat="3.0620853" lon="101.5979415"/>
 <node id="10736296302" visible="true" version="1" changeset="133693581" timestamp="2023-03-15T05:29:35Z" user="MascarinPeak" uid="16408159" lat="3.0619434" lon="101.5982553"/>
 <node id="10736296303" visible="true" version="2" changeset="187125269" timestamp="2026-08-08T09:52:09Z" user="Zh9567" uid="9940138" lat="3.0616106" lon="101.5986962"/>
 <node id="10736296304" visible="true" version="1" changeset="133693581" timestamp="2023-03-15T05:29:35Z" user="MascarinPeak" uid="16408159" lat="3.0615068" lon="101.5988427"/>
 <node id="10736315105" visible="true" version="1" changeset="133693581" timestamp="2023-03-15T05:29:35Z" user="MascarinPeak" uid="16408159" lat="3.0612765" lon="101.5991029"/>
 <node id="10736315106" visible="true" version="1" changeset="133693581" timestamp="2023-03-15T05:29:35Z" user="MascarinPeak" uid="16408159" lat="3.0609845" lon="101.5992773"/>
 <node id="10736315107" visible="true" version="1" changeset="133693581" timestamp="2023-03-15T05:29:35Z" user="MascarinPeak" uid="16408159" lat="3.0607140" lon="101.5995616"/>
 <node id="10766387111" visible="true" version="1" changeset="134180213" timestamp="2023-03-27T14:23:25Z" user="rat_lorand_grab" uid="10678755" lat="3.0649311" lon="101.5989874"/>
 <node id="10767795997" visible="true" version="1" changeset="134202778" timestamp="2023-03-28T05:37:43Z" user="rat_lorand_grab" uid="10678755" lat="3.0637941" lon="101.5990680"/>
 <node id="10767795998" visible="true" version="1" changeset="134202778" timestamp="2023-03-28T05:37:43Z" user="rat_lorand_grab" uid="10678755" lat="3.0638370" lon="101.5991069"/>
 <node id="10767795999" visible="true" version="1" changeset="134202778" timestamp="2023-03-28T05:37:43Z" user="rat_lorand_grab" uid="10678755" lat="3.0638752" lon="101.5991773"/>
 <node id="10767796000" visible="true" version="1" changeset="134202778" timestamp="2023-03-28T05:37:43Z" user="rat_lorand_grab" uid="10678755" lat="3.0639053" lon="101.5992417"/>
 <node id="11264460151" visible="true" version="2" changeset="172831964" timestamp="2025-10-04T13:53:04Z" user="tg4567" uid="12500589" lat="3.0616234" lon="101.5967816">
  <tag k="bus" v="yes"/>
  <tag k="name" v="SB6 South Quay-USJ1"/>
  <tag k="name:en" v="South Quay-USJ1"/>
  <tag k="name:zh" v="南湖-USJ1区"/>
  <tag k="name:zh-Hans" v="南湖-USJ1区"/>
  <tag k="name:zh-Hant" v="南湖-USJ1區"/>
  <tag k="public_transport" v="stop_position"/>
  <tag k="wikidata" v="Q30623742"/>
  <tag k="wikimedia_commons" v="Category:South Quay-USJ 1 BRT Station"/>
  <tag k="wikipedia" v="en:South Quay-USJ 1 BRT station"/>
 </node>
 <node id="11264460154" visible="true" version="3" changeset="177500838" timestamp="2026-01-21T01:35:33Z" user="User10384" uid="23732995" lat="3.0653151" lon="101.6015415">
  <tag k="bus" v="yes"/>
  <tag k="highway" v="bus_stop"/>
  <tag k="name" v="SB5 SunU-Monash"/>
  <tag k="name:en" v="SunU-Monash"/>
  <tag k="name:ms" v="SunU-Monash"/>
  <tag k="name:zh" v="双威-莫纳什大学"/>
  <tag k="name:zh-Hans" v="双威-莫纳什大学"/>
  <tag k="name:zh-Hant" v="雙威-莫納什大學"/>
  <tag k="network" v="BRT"/>
  <tag k="network:wikidata" v="Q16255640"/>
  <tag k="public_transport" v="platform"/>
  <tag k="wikidata" v="Q30623750"/>
  <tag k="wikimedia_commons" v="Category:SunU-Monash BRT Station"/>
  <tag k="wikipedia" v="en:SunU-Monash BRT station"/>
 </node>
 <node id="11267149848" visible="true" version="2" changeset="172831964" timestamp="2025-10-04T13:53:04Z" user="tg4567" uid="12500589" lat="3.0654889" lon="101.6086094">
  <tag k="bus" v="yes"/>
  <tag k="name" v="SB4 SunMed"/>
  <tag k="name:en" v="SunMed"/>
  <tag k="name:ms" v="SunMed"/>
  <tag k="name:zh" v="双威医疗中心"/>
  <tag k="name:zh-Hans" v="双威医疗中心"/>
  <tag k="name:zh-Hant" v="雙威醫療中心"/>
  <tag k="public_transport" v="stop_position"/>
  <tag k="wikidata" v="Q30623755"/>
  <tag k="wikimedia_commons" v="Category:SunMed BRT Station"/>
  <tag k="wikipedia" v="en:SunMed BRT station"/>
 </node>
 <node id="11272247809" visible="true" version="4" changeset="172831964" timestamp="2025-10-04T13:53:04Z" user="tg4567" uid="12500589" lat="3.0707114" lon="101.6107323">
  <tag k="bus" v="yes"/>
  <tag k="name" v="SB3 Sunway Lagoon"/>
  <tag k="name:en" v="Sunway Lagoon"/>
  <tag k="name:ms" v="Sunway Lagoon"/>
  <tag k="name:zh" v="双威水上乐园"/>
  <tag k="name:zh-Hans" v="双威水上乐园"/>
  <tag k="name:zh-Hant" v="雙威水上樂園"/>
  <tag k="public_transport" v="stop_position"/>
  <tag k="wikidata" v="Q30623760"/>
  <tag k="wikimedia_commons" v="Category:Sunway Lagoon BRT Station"/>
  <tag k="wikipedia" v="en:Sunway Lagoon BRT station"/>
 </node>
 <node id="11273547895" visible="true" version="1" changeset="142791390" timestamp="2023-10-19T03:49:01Z" user="cnvery" uid="3627342" lat="3.0761465" lon="101.6102234">
  <tag k="bus" v="yes"/>
  <tag k="name" v="SB2 Mentari"/>
  <tag k="name:ms" v="Mentari"/>
  <tag k="name:zh" v="孟达里"/>
  <tag k="name:zh-Hans" v="孟达里"/>
  <tag k="name:zh-Hant" v="孟達裡"/>
  <tag k="public_transport" v="stop_position"/>
  <tag k="wikidata" v="Q30623763"/>
  <tag k="wikipedia" v="en:Mentari BRT station"/>
 </node>
 <node id="11273547901" visible="true" version="2" changeset="172831964" timestamp="2025-10-04T13:53:04Z" user="tg4567" uid="12500589" lat="3.0829564" lon="101.6122517">
  <tag k="bus" v="yes"/>
  <tag k="name" v="SB1 Sunway-Setia Jaya"/>
  <tag k="name:en" v="Sunway-Setia Jaya"/>
  <tag k="name:ms" v="Sunway-Setia Jaya"/>
  <tag k="name:zh" v="双威-斯迪亚再也"/>
  <tag k="name:zh-Hans" v="双威-斯迪亚再也"/>
  <tag k="name:zh-Hant" v="雙威-斯迪亞再也"/>
  <tag k="public_transport" v="stop_position"/>
  <tag k="wikidata" v="Q6131802"/>
  <tag k="wikimedia_commons" v="Category:Setia Jaya Railway Station"/>
  <tag k="wikipedia" v="en:Setia Jaya station"/>
 </node>
 <node id="11413966450" visible="true" version="1" changeset="145060037" timestamp="2023-12-13T04:31:28Z" user="velaia" uid="94104" lat="3.0628755" lon="101.6010877"/>
 <node id="11413966451" visible="true" version="1" changeset="145060037" timestamp="2023-12-13T04:31:28Z" user="velaia" uid="94104" lat="3.0626398" lon="101.6011387"/>
 <node id="11449534178" visible="true" version="2" changeset="145495723" timestamp="2023-12-25T12:14:30Z" user="mataharimau" uid="17227421" lat="3.0631580" lon="101.5724556"/>
 <node id="11452045521" visible="true" version="1" changeset="145495723" timestamp="2023-12-25T12:14:30Z" user="mataharimau" uid="17227421" lat="3.0629116" lon="101.5930395"/>
 <node id="11452045522" visible="true" version="1" changeset="145495723" timestamp="2023-12-25T12:14:30Z" user="mataharimau" uid="17227421" lat="3.0630038" lon="101.5913084"/>
 <node id="11452045523" visible="true" version="1" changeset="145495723" timestamp="2023-12-25T12:14:30Z" user="mataharimau" uid="17227421" lat="3.0630805" lon="101.5898615"/>
 <node id="11452045524" visible="true" version="1" changeset="145495723" timestamp="2023-12-25T12:14:30Z" user="mataharimau" uid="17227421" lat="3.0631331" lon="101.5884287"/>
 <node id="11452045525" visible="true" version="1" changeset="145495723" timestamp="2023-12-25T12:14:30Z" user="mataharimau" uid="17227421" lat="3.0631548" lon="101.5861394"/>
 <node id="11452045526" visible="true" version="1" changeset="145495723" timestamp="2023-12-25T12:14:30Z" user="mataharimau" uid="17227421" lat="3.0631653" lon="101.5803457"/>
 <node id="11452045527" visible="true" version="1" changeset="145495723" timestamp="2023-12-25T12:14:30Z" user="mataharimau" uid="17227421" lat="3.0631758" lon="101.5730411"/>
 <node id="11460194867" visible="true" version="1" changeset="145588119" timestamp="2023-12-27T18:32:29Z" user="velaia" uid="94104" lat="3.0631698" lon="101.6050516"/>
 <node id="11460194868" visible="true" version="1" changeset="145588119" timestamp="2023-12-27T18:32:29Z" user="velaia" uid="94104" lat="3.0632216" lon="101.6048128"/>
 <node id="11502851933" visible="true" version="1" changeset="146062260" timestamp="2024-01-09T11:06:04Z" user="Zh9567" uid="9940138" lat="3.0622453" lon="101.5998491"/>
 <node id="11502851934" visible="true" version="1" changeset="146062260" timestamp="2024-01-09T11:06:04Z" user="Zh9567" uid="9940138" lat="3.0622428" lon="101.5994763"/>
 <node id="11502851935" visible="true" version="1" changeset="146062260" timestamp="2024-01-09T11:06:04Z" user="Zh9567" uid="9940138" lat="3.0624138" lon="101.5994752"/>
 <node id="11502851936" visible="true" version="1" changeset="146062260" timestamp="2024-01-09T11:06:04Z" user="Zh9567" uid="9940138" lat="3.0624131" lon="101.5993732"/>
 <node id="11502851937" visible="true" version="1" changeset="146062260" timestamp="2024-01-09T11:06:04Z" user="Zh9567" uid="9940138" lat="3.0622391" lon="101.5993744"/>
 <node id="11502851938" visible="true" version="1" changeset="146062260" timestamp="2024-01-09T11:06:04Z" user="Zh9567" uid="9940138" lat="3.0622397" lon="101.5994648"/>
 <node id="11502851939" visible="true" version="1" changeset="146062260" timestamp="2024-01-09T11:06:04Z" user="Zh9567" uid="9940138" lat="3.0621695" lon="101.5994652"/>
 <node id="11502851940" visible="true" version="1" changeset="146062260" timestamp="2024-01-09T11:06:04Z" user="Zh9567" uid="9940138" lat="3.0621699" lon="101.5995185"/>
 <node id="11502851941" visible="true" version="1" changeset="146062260" timestamp="2024-01-09T11:06:04Z" user="Zh9567" uid="9940138" lat="3.0621207" lon="101.5995188"/>
 <node id="11502851942" visible="true" version="1" changeset="146062260" timestamp="2024-01-09T11:06:04Z" user="Zh9567" uid="9940138" lat="3.0621223" lon="101.5997577"/>
 <node id="11502851943" visible="true" version="1" changeset="146062260" timestamp="2024-01-09T11:06:04Z" user="Zh9567" uid="9940138" lat="3.0622122" lon="101.5997571"/>
 <node id="11502851944" visible="true" version="1" changeset="146062260" timestamp="2024-01-09T11:06:04Z" user="Zh9567" uid="9940138" lat="3.0622129" lon="101.5998543"/>
 <node id="11502851945" visible="true" version="1" changeset="146062260" timestamp="2024-01-09T11:06:04Z" user="Zh9567" uid="9940138" lat="3.0619268" lon="101.5998563"/>
 <node id="11502851946" visible="true" version="1" changeset="146062260" timestamp="2024-01-09T11:06:04Z" user="Zh9567" uid="9940138" lat="3.0619279" lon="101.6000213"/>
 <node id="11502851947" visible="true" version="1" changeset="146062260" timestamp="2024-01-09T11:06:04Z" user="Zh9567" uid="9940138" lat="3.0618513" lon="101.6000218"/>
 <node id="11502851948" visible="true" version="1" changeset="146062260" timestamp="2024-01-09T11:06:04Z" user="Zh9567" uid="9940138" lat="3.0618534" lon="101.6003396"/>
 <node id="11502851949" visible="true" version="1" changeset="146062260" timestamp="2024-01-09T11:06:04Z" user="Zh9567" uid="9940138" lat="3.0619203" lon="101.6003392"/>
 <node id="11502851950" visible="true" version="1" changeset="146062260" timestamp="2024-01-09T11:06:04Z" user="Zh9567" uid="9940138" lat="3.0619209" lon="101.6004177"/>
 <node id="11502851951" visible="true" version="1" changeset="146062260" timestamp="2024-01-09T11:06:04Z" user="Zh9567" uid="9940138" lat="3.0616658" lon="101.6004194"/>
 <node id="11502851952" visible="true" version="1" changeset="146062260" timestamp="2024-01-09T11:06:04Z" user="Zh9567" uid="9940138" lat="3.0616666" lon="101.6005359"/>
 <node id="11502851953" visible="true" version="1" changeset="146062260" timestamp="2024-01-09T11:06:04Z" user="Zh9567" uid="9940138" lat="3.0622627" lon="101.6005319"/>
 <node id="11502851954" visible="true" version="1" changeset="146062260" timestamp="2024-01-09T11:06:04Z" user="Zh9567" uid="9940138" lat="3.0622615" lon="101.6003463"/>
 <node id="11502851955" visible="true" version="1" changeset="146062260" timestamp="2024-01-09T11:06:04Z" user="Zh9567" uid="9940138" lat="3.0623208" lon="101.6003459"/>
 <node id="11502851956" visible="true" version="1" changeset="146062260" timestamp="2024-01-09T11:06:04Z" user="Zh9567" uid="9940138" lat="3.0623187" lon="101.6000335"/>
 <node id="11502851957" visible="true" version="1" changeset="146062260" timestamp="2024-01-09T11:06:04Z" user="Zh9567" uid="9940138" lat="3.0622677" lon="101.6000338"/>
 <node id="11502851958" visible="true" version="1" changeset="146062260" timestamp="2024-01-09T11:06:04Z" user="Zh9567" uid="9940138" lat="3.0622672" lon="101.5999698"/>
 <node id="11502851959" visible="true" version="1" changeset="146062260" timestamp="2024-01-09T11:06:04Z" user="Zh9567" uid="9940138" lat="3.0624125" lon="101.5999688"/>
 <node id="11502851960" visible="true" version="1" changeset="146062260" timestamp="2024-01-09T11:06:04Z" user="Zh9567" uid="9940138" lat="3.0624117" lon="101.5998480"/>
 <node id="11502851961" visible="true" version="1" changeset="146062260" timestamp="2024-01-09T11:06:04Z" user="Zh9567" uid="9940138" lat="3.0616253" lon="101.6009917"/>
 <node id="11502851962" visible="true" version="1" changeset="146062260" timestamp="2024-01-09T11:06:04Z" user="Zh9567" uid="9940138" lat="3.0616862" lon="101.6009912"/>
 <node id="11502851963" visible="true" version="1" changeset="146062260" timestamp="2024-01-09T11:06:04Z" user="Zh9567" uid="9940138" lat="3.0620645" lon="101.6009772"/>
 <node id="11502851964" visible="true" version="1" changeset="146062260" timestamp="2024-01-09T11:06:04Z" user="Zh9567" uid="9940138" lat="3.0619893" lon="101.6009778"/>
 <node id="11502851965" visible="true" version="1" changeset="146062260" timestamp="2024-01-09T11:06:04Z" user="Zh9567" uid="9940138" lat="3.0616241" lon="101.6008374"/>
 <node id="11502851966" visible="true" version="1" changeset="146062260" timestamp="2024-01-09T11:06:04Z" user="Zh9567" uid="9940138" lat="3.0620634" lon="101.6008338"/>
 <node id="11502851967" visible="true" version="1" changeset="146062260" timestamp="2024-01-09T11:06:04Z" user="Zh9567" uid="9940138" lat="3.0616875" lon="101.6011507"/>
 <node id="11502851968" visible="true" version="1" changeset="146062260" timestamp="2024-01-09T11:06:04Z" user="Zh9567" uid="9940138" lat="3.0615695" lon="101.6008053"/>
 <node id="11502858569" visible="true" version="1" changeset="146062260" timestamp="2024-01-09T11:06:04Z" user="Zh9567" uid="9940138" lat="3.0615686" lon="101.6006953"/>
 <node id="11502858570" visible="true" version="1" changeset="146062260" timestamp="2024-01-09T11:06:04Z" user="Zh9567" uid="9940138" lat="3.0616899" lon="101.6006943"/>
 <node id="11502858571" visible="true" version="1" changeset="146062260" timestamp="2024-01-09T11:06:04Z" user="Zh9567" uid="9940138" lat="3.0620333" lon="101.6006718"/>
 <node id="11502858572" visible="true" version="1" changeset="146062260" timestamp="2024-01-09T11:06:04Z" user="Zh9567" uid="9940138" lat="3.0620328" lon="101.6006104"/>
 <node id="11618909819" visible="true" version="1" changeset="147414135" timestamp="2024-02-13T15:35:00Z" user="angys" uid="3191182" lat="3.0734653" lon="101.6049747"/>
 <node id="11618921269" visible="true" version="1" changeset="147414135" timestamp="2024-02-13T15:35:00Z" user="angys" uid="3191182" lat="3.0645954" lon="101.6036124"/>
 <node id="11618921293" visible="true" version="2" changeset="148142208" timestamp="2024-03-02T18:28:26Z" user="nabilersyad" uid="11419275" lat="3.0615768" lon="101.5983851"/>
 <node id="11654988480" visible="true" version="2" changeset="148142208" timestamp="2024-03-02T18:28:26Z" user="nabilersyad" uid="11419275" lat="3.0654472" lon="101.5970757"/>
 <node id="11654988482" visible="true" version="2" changeset="148142208" timestamp="2024-03-02T18:28:26Z" user="nabilersyad" uid="11419275" lat="3.0653532" lon="101.5970774"/>
 <node id="11664654718" visible="true" version="1" changeset="147920810" timestamp="2024-02-26T08:25:25Z" user="GrabMY_ashikinshamshul" uid="9502891" lat="3.0616833" lon="101.5983617"/>
 <node id="11664654719" visible="true" version="1" changeset="147920810" timestamp="2024-02-26T08:25:25Z" user="GrabMY_ashikinshamshul" uid="9502891" lat="3.0612972" lon="101.5985518"/>
 <node id="11806405696" visible="true" version="1" changeset="149801456" timestamp="2024-04-10T03:53:01Z" user="cnvery" uid="3627342" lat="3.0822841" lon="101.6051180"/>
 <node id="11806405697" visible="true" version="1" changeset="149801456" timestamp="2024-04-10T03:53:01Z" user="cnvery" uid="3627342" lat="3.0823500" lon="101.6051375"/>
 <node id="11838710739" visible="true" version="2" changeset="152705603" timestamp="2024-06-15T04:55:08Z" user="Zh9567" uid="9940138" lat="3.0656319" lon="101.6023867"/>
 <node id="11862350546" visible="true" version="1" changeset="150620648" timestamp="2024-04-28T14:12:55Z" user="angys" uid="3191182" lat="3.0652006" lon="101.6105832"/>
 <node id="11962457148" visible="true" version="1" changeset="152369734" timestamp="2024-06-07T10:40:57Z" user="nathanielcwm" uid="21303943" lat="3.0649238" lon="101.5993920"/>
 <node id="11962457149" visible="true" version="1" changeset="152369734" timestamp="2024-06-07T10:40:57Z" user="nathanielcwm" uid="21303943" lat="3.0649192" lon="101.6002062"/>
 <node id="11962459917" visible="true" version="2" changeset="154514877" timestamp="2024-07-28T10:50:58Z" user="nathanielcwm" uid="21303943" lat="3.0626509" lon="101.5998604">
  <tag k="amenity" v="parcel_locker"/>
  <tag k="indoor" v="yes"/>
  <tag k="opening_hours" v="24/7"/>
  <tag k="operator" v="PopBox"/>
  <tag k="parcel_mail_in" v="no"/>
  <tag k="parcel_pickup" v="yes"/>
  <tag k="ref" v="Waterfront Residence 1;Waterfront Residence 3"/>
 </node>
 <node id="11962459918" visible="true" version="2" changeset="154514877" timestamp="2024-07-28T10:51:00Z" user="nathanielcwm" uid="21303943" lat="3.0625967" lon="101.5998899">
  <tag k="amenity" v="parcel_locker"/>
  <tag k="indoor" v="yes"/>
  <tag k="opening_hours" v="24/7"/>
  <tag k="operator" v="PopBox"/>
  <tag k="parcel_mail_in" v="no"/>
  <tag k="parcel_pickup" v="yes"/>
  <tag k="ref" v="Waterfront Residence 2"/>
 </node>
 <node id="11962459919" visible="true" version="3" changeset="154514877" timestamp="2024-07-28T10:51:18Z" user="nathanielcwm" uid="21303943" lat="3.0632607" lon="101.6005490">
  <tag k="amenity" v="parcel_locker"/>
  <tag k="indoor" v="yes"/>
  <tag k="name" v="Monash University 2"/>
  <tag k="opening_hours" v="24/7"/>
  <tag k="operator" v="PopBox"/>
  <tag k="parcel_mail_in" v="no"/>
  <tag k="parcel_pickup" v="yes"/>
 </node>
 <node id="11962459921" visible="true" version="1" changeset="152368622" timestamp="2024-06-07T10:17:37Z" user="nathanielcwm" uid="21303943" lat="3.0619549" lon="101.6011489"/>
 <node id="11962459922" visible="true" version="1" changeset="152368622" timestamp="2024-06-07T10:17:37Z" user="nathanielcwm" uid="21303943" lat="3.0617944" lon="101.6011506"/>
 <node id="11962459923" visible="true" version="1" changeset="152368622" timestamp="2024-06-07T10:17:37Z" user="nathanielcwm" uid="21303943" lat="3.0617934" lon="101.6010448"/>
 <node id="11962459924" visible="true" version="1" changeset="152368622" timestamp="2024-06-07T10:17:37Z" user="nathanielcwm" uid="21303943" lat="3.0619538" lon="101.6010431"/>
 <node id="11962552771" visible="true" version="1" changeset="152370207" timestamp="2024-06-07T10:53:00Z" user="nathanielcwm" uid="21303943" lat="3.0638378" lon="101.5992467"/>
 <node id="11962552772" visible="true" version="1" changeset="152370207" timestamp="2024-06-07T10:53:00Z" user="nathanielcwm" uid="21303943" lat="3.0637441" lon="101.5991287"/>
 <node id="11962552773" visible="true" version="1" changeset="152370207" timestamp="2024-06-07T10:53:00Z" user="nathanielcwm" uid="21303943" lat="3.0622924" lon="101.5991448"/>
 <node id="11962552774" visible="true" version="1" changeset="152370207" timestamp="2024-06-07T10:53:00Z" user="nathanielcwm" uid="21303943" lat="3.0613282" lon="101.6008345"/>
 <node id="11962552775" visible="true" version="1" changeset="152370207" timestamp="2024-06-07T10:53:00Z" user="nathanielcwm" uid="21303943" lat="3.0613469" lon="101.6012074"/>
 <node id="11962552776" visible="true" version="1" changeset="152370207" timestamp="2024-06-07T10:53:00Z" user="nathanielcwm" uid="21303943" lat="3.0622495" lon="101.6012235"/>
 <node id="11962552777" visible="true" version="1" changeset="152370207" timestamp="2024-06-07T10:53:00Z" user="nathanielcwm" uid="21303943" lat="3.0623138" lon="101.6006790"/>
 <node id="11962552778" visible="true" version="1" changeset="152370207" timestamp="2024-06-07T10:53:00Z" user="nathanielcwm" uid="21303943" lat="3.0625843" lon="101.6001345"/>
 <node id="11962552779" visible="true" version="1" changeset="152370207" timestamp="2024-06-07T10:53:00Z" user="nathanielcwm" uid="21303943" lat="3.0628334" lon="101.5999521"/>
 <node id="11962552780" visible="true" version="1" changeset="152370207" timestamp="2024-06-07T10:53:00Z" user="nathanielcwm" uid="21303943" lat="3.0638244" lon="101.5999253"/>
 <node id="11982359791" visible="true" version="1" changeset="152705603" timestamp="2024-06-15T04:55:08Z" user="Zh9567" uid="9940138" lat="3.0661751" lon="101.6024302"/>
 <node id="11982359794" visible="true" version="1" changeset="152705603" timestamp="2024-06-15T04:55:08Z" user="Zh9567" uid="9940138" lat="3.0660987" lon="101.6031555"/>
 <node id="11982359798" visible="true" version="1" changeset="152705603" timestamp="2024-06-15T04:55:08Z" user="Zh9567" uid="9940138" lat="3.0663786" lon="101.6022076"/>
 <node id="11982359804" visible="true" version="1" changeset="152705603" timestamp="2024-06-15T04:55:08Z" user="Zh9567" uid="9940138" lat="3.0659628" lon="101.6029327"/>
 <node id="11982359820" visible="true" version="1" changeset="152705603" timestamp="2024-06-15T04:55:08Z" user="Zh9567" uid="9940138" lat="3.0656955" lon="101.6022122"/>
 <node id="11982359821" visible="true" version="1" changeset="152705603" timestamp="2024-06-15T04:55:08Z" user="Zh9567" uid="9940138" lat="3.0663725" lon="101.6031568"/>
 <node id="11982359825" visible="true" version="1" changeset="152705603" timestamp="2024-06-15T04:55:08Z" user="Zh9567" uid="9940138" lat="3.0660340" lon="101.6020978"/>
 <node id="11982359831" visible="true" version="1" changeset="152705603" timestamp="2024-06-15T04:55:08Z" user="Zh9567" uid="9940138" lat="3.0660370" lon="101.6022099"/>
 <node id="11982359836" visible="true" version="1" changeset="152705603" timestamp="2024-06-15T04:55:08Z" user="Zh9567" uid="9940138" lat="3.0660312" lon="101.6029330"/>
 <node id="11982359839" visible="true" version="1" changeset="152705603" timestamp="2024-06-15T04:55:08Z" user="Zh9567" uid="9940138" lat="3.0660327" lon="101.6028312"/>
 <node id="11982359848" visible="true" version="1" changeset="152705603" timestamp="2024-06-15T04:55:08Z" user="Zh9567" uid="9940138" lat="3.0658282" lon="101.6026111"/>
 <node id="11982359856" visible="true" version="1" changeset="152705603" timestamp="2024-06-15T04:55:08Z" user="Zh9567" uid="9940138" lat="3.0656897" lon="101.6028314"/>
 <node id="11982359859" visible="true" version="1" changeset="152705603" timestamp="2024-06-15T04:55:08Z" user="Zh9567" uid="9940138" lat="3.0661024" lon="101.6020982"/>
 <node id="11982359864" visible="true" version="1" changeset="152705603" timestamp="2024-06-15T04:55:08Z" user="Zh9567" uid="9940138" lat="3.0659687" lon="101.6022104"/>
 <node id="11982359865" visible="true" version="1" changeset="152705603" timestamp="2024-06-15T04:55:08Z" user="Zh9567" uid="9940138" lat="3.0663051" lon="101.6029343"/>
 <node id="11982359866" visible="true" version="1" changeset="152705603" timestamp="2024-06-15T04:55:08Z" user="Zh9567" uid="9940138" lat="3.0660356" lon="101.6018750"/>
 <node id="11982359867" visible="true" version="1" changeset="152705603" timestamp="2024-06-15T04:55:08Z" user="Zh9567" uid="9940138" lat="3.0663053" lon="101.6028311"/>
 <node id="11982359872" visible="true" version="1" changeset="152705603" timestamp="2024-06-15T04:55:08Z" user="Zh9567" uid="9940138" lat="3.0661068" lon="101.6024307"/>
 <node id="11982359876" visible="true" version="1" changeset="152705603" timestamp="2024-06-15T04:55:08Z" user="Zh9567" uid="9940138" lat="3.0661671" lon="101.6031558"/>
 <node id="11982359879" visible="true" version="1" changeset="152705603" timestamp="2024-06-15T04:55:08Z" user="Zh9567" uid="9940138" lat="3.0661689" lon="101.6026109"/>
 <node id="11982359887" visible="true" version="1" changeset="152705603" timestamp="2024-06-15T04:55:08Z" user="Zh9567" uid="9940138" lat="3.0658283" lon="101.6028313"/>
 <node id="11982359897" visible="true" version="1" changeset="152705603" timestamp="2024-06-15T04:55:08Z" user="Zh9567" uid="9940138" lat="3.0663775" lon="101.6018774"/>
 <node id="11982359901" visible="true" version="1" changeset="152705603" timestamp="2024-06-15T04:55:08Z" user="Zh9567" uid="9940138" lat="3.0657653" lon="101.6024329"/>
 <node id="11982359903" visible="true" version="1" changeset="152705603" timestamp="2024-06-15T04:55:08Z" user="Zh9567" uid="9940138" lat="3.0664410" lon="101.6031571"/>
 <node id="11982359906" visible="true" version="1" changeset="152705603" timestamp="2024-06-15T04:55:08Z" user="Zh9567" uid="9940138" lat="3.0664414" lon="101.6026107"/>
 <node id="11982359910" visible="true" version="1" changeset="152705603" timestamp="2024-06-15T04:55:08Z" user="Zh9567" uid="9940138" lat="3.0665152" lon="101.6022067"/>
 <node id="11982359919" visible="true" version="1" changeset="152705603" timestamp="2024-06-15T04:55:08Z" user="Zh9567" uid="9940138" lat="3.0661009" lon="101.6028312"/>
 <node id="11982359934" visible="true" version="1" changeset="152705603" timestamp="2024-06-15T04:55:08Z" user="Zh9567" uid="9940138" lat="3.0665143" lon="101.6018783"/>
 <node id="11982359940" visible="true" version="1" changeset="152705603" timestamp="2024-06-15T04:55:08Z" user="Zh9567" uid="9940138" lat="3.0658973" lon="101.6020968"/>
 <node id="11982359941" visible="true" version="1" changeset="152705603" timestamp="2024-06-15T04:55:08Z" user="Zh9567" uid="9940138" lat="3.0665096" lon="101.6026107"/>
 <node id="11982359945" visible="true" version="1" changeset="152705603" timestamp="2024-06-15T04:55:08Z" user="Zh9567" uid="9940138" lat="3.0661736" lon="101.6022090"/>
 <node id="11982359948" visible="true" version="1" changeset="152705603" timestamp="2024-06-15T04:55:08Z" user="Zh9567" uid="9940138" lat="3.0658304" lon="101.6018736"/>
 <node id="11982359949" visible="true" version="1" changeset="152705603" timestamp="2024-06-15T04:55:08Z" user="Zh9567" uid="9940138" lat="3.0663734" lon="101.6028310"/>
 <node id="11982359954" visible="true" version="1" changeset="152705603" timestamp="2024-06-15T04:55:08Z" user="Zh9567" uid="9940138" lat="3.0663117" lon="101.6024293"/>
 <node id="11982359959" visible="true" version="1" changeset="152705603" timestamp="2024-06-15T04:55:08Z" user="Zh9567" uid="9940138" lat="3.0659617" lon="101.6031549"/>
 <node id="11982359978" visible="true" version="1" changeset="152705603" timestamp="2024-06-15T04:55:08Z" user="Zh9567" uid="9940138" lat="3.0658988" lon="101.6018741"/>
 <node id="11982359982" visible="true" version="1" changeset="152705603" timestamp="2024-06-15T04:55:08Z" user="Zh9567" uid="9940138" lat="3.0662434" lon="101.6024297"/>
 <node id="11982359986" visible="true" version="1" changeset="152705603" timestamp="2024-06-15T04:55:08Z" user="Zh9567" uid="9940138" lat="3.0660302" lon="101.6031552"/>
 <node id="11982359990" visible="true" version="1" changeset="152705603" timestamp="2024-06-15T04:55:08Z" user="Zh9567" uid="9940138" lat="3.0660326" lon="101.6026109"/>
 <node id="11982360000" visible="true" version="1" changeset="152705603" timestamp="2024-06-15T04:55:08Z" user="Zh9567" uid="9940138" lat="3.0658943" lon="101.6029324"/>
 <node id="11982360002" visible="true" version="1" changeset="152705603" timestamp="2024-06-15T04:55:08Z" user="Zh9567" uid="9940138" lat="3.0658964" lon="101.6028313"/>
 <node id="11982360009" visible="true" version="1" changeset="152705603" timestamp="2024-06-15T04:55:08Z" user="Zh9567" uid="9940138" lat="3.0656882" lon="101.6031536"/>
 <node id="11982360012" visible="true" version="1" changeset="152705603" timestamp="2024-06-15T04:55:08Z" user="Zh9567" uid="9940138" lat="3.0662408" lon="101.6018764"/>
 <node id="11982360019" visible="true" version="1" changeset="152705603" timestamp="2024-06-15T04:55:08Z" user="Zh9567" uid="9940138" lat="3.0659019" lon="101.6024320"/>
 <node id="11982360020" visible="true" version="1" changeset="152705603" timestamp="2024-06-15T04:55:08Z" user="Zh9567" uid="9940138" lat="3.0663041" lon="101.6031565"/>
 <node id="11982360022" visible="true" version="1" changeset="152705603" timestamp="2024-06-15T04:55:08Z" user="Zh9567" uid="9940138" lat="3.0659657" lon="101.6020973"/>
 <node id="11982360023" visible="true" version="1" changeset="152705603" timestamp="2024-06-15T04:55:08Z" user="Zh9567" uid="9940138" lat="3.0663052" lon="101.6026108"/>
 <node id="11982360027" visible="true" version="1" changeset="152705603" timestamp="2024-06-15T04:55:08Z" user="Zh9567" uid="9940138" lat="3.0661053" lon="101.6022094"/>
 <node id="11982360033" visible="true" version="1" changeset="152705603" timestamp="2024-06-15T04:55:08Z" user="Zh9567" uid="9940138" lat="3.0662366" lon="101.6029340"/>
 <node id="11982360037" visible="true" version="1" changeset="152705603" timestamp="2024-06-15T04:55:08Z" user="Zh9567" uid="9940138" lat="3.0659646" lon="101.6028313"/>
 <node id="11982360043" visible="true" version="1" changeset="152705603" timestamp="2024-06-15T04:55:08Z" user="Zh9567" uid="9940138" lat="3.0656895" lon="101.6026111"/>
 <node id="11982360052" visible="true" version="1" changeset="152705603" timestamp="2024-06-15T04:55:08Z" user="Zh9567" uid="9940138" lat="3.0663076" lon="101.6020997"/>
 <node id="11982360056" visible="true" version="1" changeset="152705603" timestamp="2024-06-15T04:55:08Z" user="Zh9567" uid="9940138" lat="3.0657638" lon="101.6022117"/>
 <node id="11982360057" visible="true" version="1" changeset="152705603" timestamp="2024-06-15T04:55:08Z" user="Zh9567" uid="9940138" lat="3.0665105" lon="101.6029353"/>
 <node id="11982360059" visible="true" version="1" changeset="152705603" timestamp="2024-06-15T04:55:08Z" user="Zh9567" uid="9940138" lat="3.0662372" lon="101.6028311"/>
 <node id="11982360062" visible="true" version="1" changeset="152705603" timestamp="2024-06-15T04:55:08Z" user="Zh9567" uid="9940138" lat="3.0664484" lon="101.6024284"/>
 <node id="11982360071" visible="true" version="1" changeset="152705603" timestamp="2024-06-15T04:55:08Z" user="Zh9567" uid="9940138" lat="3.0661007" lon="101.6026109"/>
 <node id="11982360084" visible="true" version="1" changeset="152705603" timestamp="2024-06-15T04:55:08Z" user="Zh9567" uid="9940138" lat="3.0664444" lon="101.6021006"/>
 <node id="11982360090" visible="true" version="1" changeset="152705603" timestamp="2024-06-15T04:55:08Z" user="Zh9567" uid="9940138" lat="3.0663091" lon="101.6018769"/>
 <node id="11982360094" visible="true" version="1" changeset="152705603" timestamp="2024-06-15T04:55:08Z" user="Zh9567" uid="9940138" lat="3.0658336" lon="101.6024325"/>
 <node id="11982360098" visible="true" version="1" changeset="152705603" timestamp="2024-06-15T04:55:08Z" user="Zh9567" uid="9940138" lat="3.0657605" lon="101.6020959"/>
 <node id="11982360099" visible="true" version="1" changeset="152705603" timestamp="2024-06-15T04:55:08Z" user="Zh9567" uid="9940138" lat="3.0663733" lon="101.6026107"/>
 <node id="11982360104" visible="true" version="1" changeset="152705603" timestamp="2024-06-15T04:55:08Z" user="Zh9567" uid="9940138" lat="3.0663103" lon="101.6022081"/>
 <node id="11982360122" visible="true" version="1" changeset="152705603" timestamp="2024-06-15T04:55:08Z" user="Zh9567" uid="9940138" lat="3.0664459" lon="101.6018778"/>
 <node id="11982360128" visible="true" version="1" changeset="152705603" timestamp="2024-06-15T04:55:08Z" user="Zh9567" uid="9940138" lat="3.0658289" lon="101.6020964"/>
 <node id="11982360133" visible="true" version="1" changeset="152705603" timestamp="2024-06-15T04:55:08Z" user="Zh9567" uid="9940138" lat="3.0662420" lon="101.6022085"/>
 <node id="11982360137" visible="true" version="1" changeset="152705603" timestamp="2024-06-15T04:55:08Z" user="Zh9567" uid="9940138" lat="3.0657620" lon="101.6018732"/>
 <node id="11982360138" visible="true" version="1" changeset="152705603" timestamp="2024-06-15T04:55:08Z" user="Zh9567" uid="9940138" lat="3.0660997" lon="101.6029334"/>
 <node id="11982360142" visible="true" version="1" changeset="152705603" timestamp="2024-06-15T04:55:08Z" user="Zh9567" uid="9940138" lat="3.0663801" lon="101.6024288"/>
 <node id="11982360150" visible="true" version="1" changeset="152705603" timestamp="2024-06-15T04:55:08Z" user="Zh9567" uid="9940138" lat="3.0658933" lon="101.6031545"/>
 <node id="11982360153" visible="true" version="1" changeset="152705603" timestamp="2024-06-15T04:55:08Z" user="Zh9567" uid="9940138" lat="3.0658963" lon="101.6026110"/>
 <node id="11982360161" visible="true" version="1" changeset="152705603" timestamp="2024-06-15T04:55:08Z" user="Zh9567" uid="9940138" lat="3.0658258" lon="101.6029321"/>
 <node id="11982360163" visible="true" version="1" changeset="152705603" timestamp="2024-06-15T04:55:08Z" user="Zh9567" uid="9940138" lat="3.0661708" lon="101.6020987"/>
 <node id="11982360167" visible="true" version="1" changeset="152705603" timestamp="2024-06-15T04:55:08Z" user="Zh9567" uid="9940138" lat="3.0665128" lon="101.6021011"/>
 <node id="11982360169" visible="true" version="1" changeset="152705603" timestamp="2024-06-15T04:55:08Z" user="Zh9567" uid="9940138" lat="3.0659004" lon="101.6022108"/>
 <node id="11982360170" visible="true" version="1" changeset="152705603" timestamp="2024-06-15T04:55:08Z" user="Zh9567" uid="9940138" lat="3.0663736" lon="101.6029346"/>
 <node id="11982360174" visible="true" version="1" changeset="152705603" timestamp="2024-06-15T04:55:08Z" user="Zh9567" uid="9940138" lat="3.0661040" lon="101.6018755"/>
 <node id="11982360179" visible="true" version="1" changeset="152705603" timestamp="2024-06-15T04:55:08Z" user="Zh9567" uid="9940138" lat="3.0660385" lon="101.6024311"/>
 <node id="11982360182" visible="true" version="1" changeset="152705603" timestamp="2024-06-15T04:55:08Z" user="Zh9567" uid="9940138" lat="3.0662356" lon="101.6031562"/>
 <node id="11982360186" visible="true" version="1" changeset="152705603" timestamp="2024-06-15T04:55:08Z" user="Zh9567" uid="9940138" lat="3.0659645" lon="101.6026110"/>
 <node id="11982360197" visible="true" version="1" changeset="152705603" timestamp="2024-06-15T04:55:08Z" user="Zh9567" uid="9940138" lat="3.0656893" lon="101.6029314"/>
 <node id="11982360205" visible="true" version="1" changeset="152705603" timestamp="2024-06-15T04:55:08Z" user="Zh9567" uid="9940138" lat="3.0658248" lon="101.6031542"/>
 <node id="11982360206" visible="true" version="1" changeset="152705603" timestamp="2024-06-15T04:55:08Z" user="Zh9567" uid="9940138" lat="3.0661724" lon="101.6018760"/>
 <node id="11982360210" visible="true" version="1" changeset="152705603" timestamp="2024-06-15T04:55:08Z" user="Zh9567" uid="9940138" lat="3.0659702" lon="101.6024316"/>
 <node id="11982360211" visible="true" version="1" changeset="152705603" timestamp="2024-06-15T04:55:08Z" user="Zh9567" uid="9940138" lat="3.0665095" lon="101.6031574"/>
 <node id="11982360212" visible="true" version="1" changeset="152705603" timestamp="2024-06-15T04:55:08Z" user="Zh9567" uid="9940138" lat="3.0662370" lon="101.6026108"/>
 <node id="11982360215" visible="true" version="1" changeset="152705603" timestamp="2024-06-15T04:55:08Z" user="Zh9567" uid="9940138" lat="3.0664469" lon="101.6022072"/>
 <node id="11982360220" visible="true" version="1" changeset="152705603" timestamp="2024-06-15T04:55:08Z" user="Zh9567" uid="9940138" lat="3.0661682" lon="101.6029337"/>
 <node id="11982360223" visible="true" version="1" changeset="152705603" timestamp="2024-06-15T04:55:08Z" user="Zh9567" uid="9940138" lat="3.0661690" lon="101.6028311"/>
 <node id="11982360241" visible="true" version="1" changeset="152705603" timestamp="2024-06-15T04:55:08Z" user="Zh9567" uid="9940138" lat="3.0662392" lon="101.6020992"/>
 <node id="11982360245" visible="true" version="1" changeset="152705603" timestamp="2024-06-15T04:55:08Z" user="Zh9567" uid="9940138" lat="3.0658321" lon="101.6022113"/>
 <node id="11982360246" visible="true" version="1" changeset="152705603" timestamp="2024-06-15T04:55:08Z" user="Zh9567" uid="9940138" lat="3.0664421" lon="101.6029350"/>
 <node id="11982360248" visible="true" version="1" changeset="152705603" timestamp="2024-06-15T04:55:08Z" user="Zh9567" uid="9940138" lat="3.0664416" lon="101.6028310"/>
 <node id="11982360251" visible="true" version="1" changeset="152705603" timestamp="2024-06-15T04:55:08Z" user="Zh9567" uid="9940138" lat="3.0665167" lon="101.6024279"/>
 <node id="11982360271" visible="true" version="1" changeset="152705603" timestamp="2024-06-15T04:55:08Z" user="Zh9567" uid="9940138" lat="3.0663760" lon="101.6021001"/>
 <node id="11982360272" visible="true" version="1" changeset="152705603" timestamp="2024-06-15T04:55:08Z" user="Zh9567" uid="9940138" lat="3.0656970" lon="101.6024334"/>
 <node id="11982360276" visible="true" version="1" changeset="152705603" timestamp="2024-06-15T04:55:08Z" user="Zh9567" uid="9940138" lat="3.0659672" lon="101.6018746"/>
 <node id="11982360277" visible="true" version="1" changeset="152705603" timestamp="2024-06-15T04:55:08Z" user="Zh9567" uid="9940138" lat="3.0665097" lon="101.6028309"/>
 <node id="12074519693" visible="true" version="1" changeset="154419281" timestamp="2024-07-26T03:11:25Z" user="Newbiezq" uid="21761771" lat="3.0653542" lon="101.6015411"/>
 <node id="12074519694" visible="true" version="1" changeset="154419281" timestamp="2024-07-26T03:11:25Z" user="Newbiezq" uid="21761771" lat="3.0652655" lon="101.6015427"/>
 <node id="12074519695" visible="true" version="1" changeset="154419281" timestamp="2024-07-26T03:11:25Z" user="Newbiezq" uid="21761771" lat="3.0652241" lon="101.6015440"/>
 <node id="12231444818" visible="true" version="1" changeset="157574200" timestamp="2024-10-07T09:57:59Z" user="GrabMY_ainayusof" uid="9658463" lat="3.0651750" lon="101.5992594">
  <tag k="access" v="private"/>
  <tag k="barrier" v="gate"/>
 </node>
 <node id="12278101541" visible="true" version="1" changeset="158198446" timestamp="2024-10-22T07:18:39Z" user="GrabMY_ainayusof" uid="9658463" lat="3.0651450" lon="101.6010197"/>
 <node id="12278101542" visible="true" version="1" changeset="158198446" timestamp="2024-10-22T07:18:39Z" user="GrabMY_ainayusof" uid="9658463" lat="3.0650909" lon="101.6009375"/>
 <node id="12292923280" visible="true" version="1" changeset="158437991" timestamp="2024-10-28T03:12:59Z" user="GrabMY_ainayusof" uid="9658463" lat="3.0647261" lon="101.5982567"/>
 <node id="12292923281" visible="true" version="1" changeset="158437991" timestamp="2024-10-28T03:12:59Z" user="GrabMY_ainayusof" uid="9658463" lat="3.0648497" lon="101.5981248"/>
 <node id="12292923282" visible="true" version="1" changeset="158437991" timestamp="2024-10-28T03:12:59Z" user="GrabMY_ainayusof" uid="9658463" lat="3.0648691" lon="101.5981490"/>
 <node id="12840439268" visible="true" version="1" changeset="166317984" timestamp="2025-05-15T18:15:29Z" user="LuangwaRiver" uid="14854366" lat="3.0653143" lon="101.6177463"/>
 <node id="13027722789" visible="true" version="1" changeset="169535493" timestamp="2025-07-27T02:19:15Z" user="zabc123z" uid="23108818" lat="3.0728422" lon="101.6015517"/>
 <node id="13366148529" visible="true" version="3" changeset="182470739" timestamp="2026-05-10T14:58:23Z" user="angys" uid="3191182" lat="3.0652871" lon="101.6038105"/>
 <node id="13462169340" visible="true" version="1" changeset="177334335" timestamp="2026-01-17T12:56:04Z" user="angys" uid="3191182" lat="3.0690079" lon="101.6032674"/>
 <node id="13462169341" visible="true" version="1" changeset="177334335" timestamp="2026-01-17T12:56:04Z" user="angys" uid="3191182" lat="3.0655229" lon="101.6032901"/>
 <node id="13462169343" visible="true" version="1" changeset="177334335" timestamp="2026-01-17T12:56:04Z" user="angys" uid="3191182" lat="3.0655130" lon="101.6033133"/>
 <node id="13481399659" visible="true" version="1" changeset="177639092" timestamp="2026-01-24T09:51:57Z" user="Zh9567" uid="9940138" lat="3.0652655" lon="101.6015427"/>
 <node id="13481399660" visible="true" version="1" changeset="177639092" timestamp="2026-01-24T09:51:57Z" user="Zh9567" uid="9940138" lat="3.0653705" lon="101.6015403"/>
 <node id="13481399661" visible="true" version="1" changeset="177639092" timestamp="2026-01-24T09:51:57Z" user="Zh9567" uid="9940138" lat="3.0652026" lon="101.6015441"/>
 <node id="13481399662" visible="true" version="1" changeset="177639092" timestamp="2026-01-24T09:51:57Z" user="Zh9567" uid="9940138" lat="3.0652026" lon="101.6016898"/>
 <node id="13481399663" visible="true" version="1" changeset="177639092" timestamp="2026-01-24T09:51:57Z" user="Zh9567" uid="9940138" lat="3.0651866" lon="101.6016898"/>
 <node id="13481399664" visible="true" version="1" changeset="177639092" timestamp="2026-01-24T09:51:57Z" user="Zh9567" uid="9940138" lat="3.0651849" lon="101.6015595"/>
 <node id="13481399665" visible="true" version="1" changeset="177639092" timestamp="2026-01-24T09:51:57Z" user="Zh9567" uid="9940138" lat="3.0653721" lon="101.6016145"/>
 <node id="13481399666" visible="true" version="1" changeset="177639092" timestamp="2026-01-24T09:51:57Z" user="Zh9567" uid="9940138" lat="3.0655276" lon="101.6016099"/>
 <node id="13481399667" visible="true" version="1" changeset="177639092" timestamp="2026-01-24T09:51:57Z" user="Zh9567" uid="9940138" lat="3.0655252" lon="101.6014394"/>
 <node id="13481399668" visible="true" version="1" changeset="177639092" timestamp="2026-01-24T09:51:57Z" user="Zh9567" uid="9940138" lat="3.0654934" lon="101.6014410"/>
 <node id="13481399669" visible="true" version="1" changeset="177639092" timestamp="2026-01-24T09:51:57Z" user="Zh9567" uid="9940138" lat="3.0654973" lon="101.6015764"/>
 <node id="13481399670" visible="true" version="1" changeset="177639092" timestamp="2026-01-24T09:51:57Z" user="Zh9567" uid="9940138" lat="3.0654456" lon="101.6015779"/>
 <node id="13481399671" visible="true" version="1" changeset="177639092" timestamp="2026-01-24T09:51:57Z" user="Zh9567" uid="9940138" lat="3.0654692" lon="101.6023684"/>
 <node id="13481399672" visible="true" version="2" changeset="182472099" timestamp="2026-05-10T15:28:58Z" user="angys" uid="3191182" lat="3.0654808" lon="101.6025172">
  <tag k="crossing" v="traffic_signals"/>
  <tag k="crossing:markings" v="yes"/>
  <tag k="highway" v="crossing"/>
 </node>
 <node id="13481399679" visible="true" version="1" changeset="177639092" timestamp="2026-01-24T09:51:57Z" user="Zh9567" uid="9940138" lat="3.0653509" lon="101.6025837"/>
 <node id="13481399680" visible="true" version="2" changeset="187270065" timestamp="2026-08-11T08:16:25Z" user="Zh9567" uid="9940138" lat="3.0654459" lon="101.6028709">
  <tag k="barrier" v="height_restrictor"/>
  <tag k="maxheight" v="2.1"/>
 </node>
 <node id="13481399681" visible="true" version="2" changeset="187270065" timestamp="2026-08-11T08:16:25Z" user="Zh9567" uid="9940138" lat="3.0654660" lon="101.6031839">
  <tag k="fixme" v="continue"/>
 </node>
 <node id="13481399682" visible="true" version="1" changeset="177639092" timestamp="2026-01-24T09:51:57Z" user="Zh9567" uid="9940138" lat="3.0656527" lon="101.6026830">
  <tag k="amenity" v="restaurant"/>
  <tag k="name" v="Da Cheng Lok Lok"/>
  <tag k="name:zh" v="大成渌渌"/>
 </node>
 <node id="13567049548" visible="true" version="1" changeset="178589664" timestamp="2026-02-15T16:26:20Z" user="Tembikai" uid="5259280" lat="3.0629820" lon="101.5959081"/>
 <node id="13567049549" visible="true" version="1" changeset="178589664" timestamp="2026-02-15T16:26:20Z" user="Tembikai" uid="5259280" lat="3.0592937" lon="101.6061483"/>
 <node id="13567049550" visible="true" version="1" changeset="178589664" timestamp="2026-02-15T16:26:20Z" user="Tembikai" uid="5259280" lat="3.0593783" lon="101.6065233"/>
 <node id="13567049551" visible="true" version="1" changeset="178589664" timestamp="2026-02-15T16:26:20Z" user="Tembikai" uid="5259280" lat="3.0595203" lon="101.6067461"/>
 <node id="13567049552" visible="true" version="1" changeset="178589664" timestamp="2026-02-15T16:26:20Z" user="Tembikai" uid="5259280" lat="3.0597040" lon="101.6069274"/>
 <node id="13567049553" visible="true" version="1" changeset="178589664" timestamp="2026-02-15T16:26:20Z" user="Tembikai" uid="5259280" lat="3.0601210" lon="101.6070372"/>
 <node id="13567049554" visible="true" version="1" changeset="178589664" timestamp="2026-02-15T16:26:20Z" user="Tembikai" uid="5259280" lat="3.0602596" lon="101.6071009"/>
 <node id="13567049555" visible="true" version="1" changeset="178589664" timestamp="2026-02-15T16:26:20Z" user="Tembikai" uid="5259280" lat="3.0598553" lon="101.6070150"/>
 <node id="13567049556" visible="true" version="1" changeset="178589664" timestamp="2026-02-15T16:26:20Z" user="Tembikai" uid="5259280" lat="3.0601545" lon="101.6071049"/>
 <node id="13567049557" visible="true" version="1" changeset="178589664" timestamp="2026-02-15T16:26:20Z" user="Tembikai" uid="5259280" lat="3.0602287" lon="101.6071485"/>
 <node id="13567049565" visible="true" version="1" changeset="178589664" timestamp="2026-02-15T16:26:20Z" user="Tembikai" uid="5259280" lat="3.0602903" lon="101.6072104"/>
 <node id="13567049566" visible="true" version="1" changeset="178589664" timestamp="2026-02-15T16:26:20Z" user="Tembikai" uid="5259280" lat="3.0603189" lon="101.6072503"/>
 <node id="13567049567" visible="true" version="1" changeset="178589664" timestamp="2026-02-15T16:26:20Z" user="Tembikai" uid="5259280" lat="3.0603386" lon="101.6073010"/>
 <node id="13567049568" visible="true" version="1" changeset="178589664" timestamp="2026-02-15T16:26:20Z" user="Tembikai" uid="5259280" lat="3.0603628" lon="101.6073982"/>
 <node id="13567049569" visible="true" version="1" changeset="178589664" timestamp="2026-02-15T16:26:20Z" user="Tembikai" uid="5259280" lat="3.0603557" lon="101.6074892"/>
 <node id="13567049570" visible="true" version="1" changeset="178589664" timestamp="2026-02-15T16:26:20Z" user="Tembikai" uid="5259280" lat="3.0599713" lon="101.6085302"/>
 <node id="13567049571" visible="true" version="1" changeset="178589664" timestamp="2026-02-15T16:26:20Z" user="Tembikai" uid="5259280" lat="3.0598960" lon="101.6086151"/>
 <node id="13567049572" visible="true" version="1" changeset="178589664" timestamp="2026-02-15T16:26:20Z" user="Tembikai" uid="5259280" lat="3.0597725" lon="101.6086401"/>
 <node id="13567049573" visible="true" version="1" changeset="178589664" timestamp="2026-02-15T16:26:20Z" user="Tembikai" uid="5259280" lat="3.0594668" lon="101.6085788"/>
 <node id="13567049574" visible="true" version="1" changeset="178589664" timestamp="2026-02-15T16:26:20Z" user="Tembikai" uid="5259280" lat="3.0593653" lon="101.6086029"/>
 <node id="13567049575" visible="true" version="1" changeset="178589664" timestamp="2026-02-15T16:26:20Z" user="Tembikai" uid="5259280" lat="3.0593953" lon="101.6085847"/>
 <node id="13567049576" visible="true" version="1" changeset="178589664" timestamp="2026-02-15T16:26:20Z" user="Tembikai" uid="5259280" lat="3.0593203" lon="101.6086418"/>
 <node id="13567049577" visible="true" version="1" changeset="178589664" timestamp="2026-02-15T16:26:20Z" user="Tembikai" uid="5259280" lat="3.0591792" lon="101.6089266"/>
 <node id="13567049578" visible="true" version="1" changeset="178589664" timestamp="2026-02-15T16:26:20Z" user="Tembikai" uid="5259280" lat="3.0590214" lon="101.6092633"/>
 <node id="13567049579" visible="true" version="1" changeset="178589664" timestamp="2026-02-15T16:26:20Z" user="Tembikai" uid="5259280" lat="3.0588524" lon="101.6094177"/>
 <node id="13567049580" visible="true" version="1" changeset="178589664" timestamp="2026-02-15T16:26:20Z" user="Tembikai" uid="5259280" lat="3.0578557" lon="101.6101531"/>
 <node id="13567049581" visible="true" version="1" changeset="178589664" timestamp="2026-02-15T16:26:20Z" user="Tembikai" uid="5259280" lat="3.0573595" lon="101.6105710"/>
 <node id="13684206505" visible="true" version="1" changeset="180490848" timestamp="2026-03-27T08:44:54Z" user="GrabMY_ainayusof" uid="9658463" lat="3.0666806" lon="101.6016129"/>
 <node id="13684206506" visible="true" version="1" changeset="180490848" timestamp="2026-03-27T08:44:54Z" user="GrabMY_ainayusof" uid="9658463" lat="3.0667383" lon="101.6015586"/>
 <node id="13684206507" visible="true" version="1" changeset="180490848" timestamp="2026-03-27T08:44:54Z" user="GrabMY_ainayusof" uid="9658463" lat="3.0654925" lon="101.6009491"/>
 <node id="13684206508" visible="true" version="1" changeset="180490848" timestamp="2026-03-27T08:44:54Z" user="GrabMY_ainayusof" uid="9658463" lat="3.0665413" lon="101.6017546"/>
 <node id="13684206509" visible="true" version="1" changeset="180490848" timestamp="2026-03-27T08:44:54Z" user="GrabMY_ainayusof" uid="9658463" lat="3.0665406" lon="101.6016104"/>
 <node id="13797930490" visible="true" version="1" changeset="182236030" timestamp="2026-05-05T07:36:48Z" user="SaladoRiver" uid="22435321" lat="3.0643164" lon="101.6017000"/>
 <node id="13797930491" visible="true" version="1" changeset="182236030" timestamp="2026-05-05T07:36:48Z" user="SaladoRiver" uid="22435321" lat="3.0642783" lon="101.6017161"/>
 <node id="13797930492" visible="true" version="1" changeset="182236030" timestamp="2026-05-05T07:36:48Z" user="SaladoRiver" uid="22435321" lat="3.0642669" lon="101.6015249"/>
 <node id="13797930493" visible="true" version="1" changeset="182236030" timestamp="2026-05-05T07:36:48Z" user="SaladoRiver" uid="22435321" lat="3.0649083" lon="101.6015209"/>
 <node id="13797930494" visible="true" version="1" changeset="182236030" timestamp="2026-05-05T07:36:48Z" user="SaladoRiver" uid="22435321" lat="3.0649458" lon="101.6015437"/>
 <node id="13797930495" visible="true" version="1" changeset="182236030" timestamp="2026-05-05T07:36:48Z" user="SaladoRiver" uid="22435321" lat="3.0649566" lon="101.6015813"/>
 <node id="13797930496" visible="true" version="1" changeset="182236030" timestamp="2026-05-05T07:36:48Z" user="SaladoRiver" uid="22435321" lat="3.0650435" lon="101.6017710"/>
 <node id="13797930497" visible="true" version="1" changeset="182236030" timestamp="2026-05-05T07:36:48Z" user="SaladoRiver" uid="22435321" lat="3.0649646" lon="101.6018669"/>
 <node id="13797930498" visible="true" version="1" changeset="182236030" timestamp="2026-05-05T07:36:48Z" user="SaladoRiver" uid="22435321" lat="3.0649338" lon="101.6019233"/>
 <node id="13797930499" visible="true" version="1" changeset="182236030" timestamp="2026-05-05T07:36:48Z" user="SaladoRiver" uid="22435321" lat="3.0649030" lon="101.6019380"/>
 <node id="13797930500" visible="true" version="1" changeset="182236030" timestamp="2026-05-05T07:36:48Z" user="SaladoRiver" uid="22435321" lat="3.0645816" lon="101.6018012"/>
 <node id="13797987901" visible="true" version="1" changeset="182236030" timestamp="2026-05-05T07:36:48Z" user="SaladoRiver" uid="22435321" lat="3.0645119" lon="101.6017637"/>
 <node id="13797987902" visible="true" version="1" changeset="182236030" timestamp="2026-05-05T07:36:48Z" user="SaladoRiver" uid="22435321" lat="3.0643774" lon="101.6017020"/>
 <node id="13797987903" visible="true" version="1" changeset="182236030" timestamp="2026-05-05T07:36:48Z" user="SaladoRiver" uid="22435321" lat="3.0645361" lon="101.6016993"/>
 <node id="13797987904" visible="true" version="1" changeset="182236030" timestamp="2026-05-05T07:36:48Z" user="SaladoRiver" uid="22435321" lat="3.0649646" lon="101.6017020"/>
 <node id="13797987905" visible="true" version="1" changeset="182236030" timestamp="2026-05-05T07:36:48Z" user="SaladoRiver" uid="22435321" lat="3.0650918" lon="101.6018133"/>
 <node id="13808364667" visible="true" version="1" changeset="182382462" timestamp="2026-05-08T13:22:43Z" user="BroharrisCanal" uid="17826795" lat="3.0629920" lon="101.6008276"/>
 <node id="13808364668" visible="true" version="1" changeset="182382462" timestamp="2026-05-08T13:22:43Z" user="BroharrisCanal" uid="17826795" lat="3.0641330" lon="101.6016269"/>
 <node id="13808364669" visible="true" version="1" changeset="182382462" timestamp="2026-05-08T13:22:43Z" user="BroharrisCanal" uid="17826795" lat="3.0641209" lon="101.6015866"/>
 <node id="13808364670" visible="true" version="1" changeset="182382462" timestamp="2026-05-08T13:22:43Z" user="BroharrisCanal" uid="17826795" lat="3.0640847" lon="101.6015424"/>
 <node id="13808364671" visible="true" version="1" changeset="182382462" timestamp="2026-05-08T13:22:43Z" user="BroharrisCanal" uid="17826795" lat="3.0639990" lon="101.6015115"/>
 <node id="13814601934" visible="true" version="1" changeset="182470739" timestamp="2026-05-10T14:58:23Z" user="angys" uid="3191182" lat="3.0652603" lon="101.6033404"/>
 <node id="14079990091" visible="true" version="1" changeset="187125269" timestamp="2026-08-08T09:52:09Z" user="Zh9567" uid="9940138" lat="3.0624268" lon="101.5991272"/>
 <node id="14079990092" visible="true" version="1" changeset="187125269" timestamp="2026-08-08T09:52:09Z" user="Zh9567" uid="9940138" lat="3.0623180" lon="101.5987138"/>
 <node id="14079990093" visible="true" version="1" changeset="187125269" timestamp="2026-08-08T09:52:09Z" user="Zh9567" uid="9940138" lat="3.0618289" lon="101.5986473"/>
 <node id="14079990094" visible="true" version="1" changeset="187125269" timestamp="2026-08-08T09:52:09Z" user="Zh9567" uid="9940138" lat="3.0615051" lon="101.5986954"/>
 <node id="14079990095" visible="true" version="1" changeset="187125269" timestamp="2026-08-08T09:52:09Z" user="Zh9567" uid="9940138" lat="3.0612676" lon="101.5987718"/>
 <node id="14079990096" visible="true" version="1" changeset="187125269" timestamp="2026-08-08T09:52:09Z" user="Zh9567" uid="9940138" lat="3.0611797" lon="101.5985406"/>
 <way id="53655537" visible="true" version="2" changeset="97404201" timestamp="2021-01-13T02:40:14Z" user="banban_msm" uid="12230469">
  <nd ref="677583910"/>
  <nd ref="677583911"/>
  <tag k="highway" v="service"/>
 </way>
 <way id="53746018" visible="true" version="11" changeset="149801456" timestamp="2024-04-10T03:53:01Z" user="cnvery" uid="3627342">
  <nd ref="678457113"/>
  <nd ref="678457115"/>
  <nd ref="678457117"/>
  <nd ref="678457118"/>
  <nd ref="678457129"/>
  <nd ref="5659066474"/>
  <nd ref="678457133"/>
  <nd ref="678457140"/>
  <nd ref="11806405697"/>
  <nd ref="11806405696"/>
  <nd ref="678457141"/>
  <nd ref="678457144"/>
  <nd ref="678457145"/>
  <nd ref="5659066473"/>
  <nd ref="678457146"/>
  <nd ref="678457148"/>
  <nd ref="678457149"/>
  <nd ref="678457150"/>
  <nd ref="678457152"/>
  <nd ref="678457153"/>
  <nd ref="678457154"/>
  <nd ref="2354408102"/>
  <nd ref="5659066472"/>
  <nd ref="678457155"/>
  <nd ref="678457158"/>
  <nd ref="678457159"/>
  <nd ref="2210132849"/>
  <tag k="name" v="Sungai Penaga"/>
  <tag k="name:en" v="Penaga River"/>
  <tag k="name:ms" v="Sungai Penaga"/>
  <tag k="source:name" v="JPS sign at 3.0729014, 101.5983352"/>
  <tag k="waterway" v="river"/>
 </way>
 <way id="133076760" visible="true" version="4" changeset="180088935" timestamp="2026-03-19T05:15:09Z" user="RivalOSM" uid="23482020">
  <nd ref="1464306049"/>
  <nd ref="1464306044"/>
  <nd ref="1464306038"/>
  <nd ref="1464306035"/>
  <nd ref="1464306031"/>
  <nd ref="4123561905"/>
  <nd ref="1464306022"/>
  <nd ref="1464306021"/>
  <nd ref="4123561904"/>
  <nd ref="4123561903"/>
  <nd ref="4123561902"/>
  <nd ref="4123561901"/>
  <nd ref="1464306011"/>
  <nd ref="1464306008"/>
  <nd ref="1464306002"/>
  <nd ref="1464305996"/>
  <nd ref="1464305991"/>
  <nd ref="1464305989"/>
  <nd ref="1464305990"/>
  <nd ref="1464305997"/>
  <nd ref="1464306003"/>
  <nd ref="1464306015"/>
  <nd ref="1464306024"/>
  <nd ref="1464306026"/>
  <nd ref="1464306029"/>
  <nd ref="1464306032"/>
  <nd ref="1464306037"/>
  <nd ref="1464306041"/>
  <nd ref="1464306043"/>
  <nd ref="1464306047"/>
  <nd ref="1464306055"/>
  <nd ref="4123561909"/>
  <nd ref="1464306058"/>
  <nd ref="4123561908"/>
  <nd ref="1464306052"/>
  <nd ref="4123561907"/>
  <nd ref="4123561906"/>
  <nd ref="1464306049"/>
  <tag k="natural" v="water"/>
  <tag k="water" v="lake"/>
 </way>
 <way id="210983310" visible="true" version="1" changeset="15421562" timestamp="2013-03-19T15:48:32Z" user="Samson Cheong" uid="427961">
  <nd ref="2210030407"/>
  <nd ref="2210030610"/>
  <nd ref="2210030294"/>
  <nd ref="2210031263"/>
  <nd ref="2210030526"/>
  <nd ref="2210031110"/>
  <nd ref="2210030407"/>
  <tag k="building" v="yes"/>
 </way>
 <way id="210983319" visible="true" version="7" changeset="168084892" timestamp="2025-06-25T09:16:00Z" user="GrabMY_ainayusof" uid="9658463">
  <nd ref="2210029905"/>
  <nd ref="8629836996"/>
  <nd ref="2210030750"/>
  <nd ref="2210030646"/>
  <nd ref="2210031105"/>
  <nd ref="2210030934"/>
  <nd ref="2210031046"/>
  <nd ref="2210029942"/>
  <nd ref="2210031036"/>
  <nd ref="2210030951"/>
  <nd ref="2210029995"/>
  <nd ref="2210029953"/>
  <nd ref="2210031160"/>
  <nd ref="2210031295"/>
  <nd ref="2210030068"/>
  <nd ref="2210029777"/>
  <nd ref="2210030473"/>
  <nd ref="2210029987"/>
  <nd ref="2210030381"/>
  <nd ref="2210029986"/>
  <nd ref="2210030416"/>
  <nd ref="2210030264"/>
  <nd ref="2210030915"/>
  <nd ref="2210030129"/>
  <nd ref="2210030802"/>
  <nd ref="4123561910"/>
  <nd ref="2210029782"/>
  <nd ref="2210030563"/>
  <nd ref="8629855833"/>
  <nd ref="2210030324"/>
  <nd ref="2210030825"/>
  <nd ref="2210030401"/>
  <nd ref="2210030753"/>
  <nd ref="2210030869"/>
  <nd ref="11460194867"/>
  <nd ref="2210030963"/>
  <nd ref="2210030119"/>
  <nd ref="2210030014"/>
  <nd ref="2210030290"/>
  <nd ref="2210030914"/>
  <nd ref="2210030293"/>
  <nd ref="2210031140"/>
  <nd ref="2210031364"/>
  <nd ref="2210030373"/>
  <nd ref="4123561896"/>
  <nd ref="4123561898"/>
  <nd ref="4123561899"/>
  <nd ref="4123561900"/>
  <tag k="highway" v="footway"/>
  <tag k="oneway" v="no"/>
 </way>
 <way id="210983332" visible="true" version="1" changeset="15421562" timestamp="2013-03-19T15:48:34Z" user="Samson Cheong" uid="427961">
  <nd ref="2210031063"/>
  <nd ref="2210030734"/>
  <nd ref="2210030053"/>
  <nd ref="2210029839"/>
  <nd ref="2210030079"/>
  <nd ref="2210030375"/>
  <nd ref="2210030584"/>
  <nd ref="2210030844"/>
  <nd ref="2210030180"/>
  <nd ref="2210030144"/>
  <nd ref="2210029808"/>
  <nd ref="2210031063"/>
  <tag k="natural" v="water"/>
 </way>
 <way id="210983339" visible="true" version="1" changeset="15421562" timestamp="2013-03-19T15:48:34Z" user="Samson Cheong" uid="427961">
  <nd ref="2210030521"/>
  <nd ref="2210030644"/>
  <nd ref="2210030529"/>
  <nd ref="2210030774"/>
  <nd ref="2210030060"/>
  <nd ref="2210030521"/>
  <tag k="building" v="yes"/>
 </way>
 <way id="210983363" visible="true" version="8" changeset="142615694" timestamp="2023-10-15T12:34:03Z" user="cnvery" uid="3627342">
  <nd ref="2210029963"/>
  <nd ref="4123498019"/>
  <nd ref="2210030288"/>
  <nd ref="4123498028"/>
  <nd ref="2210031224"/>
  <nd ref="4123498020"/>
  <nd ref="2210030365"/>
  <nd ref="2210029899"/>
  <nd ref="2210029807"/>
  <nd ref="2210031127"/>
  <nd ref="2210029859"/>
  <nd ref="2210030485"/>
  <nd ref="2210030243"/>
  <nd ref="2210031194"/>
  <nd ref="2210030692"/>
  <nd ref="4123498115"/>
  <nd ref="2210031355"/>
  <nd ref="2210029752"/>
  <nd ref="2210029911"/>
  <nd ref="4123498114"/>
  <nd ref="2210030849"/>
  <nd ref="4123498097"/>
  <nd ref="2210030859"/>
  <nd ref="7661637094"/>
  <nd ref="2210031191"/>
  <tag k="highway" v="residential"/>
  <tag k="name" v="Jalan Tasik Selatan"/>
  <tag k="name:ms" v="Jalan Tasik Selatan"/>
 </way>
 <way id="210983390" visible="true" version="1" changeset="15421562" timestamp="2013-03-19T15:48:38Z" user="Samson Cheong" uid="427961">
  <nd ref="2210031392"/>
  <nd ref="2210030497"/>
  <nd ref="2210031112"/>
  <nd ref="2210030514"/>
  <nd ref="2210030774"/>
  <nd ref="2210030529"/>
  <nd ref="2210030644"/>
  <nd ref="2210031392"/>
  <tag k="aeroway" v="helipad"/>
  <tag k="name" v="Sunway Group Helipad and Hangar"/>
 </way>
 <way id="210994197" visible="true" version="18" changeset="177325769" timestamp="2026-01-17T08:04:10Z" user="angys" uid="3191182">
  <nd ref="2210133021"/>
  <nd ref="2210133143"/>
  <nd ref="12074519695"/>
  <nd ref="2210132652"/>
  <tag k="bridge" v="yes"/>
  <tag k="covered" v="yes"/>
  <tag k="highway" v="footway"/>
  <tag k="layer" v="1"/>
  <tag k="name" v="Canopy Walk"/>
  <tag k="name:en" v="Canopy Walk"/>
  <tag k="stroller" v="yes"/>
  <tag k="wheelchair" v="yes"/>
 </way>
 <way id="210994198" visible="true" version="5" changeset="145501596" timestamp="2023-12-25T15:13:20Z" user="mataharimau" uid="17227421">
  <nd ref="4123498005"/>
  <nd ref="4123498004"/>
  <nd ref="4123498003"/>
  <nd ref="2210132808"/>
  <nd ref="678457160"/>
  <nd ref="1636492641"/>
  <nd ref="1636492637"/>
  <nd ref="5431564884"/>
  <nd ref="5431564885"/>
  <nd ref="1636492622"/>
  <nd ref="5431564886"/>
  <nd ref="4123498006"/>
  <nd ref="4123498007"/>
  <nd ref="1636492621"/>
  <nd ref="4123498008"/>
  <nd ref="1636492634"/>
  <nd ref="1636492623"/>
  <nd ref="1636492642"/>
  <nd ref="1636492633"/>
  <nd ref="8535997642"/>
  <nd ref="1755949419"/>
  <tag k="name" v="Sungai Penaga"/>
  <tag k="source:name" v="JPS sign at 3.0729014, 101.5983352"/>
  <tag k="waterway" v="river"/>
 </way>
 <way id="210994202" visible="true" version="11" changeset="158198446" timestamp="2024-10-22T07:18:39Z" user="GrabMY_ainayusof" uid="9658463">
  <nd ref="2210133519"/>
  <nd ref="2210133113"/>
  <nd ref="2210133727"/>
  <nd ref="2210133269"/>
  <nd ref="2210133725"/>
  <nd ref="2210133496"/>
  <nd ref="2210133542"/>
  <nd ref="2210133534"/>
  <nd ref="7231706118"/>
  <nd ref="7142340399"/>
  <nd ref="2210133353"/>
  <tag k="access" v="private"/>
  <tag k="highway" v="service"/>
 </way>
 <way id="210994204" visible="true" version="3" changeset="92259160" timestamp="2020-10-09T23:31:54Z" user="StackofPaper" uid="10147121">
  <nd ref="2210132832"/>
  <nd ref="2210132680"/>
  <nd ref="2210133550"/>
  <tag k="highway" v="service"/>
  <tag k="oneway" v="yes"/>
  <tag k="service" v="parking_aisle"/>
 </way>
 <way id="210994205" visible="true" version="2" changeset="20650197" timestamp="2014-02-19T06:27:23Z" user="kucai" uid="536853">
  <nd ref="2210133575"/>
  <nd ref="2680075758"/>
  <nd ref="2210132732"/>
  <tag k="highway" v="footway"/>
 </way>
 <way id="210994206" visible="true" version="3" changeset="92259160" timestamp="2020-10-09T23:31:54Z" user="StackofPaper" uid="10147121">
  <nd ref="2210133108"/>
  <nd ref="2210133404"/>
  <nd ref="2210133316"/>
  <tag k="highway" v="service"/>
  <tag k="oneway" v="yes"/>
  <tag k="service" v="parking_aisle"/>
 </way>
 <way id="210994215" visible="true" version="8" changeset="187125269" timestamp="2026-08-08T09:52:09Z" user="Zh9567" uid="9940138">
  <nd ref="4123497455"/>
  <nd ref="4123497454"/>
  <nd ref="4123497453"/>
  <nd ref="4123497452"/>
  <nd ref="2210132727"/>
  <nd ref="4123497451"/>
  <nd ref="2210133294"/>
  <nd ref="4123497450"/>
  <nd ref="2210132942"/>
  <nd ref="4123497449"/>
  <nd ref="2210133473"/>
  <nd ref="2210133142"/>
  <nd ref="2210133167"/>
  <nd ref="4123497447"/>
  <nd ref="2210132888"/>
  <nd ref="4123497448"/>
  <tag k="bicycle" v="yes"/>
  <tag k="bridge" v="yes"/>
  <tag k="destination" v="Sunway City;Sunway South Quay"/>
  <tag k="highway" v="motorway_link"/>
  <tag k="lanes" v="1"/>
  <tag k="layer" v="2"/>
  <tag k="oneway" v="yes"/>
 </way>
 <way id="210994216" visible="true" version="4" changeset="158437991" timestamp="2024-10-28T03:12:59Z" user="GrabMY_ainayusof" uid="9658463">
  <nd ref="2210132718"/>
  <nd ref="2210133246"/>
  <tag k="highway" v="service"/>
  <tag k="oneway" v="yes"/>
 </way>
 <way id="210994219" visible="true" version="4" changeset="142615694" timestamp="2023-10-15T12:34:03Z" user="cnvery" uid="3627342">
  <nd ref="2210133260"/>
  <nd ref="7241689463"/>
  <nd ref="7241689462"/>
  <nd ref="7241689461"/>
  <nd ref="7241689460"/>
  <nd ref="2210133110"/>
  <nd ref="2210133155"/>
  <nd ref="2210133159"/>
  <nd ref="2210133260"/>
  <tag k="building" v="yes"/>
  <tag k="name" v="B3"/>
  <tag k="name:en" v="B3"/>
  <tag k="name:ms" v="B3"/>
 </way>
 <way id="210994220" visible="true" version="3" changeset="92259160" timestamp="2020-10-09T23:31:54Z" user="StackofPaper" uid="10147121">
  <nd ref="2210132793"/>
  <nd ref="2210133053"/>
  <nd ref="2210133140"/>
  <tag k="highway" v="service"/>
  <tag k="oneway" v="yes"/>
  <tag k="service" v="parking_aisle"/>
 </way>
 <way id="210994223" visible="true" version="5" changeset="149972709" timestamp="2024-04-13T23:30:43Z" user="nathanielcwm" uid="21303943">
  <nd ref="2210133158"/>
  <nd ref="2210132879"/>
  <nd ref="2210132915"/>
  <nd ref="2210132987"/>
  <nd ref="2210132695"/>
  <tag k="highway" v="secondary_link"/>
  <tag k="lanes" v="1"/>
  <tag k="oneway" v="yes"/>
  <tag k="surface" v="asphalt"/>
 </way>
 <way id="210994224" visible="true" version="3" changeset="92259160" timestamp="2020-10-09T23:31:54Z" user="StackofPaper" uid="10147121">
  <nd ref="2210133479"/>
  <nd ref="2210132616"/>
  <nd ref="2210133350"/>
  <tag k="highway" v="service"/>
  <tag k="oneway" v="yes"/>
  <tag k="service" v="parking_aisle"/>
 </way>
 <way id="210994225" visible="true" version="7" changeset="180490848" timestamp="2026-03-27T08:44:54Z" user="GrabMY_ainayusof" uid="9658463">
  <nd ref="2210132937"/>
  <nd ref="2210132682"/>
  <nd ref="13684206508"/>
  <nd ref="5767079151"/>
  <nd ref="2210133165"/>
  <tag k="highway" v="unclassified"/>
  <tag k="name" v="Jalan PJS 11/5"/>
  <tag k="name:ms" v="Jalan PJS 11/5"/>
  <tag k="oneway" v="yes"/>
 </way>
 <way id="210994229" visible="true" version="3" changeset="152705603" timestamp="2024-06-15T04:55:08Z" user="Zh9567" uid="9940138">
  <nd ref="11982360009"/>
  <nd ref="11982360197"/>
  <nd ref="2210132845"/>
  <nd ref="2210133476"/>
  <nd ref="2210133286"/>
  <nd ref="11982360009"/>
  <tag k="building" v="roof"/>
  <tag k="building:levels" v="2"/>
  <tag k="layer" v="1"/>
  <tag k="roof:levels" v="0"/>
 </way>
 <way id="210994230" visible="true" version="5" changeset="152369734" timestamp="2024-06-07T10:40:57Z" user="nathanielcwm" uid="21303943">
  <nd ref="11962457148"/>
  <nd ref="11962457149"/>
  <nd ref="2210132911"/>
  <nd ref="2210133552"/>
  <nd ref="9307728269"/>
  <nd ref="9307728270"/>
  <nd ref="11962457148"/>
  <tag k="building" v="yes"/>
  <tag k="name" v="Monash Sports Centre"/>
  <tag k="name:en" v="Monash Sports Centre"/>
 </way>
 <way id="210994233" visible="true" version="3" changeset="78356262" timestamp="2019-12-13T07:17:56Z" user="Arma IRM-ED" uid="8072037">
  <nd ref="2210132629"/>
  <nd ref="7053839570"/>
  <nd ref="2210133320"/>
  <nd ref="2210133349"/>
  <nd ref="2210133680"/>
  <nd ref="2210133576"/>
  <nd ref="2210133388"/>
  <nd ref="2210132929"/>
  <nd ref="2210133273"/>
  <nd ref="2210132629"/>
  <tag k="building" v="yes"/>
 </way>
 <way id="210994234" visible="true" version="2" changeset="92259160" timestamp="2020-10-09T23:31:54Z" user="StackofPaper" uid="10147121">
  <nd ref="2210133045"/>
  <nd ref="2210132887"/>
  <nd ref="2210132759"/>
  <tag k="highway" v="service"/>
  <tag k="oneway" v="yes"/>
  <tag k="service" v="parking_aisle"/>
 </way>
 <way id="210994236" visible="true" version="2" changeset="92259160" timestamp="2020-10-09T23:31:54Z" user="StackofPaper" uid="10147121">
  <nd ref="2210132574"/>
  <nd ref="2210133523"/>
  <nd ref="2210132795"/>
  <tag k="highway" v="service"/>
  <tag k="oneway" v="yes"/>
  <tag k="service" v="parking_aisle"/>
 </way>
 <way id="210994239" visible="true" version="3" changeset="129852541" timestamp="2022-12-08T09:26:05Z" user="nabilersyad" uid="11419275">
  <nd ref="2210133177"/>
  <nd ref="2210132655"/>
  <nd ref="2210132792"/>
  <nd ref="2210133633"/>
  <nd ref="2210133151"/>
  <nd ref="2210132937"/>
  <tag k="highway" v="unclassified"/>
  <tag k="oneway" v="yes"/>
 </way>
 <way id="210994243" visible="true" version="4" changeset="158437991" timestamp="2024-10-28T03:12:59Z" user="GrabMY_ainayusof" uid="9658463">
  <nd ref="2210132685"/>
  <nd ref="2210133438"/>
  <nd ref="2210133333"/>
  <nd ref="2210133502"/>
  <nd ref="2680075758"/>
  <nd ref="2210132759"/>
  <nd ref="2210133550"/>
  <nd ref="2210132795"/>
  <nd ref="2210133140"/>
  <nd ref="2210132708"/>
  <nd ref="2210132709"/>
  <nd ref="2210133350"/>
  <nd ref="2210133316"/>
  <nd ref="2210133345"/>
  <nd ref="2210133522"/>
  <nd ref="2210133665"/>
  <nd ref="2210133108"/>
  <nd ref="2210133479"/>
  <nd ref="2210133577"/>
  <nd ref="2210133296"/>
  <nd ref="2210133266"/>
  <nd ref="2210133007"/>
  <nd ref="2210133642"/>
  <nd ref="2210132793"/>
  <nd ref="2210132574"/>
  <nd ref="2210132832"/>
  <nd ref="2210133045"/>
  <nd ref="2210132732"/>
  <nd ref="2210132818"/>
  <nd ref="2210132755"/>
  <nd ref="2210133135"/>
  <nd ref="2210133601"/>
  <nd ref="2210133246"/>
  <nd ref="2210132685"/>
  <tag k="highway" v="service"/>
  <tag k="oneway" v="yes"/>
 </way>
 <way id="210994244" visible="true" version="10" changeset="158198446" timestamp="2024-10-22T07:18:39Z" user="GrabMY_ainayusof" uid="9658463">
  <nd ref="677584048"/>
  <nd ref="2210132590"/>
  <nd ref="7051482586"/>
  <nd ref="12278101541"/>
  <nd ref="2210133129"/>
  <nd ref="2210133353"/>
  <tag k="highway" v="secondary_link"/>
  <tag k="lanes" v="1"/>
  <tag k="oneway" v="yes"/>
  <tag k="sidewalk" v="both"/>
  <tag k="surface" v="paving_stones"/>
 </way>
 <way id="210994247" visible="true" version="12" changeset="177678837" timestamp="2026-01-25T12:05:56Z" user="warudo" uid="22855163">
  <nd ref="2210133431"/>
  <nd ref="2210132948"/>
  <nd ref="2210132608"/>
  <nd ref="2210133615"/>
  <nd ref="2210132973"/>
  <nd ref="2210132871"/>
  <nd ref="2210133344"/>
  <nd ref="2210132878"/>
  <nd ref="4123498075"/>
  <nd ref="2210133564"/>
  <nd ref="2210132780"/>
  <nd ref="2210132886"/>
  <nd ref="7231706188"/>
  <nd ref="7231706189"/>
  <nd ref="7231706190"/>
  <nd ref="2210133000"/>
  <nd ref="2210133510"/>
  <nd ref="2210133406"/>
  <nd ref="7231706191"/>
  <nd ref="2210133080"/>
  <nd ref="2210133074"/>
  <nd ref="7231706111"/>
  <nd ref="7231706112"/>
  <nd ref="7231706113"/>
  <nd ref="2210133197"/>
  <nd ref="2210133627"/>
  <nd ref="2210133598"/>
  <nd ref="2210133359"/>
  <nd ref="9307728267"/>
  <nd ref="2210133427"/>
  <nd ref="2210132735"/>
  <nd ref="9307728268"/>
  <nd ref="2210133362"/>
  <nd ref="2210133259"/>
  <nd ref="2210133431"/>
  <tag k="amenity" v="university"/>
  <tag k="facebook" v="https://www.facebook.com/monashmalaysia/"/>
  <tag k="internet_access" v="yes"/>
  <tag k="internet_access:fee" v="customers"/>
  <tag k="name" v="Monash University Malaysia"/>
  <tag k="name:en" v="Monash University Malaysia"/>
  <tag k="name:zh" v="莫纳什大学马来西亚校区"/>
  <tag k="name:zh-Hans" v="莫纳什大学马来西亚校区"/>
  <tag k="name:zh-Hant" v="莫納什大學馬來西亞校區"/>
  <tag k="operator" v="Jeffrey Cheah Foundation"/>
  <tag k="start_date" v="1998"/>
  <tag k="website" v="https://www.monash.edu.my/"/>
  <tag k="wheelchair" v="yes"/>
  <tag k="wikidata" v="Q16934243"/>
  <tag k="wikipedia" v="en:Monash University Malaysia"/>
 </way>
 <way id="210994255" visible="true" version="5" changeset="152370496" timestamp="2024-06-07T11:02:07Z" user="nathanielcwm" uid="21303943">
  <nd ref="2210133136"/>
  <nd ref="2210132750"/>
  <nd ref="2210132954"/>
  <nd ref="2210132856"/>
  <nd ref="2210133199"/>
  <nd ref="2210133730"/>
  <nd ref="2210133136"/>
  <tag k="access" v="customers"/>
  <tag k="amenity" v="parking"/>
  <tag k="fee" v="yes"/>
  <tag k="name" v="Monash University Parking"/>
  <tag k="name:en" v="Monash University Parking"/>
  <tag k="name:zh" v="莫纳什大学停车场"/>
  <tag k="name:zh-Hans" v="莫纳什大学停车场"/>
  <tag k="name:zh-Hant" v="莫納什大學停車場"/>
  <tag k="parking" v="surface"/>
 </way>
 <way id="210994257" visible="true" version="6" changeset="155127077" timestamp="2024-08-12T02:39:50Z" user="nathanielcwm" uid="21303943">
  <nd ref="3747464204"/>
  <nd ref="2210132660"/>
  <nd ref="3747464203"/>
  <nd ref="3747464202"/>
  <nd ref="3747464201"/>
  <nd ref="2210133394"/>
  <nd ref="3747464204"/>
  <tag k="leisure" v="pitch"/>
  <tag k="lit" v="yes"/>
  <tag k="name" v="MPC1"/>
  <tag k="name:en" v="MPC1"/>
  <tag k="name:ms" v="MPC1"/>
  <tag k="sport" v="soccer"/>
  <tag k="surface" v="concrete"/>
 </way>
 <way id="210994258" visible="true" version="4" changeset="129290128" timestamp="2022-11-23T16:58:48Z" user="kucai" uid="536853">
  <nd ref="2210133131"/>
  <nd ref="2210133192"/>
  <nd ref="4123497992"/>
  <nd ref="2210132744"/>
  <tag k="highway" v="motorway_link"/>
  <tag k="lanes" v="1"/>
  <tag k="oneway" v="yes"/>
 </way>
 <way id="210994261" visible="true" version="2" changeset="81294267" timestamp="2020-02-21T00:15:36Z" user="Robuster" uid="6575994">
  <nd ref="2210133680"/>
  <nd ref="2210132896"/>
  <nd ref="2210132812"/>
  <nd ref="2210133414"/>
  <nd ref="7231546282"/>
  <tag k="highway" v="footway"/>
 </way>
 <way id="210994264" visible="true" version="4" changeset="149972641" timestamp="2024-04-13T23:30:49Z" user="nathanielcwm" uid="21303943">
  <nd ref="2210132755"/>
  <nd ref="2210133436"/>
  <nd ref="2210133308"/>
  <nd ref="2210133198"/>
  <nd ref="2210133561"/>
  <nd ref="2210133188"/>
  <nd ref="2210132918"/>
  <nd ref="2210133135"/>
  <tag k="highway" v="service"/>
  <tag k="oneway" v="yes"/>
  <tag k="service" v="parking_aisle"/>
  <tag k="surface" v="asphalt"/>
 </way>
 <way id="210994265" visible="true" version="10" changeset="180490848" timestamp="2026-03-27T08:44:54Z" user="GrabMY_ainayusof" uid="9658463">
  <nd ref="677583887"/>
  <nd ref="5727737436"/>
  <nd ref="2210132951"/>
  <nd ref="2210133195"/>
  <nd ref="2210133098"/>
  <nd ref="2210132937"/>
  <tag k="highway" v="unclassified"/>
  <tag k="name" v="Jalan PJS 11/5"/>
  <tag k="name:ms" v="Jalan PJS 11/5"/>
  <tag k="oneway" v="yes"/>
 </way>
 <way id="210994268" visible="true" version="3" changeset="158437991" timestamp="2024-10-28T03:12:59Z" user="GrabMY_ainayusof" uid="9658463">
  <nd ref="2210133620"/>
  <nd ref="2210132724"/>
  <nd ref="2210133716"/>
  <nd ref="2210133690"/>
  <nd ref="2210133710"/>
  <nd ref="2210132658"/>
  <nd ref="2210133275"/>
  <nd ref="12292923280"/>
  <nd ref="2210132718"/>
  <nd ref="2210133340"/>
  <nd ref="2210133471"/>
  <nd ref="2210133422"/>
  <nd ref="2210133313"/>
  <nd ref="2210133554"/>
  <nd ref="2210133483"/>
  <nd ref="2210133563"/>
  <nd ref="12292923281"/>
  <nd ref="12292923282"/>
  <nd ref="2210133650"/>
  <nd ref="2210133620"/>
  <tag k="highway" v="service"/>
  <tag k="junction" v="roundabout"/>
  <tag k="oneway" v="yes"/>
 </way>
 <way id="210994272" visible="true" version="5" changeset="151249102" timestamp="2024-05-13T04:53:14Z" user="GrabMY_ashikinshamshul" uid="9502891">
  <nd ref="2210133363"/>
  <nd ref="2210132675"/>
  <tag k="highway" v="service"/>
  <tag k="oneway" v="yes"/>
  <tag k="surface" v="asphalt"/>
 </way>
 <way id="210994273" visible="true" version="3" changeset="149972641" timestamp="2024-04-13T23:28:51Z" user="nathanielcwm" uid="21303943">
  <nd ref="2210133333"/>
  <nd ref="2210132596"/>
  <nd ref="2210132600"/>
  <nd ref="2210133683"/>
  <nd ref="2210133346"/>
  <nd ref="2210133297"/>
  <nd ref="2210132860"/>
  <nd ref="2210132848"/>
  <nd ref="2210132685"/>
  <tag k="highway" v="service"/>
  <tag k="oneway" v="yes"/>
  <tag k="service" v="parking_aisle"/>
  <tag k="surface" v="asphalt"/>
 </way>
 <way id="210994276" visible="true" version="3" changeset="152705603" timestamp="2024-06-15T04:55:08Z" user="Zh9567" uid="9940138">
  <nd ref="11982359856"/>
  <nd ref="2210133509"/>
  <nd ref="2210132869"/>
  <nd ref="2210133055"/>
  <nd ref="11982360043"/>
  <nd ref="11982359856"/>
  <tag k="building" v="roof"/>
  <tag k="building:levels" v="2"/>
  <tag k="layer" v="1"/>
 </way>
 <way id="210994277" visible="true" version="3" changeset="152396955" timestamp="2024-06-08T01:11:34Z" user="nathanielcwm" uid="21303943">
  <nd ref="2210133597"/>
  <nd ref="2210133117"/>
  <nd ref="2210132693"/>
  <nd ref="2210132965"/>
  <nd ref="2210132931"/>
  <tag k="highway" v="service"/>
  <tag k="oneway" v="no"/>
  <tag k="surface" v="asphalt"/>
 </way>
 <way id="210994284" visible="true" version="2" changeset="158437991" timestamp="2024-10-28T03:12:59Z" user="GrabMY_ainayusof" uid="9658463">
  <nd ref="2210133601"/>
  <nd ref="2210133471"/>
  <tag k="highway" v="service"/>
  <tag k="oneway" v="yes"/>
 </way>
 <way id="210994293" visible="true" version="3" changeset="92259160" timestamp="2020-10-09T23:31:54Z" user="StackofPaper" uid="10147121">
  <nd ref="2210133007"/>
  <nd ref="2210133526"/>
  <nd ref="2210132709"/>
  <tag k="highway" v="service"/>
  <tag k="oneway" v="yes"/>
  <tag k="service" v="parking_aisle"/>
 </way>
 <way id="210994296" visible="true" version="4" changeset="149972641" timestamp="2024-04-13T23:28:55Z" user="nathanielcwm" uid="21303943">
  <nd ref="2210133438"/>
  <nd ref="2210132720"/>
  <nd ref="2210133346"/>
  <tag k="highway" v="service"/>
  <tag k="oneway" v="yes"/>
  <tag k="service" v="parking_aisle"/>
  <tag k="surface" v="asphalt"/>
 </way>
 <way id="210994297" visible="true" version="4" changeset="149972709" timestamp="2024-04-13T23:30:14Z" user="nathanielcwm" uid="21303943">
  <nd ref="2210133494"/>
  <nd ref="2210132762"/>
  <nd ref="2210132687"/>
  <nd ref="2210133130"/>
  <nd ref="2210132669"/>
  <tag k="highway" v="secondary_link"/>
  <tag k="lanes" v="1"/>
  <tag k="oneway" v="yes"/>
  <tag k="surface" v="asphalt"/>
 </way>
 <way id="210994298" visible="true" version="2" changeset="92259160" timestamp="2020-10-09T23:31:54Z" user="StackofPaper" uid="10147121">
  <nd ref="2210133642"/>
  <nd ref="2210133432"/>
  <nd ref="2210132708"/>
  <tag k="highway" v="service"/>
  <tag k="oneway" v="yes"/>
  <tag k="service" v="parking_aisle"/>
 </way>
 <way id="210994300" visible="true" version="3" changeset="151249102" timestamp="2024-05-13T04:53:14Z" user="GrabMY_ashikinshamshul" uid="9502891">
  <nd ref="2210133650"/>
  <nd ref="2210133288"/>
  <nd ref="2210133158"/>
  <tag k="highway" v="service"/>
  <tag k="oneway" v="yes"/>
  <tag k="surface" v="asphalt"/>
 </way>
 <way id="210994303" visible="true" version="2" changeset="59316526" timestamp="2018-05-27T15:55:06Z" user="kucai" uid="536853">
  <nd ref="2210133349"/>
  <nd ref="2210132923"/>
  <nd ref="2210133677"/>
  <nd ref="2210132618"/>
  <nd ref="2210133196"/>
  <nd ref="2210133645"/>
  <tag k="highway" v="footway"/>
 </way>
 <way id="210994304" visible="true" version="9" changeset="158198446" timestamp="2024-10-22T07:18:39Z" user="GrabMY_ainayusof" uid="9658463">
  <nd ref="2210133353"/>
  <nd ref="12278101542"/>
  <nd ref="7051482585"/>
  <nd ref="2210133618"/>
  <nd ref="2210132743"/>
  <nd ref="2210133046"/>
  <tag k="highway" v="secondary_link"/>
  <tag k="lanes" v="1"/>
  <tag k="oneway" v="yes"/>
  <tag k="sidewalk" v="both"/>
  <tag k="surface" v="paving_stones"/>
 </way>
 <way id="371146596" visible="true" version="4" changeset="150360307" timestamp="2024-04-22T18:13:02Z" user="nathanielcwm" uid="21303943">
  <nd ref="3747464205"/>
  <nd ref="3747464206"/>
  <nd ref="3747464207"/>
  <nd ref="3747464208"/>
  <nd ref="3747464205"/>
  <tag k="leisure" v="pitch"/>
  <tag k="name" v="Emergency Assembly Point"/>
  <tag k="name:en" v="Emergency Assembly Point"/>
 </way>
 <way id="394899949" visible="true" version="7" changeset="178589664" timestamp="2026-02-15T16:26:20Z" user="Tembikai" uid="5259280">
  <nd ref="3977912917"/>
  <nd ref="3977912918"/>
  <nd ref="13567049548"/>
  <nd ref="3977912919"/>
  <nd ref="3977912920"/>
  <nd ref="4123498000"/>
  <nd ref="3977912922"/>
  <nd ref="4123497998"/>
  <tag k="bicycle" v="yes"/>
  <tag k="highway" v="cycleway"/>
  <tag k="motorcycle" v="designated"/>
  <tag k="oneway" v="yes"/>
 </way>
 <way id="410537351" visible="true" version="3" changeset="125259179" timestamp="2022-08-23T08:33:03Z" user="Samson Cheong" uid="427961">
  <nd ref="3977912911"/>
  <nd ref="4123497445"/>
  <tag k="bicycle" v="yes"/>
  <tag k="bridge" v="yes"/>
  <tag k="foot" v="no"/>
  <tag k="highway" v="cycleway"/>
  <tag k="layer" v="1"/>
  <tag k="motorcycle" v="designated"/>
  <tag k="oneway" v="yes"/>
 </way>
 <way id="410537352" visible="true" version="5" changeset="178589664" timestamp="2026-02-15T16:26:20Z" user="Tembikai" uid="5259280">
  <nd ref="4123497445"/>
  <nd ref="5431564891"/>
  <nd ref="3977912912"/>
  <nd ref="4123497446"/>
  <nd ref="5431564892"/>
  <nd ref="3977912913"/>
  <nd ref="3977912914"/>
  <nd ref="3977912915"/>
  <nd ref="676645020"/>
  <tag k="bicycle" v="yes"/>
  <tag k="foot" v="no"/>
  <tag k="highway" v="cycleway"/>
  <tag k="motorcycle" v="designated"/>
  <tag k="oneway" v="yes"/>
 </way>
 <way id="410537356" visible="true" version="7" changeset="155134427" timestamp="2024-08-12T07:55:12Z" user="oliviar_grab" uid="10664132">
  <nd ref="2210132847"/>
  <nd ref="9971695435"/>
  <nd ref="4123497994"/>
  <tag k="highway" v="motorway_link"/>
  <tag k="lanes" v="1"/>
  <tag k="oneway" v="yes"/>
 </way>
 <way id="410537357" visible="true" version="4" changeset="134180213" timestamp="2023-03-27T14:23:25Z" user="rat_lorand_grab" uid="10678755">
  <nd ref="2210133237"/>
  <nd ref="4123498062"/>
  <tag k="highway" v="secondary"/>
  <tag k="lanes" v="2"/>
  <tag k="oneway" v="yes"/>
  <tag k="turn:lanes" v="left|through"/>
 </way>
 <way id="410537359" visible="true" version="5" changeset="142615694" timestamp="2023-10-15T12:34:03Z" user="cnvery" uid="3627342">
  <nd ref="4123497995"/>
  <nd ref="676645016"/>
  <tag k="bridge" v="yes"/>
  <tag k="highway" v="motorway"/>
  <tag k="lanes" v="4"/>
  <tag k="layer" v="1"/>
  <tag k="maxspeed" v="90"/>
  <tag k="name" v="Lebuhraya Shah Alam"/>
  <tag k="name:en" v="Shah Alam Expressway"/>
  <tag k="name:ms" v="Lebuhraya Shah Alam"/>
  <tag k="oneway" v="yes"/>
  <tag k="ref" v="E5"/>
  <tag k="short_name" v="KESAS"/>
  <tag k="source" v="Bing"/>
  <tag k="wikipedia" v="en:Shah Alam Expressway"/>
 </way>
 <way id="410537360" visible="true" version="5" changeset="142615694" timestamp="2023-10-15T12:34:03Z" user="cnvery" uid="3627342">
  <nd ref="4123497996"/>
  <nd ref="676645061"/>
  <tag k="bridge" v="yes"/>
  <tag k="highway" v="motorway"/>
  <tag k="lanes" v="3"/>
  <tag k="layer" v="1"/>
  <tag k="maxspeed" v="90"/>
  <tag k="name" v="Lebuhraya Shah Alam"/>
  <tag k="name:en" v="Shah Alam Expressway"/>
  <tag k="name:ms" v="Lebuhraya Shah Alam"/>
  <tag k="oneway" v="yes"/>
  <tag k="ref" v="E5"/>
  <tag k="short_name" v="KESAS"/>
  <tag k="source" v="Bing"/>
  <tag k="toll" v="no"/>
  <tag k="wikipedia" v="en:Shah Alam Expressway"/>
 </way>
 <way id="410537361" visible="true" version="6" changeset="142615694" timestamp="2023-10-15T12:34:03Z" user="cnvery" uid="3627342">
  <nd ref="676645061"/>
  <nd ref="676645063"/>
  <nd ref="676645066"/>
  <nd ref="676645069"/>
  <nd ref="2788343720"/>
  <nd ref="676645020"/>
  <tag k="highway" v="motorway"/>
  <tag k="lanes" v="4"/>
  <tag k="maxspeed" v="90"/>
  <tag k="name" v="Lebuhraya Shah Alam"/>
  <tag k="name:en" v="Shah Alam Expressway"/>
  <tag k="name:ms" v="Lebuhraya Shah Alam"/>
  <tag k="oneway" v="yes"/>
  <tag k="ref" v="E5"/>
  <tag k="short_name" v="KESAS"/>
  <tag k="source" v="Bing"/>
  <tag k="toll" v="no"/>
  <tag k="turn:lanes" v="slight_left|through|through|through"/>
  <tag k="wikipedia" v="en:Shah Alam Expressway"/>
 </way>
 <way id="410537362" visible="true" version="2" changeset="60783239" timestamp="2018-07-17T05:47:17Z" user="saicharan1" uid="7795567">
  <nd ref="4123497998"/>
  <nd ref="4123497997"/>
  <tag k="bridge" v="yes"/>
  <tag k="highway" v="cycleway"/>
  <tag k="layer" v="1"/>
  <tag k="motorcycle" v="designated"/>
  <tag k="oneway" v="yes"/>
 </way>
 <way id="410537363" visible="true" version="9" changeset="178589664" timestamp="2026-02-15T16:26:20Z" user="Tembikai" uid="5259280">
  <nd ref="4123497997"/>
  <nd ref="3977912923"/>
  <nd ref="3977912924"/>
  <nd ref="4123497465"/>
  <nd ref="4123497466"/>
  <nd ref="3977912926"/>
  <nd ref="4123497467"/>
  <nd ref="3977912927"/>
  <nd ref="3977912928"/>
  <nd ref="4123497468"/>
  <nd ref="4123497469"/>
  <nd ref="3977912929"/>
  <nd ref="4123497470"/>
  <nd ref="3977912930"/>
  <nd ref="3977912931"/>
  <nd ref="3977912932"/>
  <nd ref="4922594112"/>
  <nd ref="4123497471"/>
  <nd ref="4123497472"/>
  <nd ref="13567049549"/>
  <nd ref="3977912933"/>
  <nd ref="4123497473"/>
  <nd ref="13567049550"/>
  <nd ref="4123497474"/>
  <nd ref="13567049551"/>
  <nd ref="3977912934"/>
  <nd ref="13567049552"/>
  <nd ref="4123497475"/>
  <nd ref="13567049555"/>
  <nd ref="3977912935"/>
  <nd ref="4123497476"/>
  <nd ref="13567049556"/>
  <nd ref="13567049557"/>
  <nd ref="3977912936"/>
  <nd ref="13567049565"/>
  <nd ref="13567049566"/>
  <nd ref="13567049567"/>
  <nd ref="4123497483"/>
  <nd ref="13567049568"/>
  <nd ref="4123497485"/>
  <nd ref="13567049569"/>
  <nd ref="3977912937"/>
  <nd ref="4123497486"/>
  <nd ref="13567049570"/>
  <nd ref="3977912939"/>
  <nd ref="13567049571"/>
  <nd ref="4123497487"/>
  <nd ref="13567049572"/>
  <nd ref="3977912940"/>
  <nd ref="4123497488"/>
  <nd ref="13567049573"/>
  <nd ref="4123497989"/>
  <nd ref="13567049575"/>
  <nd ref="13567049574"/>
  <nd ref="3977912941"/>
  <nd ref="13567049576"/>
  <nd ref="4123497990"/>
  <nd ref="13567049577"/>
  <nd ref="3977912943"/>
  <nd ref="13567049578"/>
  <nd ref="4123497991"/>
  <nd ref="13567049579"/>
  <nd ref="13567049580"/>
  <nd ref="3977912944"/>
  <nd ref="3977912945"/>
  <nd ref="13567049581"/>
  <nd ref="4123402008"/>
  <nd ref="4123402007"/>
  <nd ref="4707456666"/>
  <nd ref="4707456667"/>
  <nd ref="3977912946"/>
  <nd ref="4123402006"/>
  <tag k="bicycle" v="yes"/>
  <tag k="highway" v="cycleway"/>
  <tag k="motorcycle" v="designated"/>
  <tag k="oneway" v="yes"/>
 </way>
 <way id="410537365" visible="true" version="3" changeset="145501596" timestamp="2023-12-25T15:13:20Z" user="mataharimau" uid="17227421">
  <nd ref="2210132849"/>
  <nd ref="4123498005"/>
  <tag k="layer" v="-1"/>
  <tag k="name" v="Sungai Penaga"/>
  <tag k="source:name" v="JPS sign at 3.0729014, 101.5983352"/>
  <tag k="tunnel" v="building_passage"/>
  <tag k="waterway" v="river"/>
 </way>
 <way id="410537372" visible="true" version="2" changeset="60784440" timestamp="2018-07-17T06:25:47Z" user="saicharan1" uid="7795567">
  <nd ref="4123498062"/>
  <nd ref="4123498063"/>
  <nd ref="4123498064"/>
  <nd ref="4123498065"/>
  <nd ref="4123498066"/>
  <tag k="highway" v="secondary_link"/>
  <tag k="oneway" v="yes"/>
 </way>
 <way id="410537373" visible="true" version="3" changeset="129908306" timestamp="2022-12-09T16:59:13Z" user="OrchidA" uid="16754442">
  <nd ref="4123498067"/>
  <nd ref="4123498068"/>
  <tag k="highway" v="residential"/>
  <tag k="name" v="Persiaran Tasik Barat"/>
  <tag k="oneway" v="yes"/>
 </way>
 <way id="410537374" visible="true" version="7" changeset="149973496" timestamp="2024-04-14T00:49:11Z" user="nathanielcwm" uid="21303943">
  <nd ref="4123498096"/>
  <nd ref="2210029947"/>
  <nd ref="4123498095"/>
  <nd ref="4123498094"/>
  <nd ref="2210132806"/>
  <nd ref="2210030030"/>
  <nd ref="7231737895"/>
  <tag k="highway" v="residential"/>
  <tag k="name" v="Persiaran Tasik Barat"/>
  <tag k="name:ms" v="Persiaran Tasik Barat"/>
  <tag k="oneway" v="yes"/>
  <tag k="surface" v="paving_stones"/>
 </way>
 <way id="410537375" visible="true" version="5" changeset="163266080" timestamp="2025-03-06T00:34:21Z" user="faizah24" uid="22194283">
  <nd ref="4123498110"/>
  <nd ref="4123498111"/>
  <nd ref="4123498112"/>
  <nd ref="4123498113"/>
  <nd ref="2210031191"/>
  <nd ref="4123498098"/>
  <nd ref="4123498107"/>
  <nd ref="4123498096"/>
  <nd ref="4123498099"/>
  <nd ref="4123498108"/>
  <nd ref="4123498109"/>
  <nd ref="4123498088"/>
  <nd ref="4123498100"/>
  <nd ref="4123498101"/>
  <nd ref="4123498102"/>
  <nd ref="4123498103"/>
  <nd ref="4123498104"/>
  <nd ref="4123498105"/>
  <nd ref="4123498106"/>
  <nd ref="4123498110"/>
  <tag k="highway" v="residential"/>
  <tag k="junction" v="roundabout"/>
  <tag k="oneway" v="yes"/>
  <tag k="source:name" v="ImproveOSM"/>
  <tag k="surface" v="paving_stones"/>
 </way>
 <way id="410537376" visible="true" version="3" changeset="158408890" timestamp="2024-10-27T11:39:21Z" user="nathanielcwm" uid="21303943">
  <nd ref="4123498116"/>
  <nd ref="4123498117"/>
  <nd ref="4123498118"/>
  <nd ref="4123498119"/>
  <nd ref="4123498120"/>
  <tag k="highway" v="residential"/>
  <tag k="name" v="Persiaran Tasik Barat"/>
  <tag k="oneway" v="yes"/>
  <tag k="surface" v="paving_stones"/>
 </way>
 <way id="428126739" visible="true" version="11" changeset="152370496" timestamp="2024-06-07T11:00:19Z" user="nathanielcwm" uid="21303943">
  <nd ref="4272709271"/>
  <nd ref="4272709272"/>
  <nd ref="4272709288"/>
  <nd ref="4272709273"/>
  <nd ref="7231746280"/>
  <nd ref="4272709274"/>
  <nd ref="4272709271"/>
  <tag k="access" v="yes"/>
  <tag k="addr:city" v="Petaling Jaya"/>
  <tag k="addr:place" v="Bandar Sunway"/>
  <tag k="amenity" v="parking"/>
  <tag k="building" v="yes"/>
  <tag k="building:levels" v="4"/>
  <tag k="covered" v="yes"/>
  <tag k="fee" v="yes"/>
  <tag k="landuse" v="depot"/>
  <tag k="name" v="Kompleks BRT Sunway"/>
  <tag k="name:en" v="BRT Sunway Complex"/>
  <tag k="name:ms" v="Kompleks BRT Sunway"/>
  <tag k="name:zh" v="双威快捷巴士中心"/>
  <tag k="name:zh-Hans" v="双威快捷巴士中心"/>
  <tag k="name:zh-Hant" v="雙威快速巴士中心"/>
  <tag k="parking" v="multi-storey"/>
  <tag k="park_ride" v="yes"/>
  <tag k="wheelchair" v="yes"/>
 </way>
 <way id="428126740" visible="true" version="12" changeset="180845476" timestamp="2026-04-04T09:57:30Z" user="Zh9567" uid="9940138">
  <nd ref="4272709278"/>
  <nd ref="4272709279"/>
  <nd ref="4272709280"/>
  <nd ref="4272709281"/>
  <nd ref="4272709282"/>
  <nd ref="4272709283"/>
  <nd ref="4272709284"/>
  <nd ref="4272709285"/>
  <nd ref="4272709286"/>
  <nd ref="7231746280"/>
  <nd ref="4272709273"/>
  <nd ref="10246863478"/>
  <nd ref="10246863477"/>
  <nd ref="4272709278"/>
  <tag k="addr:city" v="Petaling Jaya"/>
  <tag k="addr:place" v="Bandar Sunway"/>
  <tag k="air_conditioning" v="no"/>
  <tag k="amenity" v="bus_station"/>
  <tag k="building" v="yes"/>
  <tag k="bus" v="yes"/>
  <tag k="layer" v="3"/>
  <tag k="name" v="SB5 Sun-U Monash"/>
  <tag k="name:en" v="Sun U-Monash"/>
  <tag k="name:ms" v="Sun U-Monash"/>
  <tag k="name:zh" v="双威-莫纳什大学"/>
  <tag k="name:zh-Hans" v="双威-莫纳什大学"/>
  <tag k="name:zh-Hant" v="雙威-莫納什大學"/>
  <tag k="public_transport" v="station"/>
  <tag k="ref" v="SB5"/>
  <tag k="wheelchair" v="yes"/>
  <tag k="wikidata" v="Q30623750"/>
  <tag k="wikimedia_commons" v="Category:SunU-Monash BRT Station"/>
  <tag k="wikipedia" v="en:SunU-Monash BRT station"/>
 </way>
 <way id="428126741" visible="true" version="4" changeset="180845476" timestamp="2026-04-04T09:57:30Z" user="Zh9567" uid="9940138">
  <nd ref="4272709287"/>
  <nd ref="4272709288"/>
  <tag k="access" v="no"/>
  <tag k="bridge" v="yes"/>
  <tag k="bus" v="designated"/>
  <tag k="highway" v="service"/>
  <tag k="layer" v="2"/>
  <tag k="surface" v="paved"/>
 </way>
 <way id="482083894" visible="true" version="4" changeset="142615694" timestamp="2023-10-15T12:34:03Z" user="cnvery" uid="3627342">
  <nd ref="676645012"/>
  <nd ref="1982561994"/>
  <nd ref="676645013"/>
  <nd ref="676645014"/>
  <nd ref="2788343721"/>
  <nd ref="676645015"/>
  <nd ref="4123497995"/>
  <tag k="highway" v="motorway"/>
  <tag k="lanes" v="4"/>
  <tag k="maxspeed" v="90"/>
  <tag k="name" v="Lebuhraya Shah Alam"/>
  <tag k="name:en" v="Shah Alam Expressway"/>
  <tag k="name:ms" v="Lebuhraya Shah Alam"/>
  <tag k="oneway" v="yes"/>
  <tag k="ref" v="E5"/>
  <tag k="short_name" v="KESAS"/>
  <tag k="source" v="Bing"/>
  <tag k="wikipedia" v="en:Shah Alam Expressway"/>
 </way>
 <way id="501452460" visible="true" version="5" changeset="134715436" timestamp="2023-04-10T07:57:12Z" user="GrabMY_Irfan Zahid" uid="14148368">
  <nd ref="4123498068"/>
  <nd ref="4123498066"/>
  <tag k="highway" v="residential"/>
  <tag k="name" v="Persiaran Tasik Barat"/>
  <tag k="oneway" v="yes"/>
 </way>
 <way id="501452461" visible="true" version="1" changeset="49640370" timestamp="2017-06-18T17:57:04Z" user="Tembikai" uid="5259280">
  <nd ref="4123498068"/>
  <nd ref="2210132847"/>
  <tag k="highway" v="secondary"/>
  <tag k="oneway" v="yes"/>
 </way>
 <way id="501452462" visible="true" version="3" changeset="133388160" timestamp="2023-03-07T05:20:45Z" user="GrabMY_FaizDjamil" uid="6458217">
  <nd ref="2210132568"/>
  <nd ref="4123498067"/>
  <tag k="highway" v="secondary"/>
  <tag k="oneway" v="yes"/>
 </way>
 <way id="501452463" visible="true" version="2" changeset="129908306" timestamp="2022-12-09T16:59:13Z" user="OrchidA" uid="16754442">
  <nd ref="2210132847"/>
  <nd ref="2210132568"/>
  <tag k="highway" v="residential"/>
  <tag k="name" v="Persiaran Tasik Barat"/>
  <tag k="oneway" v="yes"/>
 </way>
 <way id="603298527" visible="true" version="1" changeset="60271425" timestamp="2018-06-29T08:49:15Z" user="lakkarssu" uid="8196672">
  <nd ref="5727737437"/>
  <nd ref="5727737436"/>
  <tag k="highway" v="service"/>
 </way>
 <way id="603816938" visible="true" version="9" changeset="150359533" timestamp="2024-04-22T17:55:26Z" user="nathanielcwm" uid="21303943">
  <nd ref="2210132652"/>
  <nd ref="10246863480"/>
  <nd ref="10246863479"/>
  <nd ref="2210133627"/>
  <tag k="conveying" v="yes"/>
  <tag k="handrail" v="yes"/>
  <tag k="highway" v="steps"/>
  <tag k="incline" v="down"/>
  <tag k="ramp" v="no"/>
  <tag k="surface" v="metal"/>
 </way>
 <way id="604087253" visible="true" version="3" changeset="60816986" timestamp="2018-07-18T01:28:57Z" user="harishpuppala" uid="7446646">
  <nd ref="5732929782"/>
  <nd ref="5732929781"/>
  <nd ref="5732929780"/>
  <nd ref="5735834074"/>
  <nd ref="5767079148"/>
  <nd ref="5732929779"/>
  <nd ref="5732929778"/>
  <nd ref="5732929777"/>
  <nd ref="5732929776"/>
  <nd ref="5732929775"/>
  <nd ref="5732929774"/>
  <nd ref="5732929773"/>
  <nd ref="5732929735"/>
  <nd ref="5732929734"/>
  <nd ref="5732929733"/>
  <nd ref="5732929732"/>
  <nd ref="5732929731"/>
  <nd ref="4123498104"/>
  <tag k="highway" v="service"/>
 </way>
 <way id="608512782" visible="true" version="2" changeset="180490848" timestamp="2026-03-27T08:44:54Z" user="GrabMY_ainayusof" uid="9658463">
  <nd ref="13684206509"/>
  <nd ref="5765032288"/>
  <tag k="highway" v="service"/>
 </way>
 <way id="608523817" visible="true" version="4" changeset="152545807" timestamp="2024-06-11T14:15:00Z" user="LakePoopó" uid="20109123">
  <nd ref="5765100209"/>
  <nd ref="5765100208"/>
  <tag k="highway" v="service"/>
  <tag k="surface" v="paving_stones"/>
 </way>
 <way id="608528543" visible="true" version="3" changeset="78307770" timestamp="2019-12-12T09:29:40Z" user="DiahW IRM-ED" uid="7561020">
  <nd ref="5765123659"/>
  <nd ref="7051470884"/>
  <nd ref="5767079152"/>
  <nd ref="5767079553"/>
  <nd ref="5765123658"/>
  <tag k="highway" v="service"/>
 </way>
 <way id="608528544" visible="true" version="1" changeset="60784697" timestamp="2018-07-17T06:32:51Z" user="saicharan1" uid="7795567">
  <nd ref="5765123655"/>
  <nd ref="5765123659"/>
  <tag k="highway" v="service"/>
 </way>
 <way id="608528547" visible="true" version="2" changeset="60816986" timestamp="2018-07-18T01:29:02Z" user="harishpuppala" uid="7446646">
  <nd ref="5765123658"/>
  <nd ref="5767079554"/>
  <nd ref="5765123657"/>
  <nd ref="5765123656"/>
  <tag k="highway" v="service"/>
 </way>
 <way id="690365754" visible="true" version="5" changeset="142615694" timestamp="2023-10-15T12:34:03Z" user="cnvery" uid="3627342">
  <nd ref="4123497458"/>
  <nd ref="677399692"/>
  <nd ref="5431564895"/>
  <nd ref="677399693"/>
  <nd ref="677399695"/>
  <nd ref="677399696"/>
  <nd ref="676645056"/>
  <nd ref="2210133241"/>
  <nd ref="4123497996"/>
  <tag k="highway" v="motorway"/>
  <tag k="lanes" v="3"/>
  <tag k="maxspeed" v="90"/>
  <tag k="name" v="Lebuhraya Shah Alam"/>
  <tag k="name:en" v="Shah Alam Expressway"/>
  <tag k="name:ms" v="Lebuhraya Shah Alam"/>
  <tag k="oneway" v="yes"/>
  <tag k="ref" v="E5"/>
  <tag k="short_name" v="KESAS"/>
  <tag k="source" v="Bing"/>
  <tag k="toll" v="no"/>
  <tag k="wikipedia" v="en:Shah Alam Expressway"/>
 </way>
 <way id="755106269" visible="true" version="3" changeset="157574200" timestamp="2024-10-07T09:57:59Z" user="GrabMY_ainayusof" uid="9658463">
  <nd ref="2210133388"/>
  <nd ref="7053839570"/>
  <tag k="access" v="private"/>
  <tag k="highway" v="service"/>
  <tag k="maxheight:signed" v="no"/>
  <tag k="tunnel" v="building_passage"/>
 </way>
 <way id="755106270" visible="true" version="3" changeset="157574200" timestamp="2024-10-07T09:57:59Z" user="GrabMY_ainayusof" uid="9658463">
  <nd ref="2210132980"/>
  <nd ref="12231444818"/>
  <nd ref="5765100209"/>
  <nd ref="2210132994"/>
  <nd ref="2210133194"/>
  <nd ref="2210133388"/>
  <tag k="access" v="private"/>
  <tag k="highway" v="service"/>
  <tag k="surface" v="paving_stones"/>
 </way>
 <way id="764530864" visible="true" version="3" changeset="149973717" timestamp="2024-04-14T00:39:24Z" user="nathanielcwm" uid="21303943">
  <nd ref="2210133627"/>
  <nd ref="7142340398"/>
  <nd ref="7142340399"/>
  <tag k="highway" v="footway"/>
  <tag k="surface" v="metal"/>
 </way>
 <way id="775138181" visible="true" version="4" changeset="152370930" timestamp="2024-06-07T11:11:55Z" user="nathanielcwm" uid="21303943">
  <nd ref="7231546283"/>
  <nd ref="7231546284"/>
  <nd ref="7231706085"/>
  <nd ref="7231706086"/>
  <nd ref="7231706087"/>
  <nd ref="7231706088"/>
  <nd ref="7231706089"/>
  <nd ref="7231706090"/>
  <nd ref="7231706091"/>
  <nd ref="7231706092"/>
  <nd ref="7231706093"/>
  <nd ref="7231706150"/>
  <nd ref="7231706094"/>
  <nd ref="7231706095"/>
  <nd ref="7231706096"/>
  <nd ref="7231706097"/>
  <nd ref="7231706098"/>
  <nd ref="7231706099"/>
  <nd ref="7231706100"/>
  <nd ref="7231706101"/>
  <nd ref="7231706102"/>
  <nd ref="7231706103"/>
  <nd ref="7231706104"/>
  <nd ref="7231706105"/>
  <nd ref="7231706106"/>
  <nd ref="7231706107"/>
  <nd ref="7231706108"/>
  <nd ref="7231706109"/>
  <nd ref="7231867121"/>
  <nd ref="7231546283"/>
  <tag k="building" v="bridge"/>
  <tag k="layer" v="2"/>
 </way>
 <way id="775138182" visible="true" version="2" changeset="142615694" timestamp="2023-10-15T12:34:03Z" user="cnvery" uid="3627342">
  <nd ref="7231706114"/>
  <nd ref="7231706115"/>
  <nd ref="7231706116"/>
  <nd ref="7231706117"/>
  <nd ref="7231706114"/>
  <tag k="building" v="yes"/>
  <tag k="layer" v="1"/>
  <tag k="name" v="B4"/>
  <tag k="name:en" v="B4"/>
  <tag k="name:ms" v="B4"/>
 </way>
 <way id="775138183" visible="true" version="2" changeset="157574200" timestamp="2024-10-07T09:57:59Z" user="GrabMY_ainayusof" uid="9658463">
  <nd ref="7231706118"/>
  <nd ref="7231706119"/>
  <nd ref="7231706120"/>
  <tag k="access" v="private"/>
  <tag k="highway" v="service"/>
 </way>
 <way id="775138184" visible="true" version="4" changeset="152396673" timestamp="2024-06-08T01:24:13Z" user="nathanielcwm" uid="21303943">
  <nd ref="7231706121"/>
  <nd ref="7231706122"/>
  <nd ref="7231706123"/>
  <nd ref="7231706124"/>
  <nd ref="7231706125"/>
  <nd ref="7231706126"/>
  <nd ref="7231706121"/>
  <tag k="building" v="university"/>
  <tag k="building:levels" v="8"/>
  <tag k="layer" v="1"/>
  <tag k="name" v="B5A"/>
  <tag k="name:en" v="B5A"/>
  <tag k="name:ms" v="B5A"/>
  <tag k="roof:levels" v="0"/>
 </way>
 <way id="775138185" visible="true" version="4" changeset="152370930" timestamp="2024-06-07T11:12:11Z" user="nathanielcwm" uid="21303943">
  <nd ref="7231706127"/>
  <nd ref="7231706133"/>
  <nd ref="7231706128"/>
  <nd ref="7231706129"/>
  <nd ref="7231706130"/>
  <nd ref="9307728271"/>
  <nd ref="7231706134"/>
  <nd ref="9307728272"/>
  <nd ref="9307728273"/>
  <nd ref="7231706127"/>
  <tag k="building" v="university"/>
  <tag k="name" v="B5"/>
  <tag k="name:en" v="B5"/>
  <tag k="name:ms" v="B5"/>
 </way>
 <way id="775138186" visible="true" version="6" changeset="152396673" timestamp="2024-06-08T01:21:22Z" user="nathanielcwm" uid="21303943">
  <nd ref="7231706131"/>
  <nd ref="7231706138"/>
  <nd ref="9307728275"/>
  <nd ref="9307728274"/>
  <nd ref="9276573678"/>
  <nd ref="9276573679"/>
  <nd ref="7231706133"/>
  <nd ref="7231706127"/>
  <nd ref="9307728273"/>
  <nd ref="9307728272"/>
  <nd ref="7231706134"/>
  <nd ref="7231706135"/>
  <nd ref="7231706187"/>
  <nd ref="7231706171"/>
  <nd ref="7231706131"/>
  <tag k="building" v="university"/>
  <tag k="building:levels" v="6"/>
  <tag k="name" v="B9"/>
  <tag k="name:en" v="B9"/>
  <tag k="name:ms" v="B9"/>
  <tag k="roof:levels" v="1"/>
 </way>
 <way id="775138187" visible="true" version="7" changeset="152370930" timestamp="2024-06-07T11:12:16Z" user="nathanielcwm" uid="21303943">
  <nd ref="7231706136"/>
  <nd ref="7231706137"/>
  <nd ref="7231706131"/>
  <nd ref="7231706138"/>
  <nd ref="7241689464"/>
  <nd ref="7241689465"/>
  <nd ref="9307728277"/>
  <nd ref="9307728276"/>
  <nd ref="7241689466"/>
  <nd ref="7241689467"/>
  <nd ref="7231706139"/>
  <nd ref="7231706140"/>
  <nd ref="7231706141"/>
  <nd ref="7231706136"/>
  <tag k="building" v="university"/>
  <tag k="building:levels" v="7"/>
  <tag k="name" v="B2"/>
  <tag k="name:en" v="B2"/>
  <tag k="name:ms" v="B2"/>
 </way>
 <way id="775138188" visible="true" version="3" changeset="149958268" timestamp="2024-04-13T15:50:55Z" user="nathanielcwm" uid="21303943">
  <nd ref="7231706142"/>
  <nd ref="7231706143"/>
  <nd ref="7231706144"/>
  <nd ref="7231706145"/>
  <nd ref="7231706142"/>
  <tag k="leisure" v="pitch"/>
  <tag k="name" v="MPC2"/>
  <tag k="name:en" v="MPC2"/>
  <tag k="name:ms" v="MPC2"/>
  <tag k="sport" v="basketball"/>
 </way>
 <way id="775138189" visible="true" version="6" changeset="152370930" timestamp="2024-06-07T11:11:25Z" user="nathanielcwm" uid="21303943">
  <nd ref="7231706146"/>
  <nd ref="7231706147"/>
  <nd ref="7231706148"/>
  <nd ref="7231706149"/>
  <nd ref="9307728266"/>
  <nd ref="7241689481"/>
  <nd ref="7241689480"/>
  <nd ref="7231706150"/>
  <nd ref="7231706093"/>
  <nd ref="7231706151"/>
  <nd ref="7231706152"/>
  <nd ref="7231706153"/>
  <nd ref="7231706154"/>
  <nd ref="7231706155"/>
  <nd ref="7231706146"/>
  <tag k="building" v="university"/>
  <tag k="building:levels" v="6"/>
  <tag k="layer" v="1"/>
  <tag k="name" v="B6B"/>
  <tag k="name:en" v="B6B"/>
  <tag k="name:ms" v="B6B"/>
 </way>
 <way id="775138190" visible="true" version="7" changeset="155127083" timestamp="2024-08-12T02:40:31Z" user="nathanielcwm" uid="21303943">
  <nd ref="7231706156"/>
  <nd ref="9307728281"/>
  <nd ref="9307728280"/>
  <nd ref="9307728279"/>
  <nd ref="9307728278"/>
  <nd ref="7231732578"/>
  <nd ref="7231706157"/>
  <nd ref="7241689482"/>
  <nd ref="7231706158"/>
  <nd ref="7231706159"/>
  <nd ref="7231706179"/>
  <nd ref="7231706180"/>
  <nd ref="7231706160"/>
  <nd ref="7241689483"/>
  <nd ref="7231706161"/>
  <nd ref="7231706162"/>
  <nd ref="7231706163"/>
  <nd ref="7241689484"/>
  <nd ref="7231706164"/>
  <nd ref="7241689479"/>
  <nd ref="7231706147"/>
  <nd ref="7231706146"/>
  <nd ref="7231706165"/>
  <nd ref="7231706166"/>
  <nd ref="7231706167"/>
  <nd ref="7231706168"/>
  <nd ref="7231706169"/>
  <nd ref="7231706170"/>
  <nd ref="7231706156"/>
  <tag k="building" v="university"/>
  <tag k="building:levels" v="5"/>
  <tag k="name" v="B6"/>
  <tag k="name:en" v="B6"/>
  <tag k="name:ms" v="B6"/>
  <tag k="roof:levels" v="0"/>
 </way>
 <way id="775138191" visible="true" version="7" changeset="152367987" timestamp="2024-06-07T10:01:34Z" user="nathanielcwm" uid="21303943">
  <nd ref="7231706171"/>
  <nd ref="7231706172"/>
  <nd ref="7231706173"/>
  <nd ref="7231706174"/>
  <nd ref="7231706175"/>
  <nd ref="7241689468"/>
  <nd ref="7241689469"/>
  <nd ref="7241689470"/>
  <nd ref="7231706176"/>
  <nd ref="7241689471"/>
  <nd ref="7231706178"/>
  <nd ref="7231706179"/>
  <nd ref="7231706180"/>
  <nd ref="7231706181"/>
  <nd ref="7231706182"/>
  <nd ref="7231706183"/>
  <nd ref="7241689475"/>
  <nd ref="7231706184"/>
  <nd ref="7241689476"/>
  <nd ref="7241689477"/>
  <nd ref="7241689478"/>
  <nd ref="7231706185"/>
  <nd ref="7231706187"/>
  <nd ref="7231706171"/>
  <tag k="air_conditioning" v="yes"/>
  <tag k="amenity" v="library"/>
  <tag k="building" v="yes"/>
  <tag k="name" v="B7"/>
  <tag k="name:en" v="B7"/>
  <tag k="name:ms" v="B7"/>
  <tag k="opening_hours" v="Mo-Fr 08:00-22:00; Sa,Su 10:00-18:00"/>
 </way>
 <way id="775138192" visible="true" version="2" changeset="182382462" timestamp="2026-05-08T13:22:43Z" user="BroharrisCanal" uid="17826795">
  <nd ref="5735853092"/>
  <nd ref="7231706192"/>
  <nd ref="7231706201"/>
  <nd ref="7231706193"/>
  <nd ref="13808364667"/>
  <nd ref="7231706196"/>
  <tag k="highway" v="service"/>
 </way>
 <way id="775138193" visible="true" version="2" changeset="112175836" timestamp="2021-10-06T15:36:53Z" user="nabilersyad" uid="11419275">
  <nd ref="7231706194"/>
  <nd ref="7231706198"/>
  <nd ref="7231706199"/>
  <nd ref="7231706200"/>
  <nd ref="7231706192"/>
  <tag k="highway" v="service"/>
  <tag k="service" v="parking_aisle"/>
 </way>
 <way id="775138199" visible="true" version="5" changeset="152371236" timestamp="2024-06-07T11:18:43Z" user="nathanielcwm" uid="21303943">
  <nd ref="7231706214"/>
  <nd ref="7231706215"/>
  <nd ref="7231706216"/>
  <nd ref="11502851964"/>
  <nd ref="11502851963"/>
  <nd ref="11502851966"/>
  <nd ref="11502851965"/>
  <nd ref="11502851961"/>
  <nd ref="11502851962"/>
  <nd ref="11502851967"/>
  <nd ref="7231706217"/>
  <nd ref="7661637096"/>
  <nd ref="11502851968"/>
  <nd ref="11502858569"/>
  <nd ref="11502858570"/>
  <nd ref="7661637095"/>
  <nd ref="11502858572"/>
  <nd ref="11502858571"/>
  <nd ref="7231706214"/>
  <tag k="building" v="dormitory"/>
  <tag k="name" v="Sunway Waterfront Residence Block D"/>
 </way>
 <way id="775140679" visible="true" version="1" changeset="81294749" timestamp="2020-02-21T00:54:44Z" user="Robuster" uid="6575994">
  <nd ref="2210133645"/>
  <nd ref="7231732579"/>
  <nd ref="7231732580"/>
  <nd ref="7231732581"/>
  <nd ref="7231732582"/>
  <nd ref="7231732583"/>
  <nd ref="7231732584"/>
  <tag k="highway" v="footway"/>
  <tag k="layer" v="-1"/>
 </way>
 <way id="775140680" visible="true" version="3" changeset="133388131" timestamp="2023-03-07T05:19:24Z" user="GrabMY_FaizDjamil" uid="6458217">
  <nd ref="7231737885"/>
  <nd ref="7231737886"/>
  <nd ref="7231737887"/>
  <nd ref="2210133519"/>
  <tag k="highway" v="footway"/>
  <tag k="layer" v="2"/>
 </way>
 <way id="775140681" visible="true" version="6" changeset="154514905" timestamp="2024-07-28T10:52:00Z" user="nathanielcwm" uid="21303943">
  <nd ref="7231737893"/>
  <nd ref="4123498083"/>
  <nd ref="4123498084"/>
  <nd ref="4123498085"/>
  <nd ref="4123498087"/>
  <nd ref="4123498088"/>
  <tag k="highway" v="residential"/>
  <tag k="lanes" v="2"/>
  <tag k="name" v="Persiaran Tasik Barat"/>
  <tag k="name:ms" v="Persiaran Tasik Barat"/>
  <tag k="oneway" v="yes"/>
  <tag k="surface" v="paving_stones"/>
 </way>
 <way id="775140682" visible="true" version="5" changeset="154514905" timestamp="2024-07-28T10:51:53Z" user="nathanielcwm" uid="21303943">
  <nd ref="4123498082"/>
  <nd ref="7231737893"/>
  <tag k="highway" v="residential"/>
  <tag k="lanes" v="2"/>
  <tag k="name" v="Persiaran Tasik Barat"/>
  <tag k="oneway" v="yes"/>
  <tag k="surface" v="paving_stones"/>
 </way>
 <way id="775140683" visible="true" version="8" changeset="149959853" timestamp="2024-04-13T16:34:22Z" user="nathanielcwm" uid="21303943">
  <nd ref="7231737894"/>
  <nd ref="2210031086"/>
  <nd ref="4123498093"/>
  <nd ref="4123498092"/>
  <nd ref="2210030147"/>
  <nd ref="10718239142"/>
  <nd ref="10718239156"/>
  <nd ref="2210029827"/>
  <nd ref="4123498090"/>
  <nd ref="2210030269"/>
  <nd ref="2210029991"/>
  <nd ref="4123498089"/>
  <nd ref="4123498116"/>
  <nd ref="10767796000"/>
  <tag k="highway" v="residential"/>
  <tag k="lanes" v="2"/>
  <tag k="name" v="Persiaran Tasik Barat"/>
  <tag k="name:ms" v="Persiaran Tasik Barat"/>
  <tag k="oneway" v="yes"/>
  <tag k="surface" v="paving_stones"/>
 </way>
 <way id="775140684" visible="true" version="5" changeset="154514905" timestamp="2024-07-28T10:51:47Z" user="nathanielcwm" uid="21303943">
  <nd ref="7231737895"/>
  <nd ref="7231737894"/>
  <tag k="highway" v="residential"/>
  <tag k="lanes" v="2"/>
  <tag k="name" v="Persiaran Tasik Barat"/>
  <tag k="oneway" v="yes"/>
  <tag k="surface" v="paving_stones"/>
 </way>
 <way id="775140685" visible="true" version="5" changeset="164053645" timestamp="2025-03-24T22:10:46Z" user="nathanielcwm" uid="21303943">
  <nd ref="7231737894"/>
  <nd ref="7231737889"/>
  <nd ref="7231737890"/>
  <tag k="bridge" v="yes"/>
  <tag k="highway" v="footway"/>
  <tag k="indoor" v="yes"/>
  <tag k="layer" v="1"/>
 </way>
 <way id="775140686" visible="true" version="4" changeset="164053645" timestamp="2025-03-24T22:10:42Z" user="nathanielcwm" uid="21303943">
  <nd ref="7231737896"/>
  <nd ref="7231737894"/>
  <tag k="bridge" v="yes"/>
  <tag k="highway" v="footway"/>
  <tag k="indoor" v="yes"/>
  <tag k="layer" v="1"/>
 </way>
 <way id="775142364" visible="true" version="1" changeset="81295026" timestamp="2020-02-21T01:13:45Z" user="Robuster" uid="6575994">
  <nd ref="7231746222"/>
  <nd ref="7231746223"/>
  <nd ref="7231746224"/>
  <nd ref="7231746225"/>
  <nd ref="7231746222"/>
  <tag k="natural" v="water"/>
 </way>
 <way id="775142365" visible="true" version="1" changeset="81295026" timestamp="2020-02-21T01:13:45Z" user="Robuster" uid="6575994">
  <nd ref="7231746226"/>
  <nd ref="7231746227"/>
  <nd ref="7231746228"/>
  <nd ref="7231746229"/>
  <nd ref="7231746226"/>
  <tag k="natural" v="water"/>
 </way>
 <way id="775142366" visible="true" version="1" changeset="81295026" timestamp="2020-02-21T01:13:45Z" user="Robuster" uid="6575994">
  <nd ref="7231746230"/>
  <nd ref="7231746231"/>
  <nd ref="7231746232"/>
  <nd ref="7231746233"/>
  <nd ref="7231746230"/>
  <tag k="natural" v="water"/>
 </way>
 <way id="775142367" visible="true" version="2" changeset="103832338" timestamp="2021-04-29T09:39:33Z" user="Qomar IRM-ED" uid="9543905">
  <nd ref="7231746234"/>
  <nd ref="7231746235"/>
  <nd ref="7231746236"/>
  <nd ref="7231746237"/>
  <nd ref="8679064028"/>
  <nd ref="7231746234"/>
  <tag k="natural" v="water"/>
 </way>
 <way id="775142368" visible="true" version="1" changeset="81295026" timestamp="2020-02-21T01:13:45Z" user="Robuster" uid="6575994">
  <nd ref="7231746238"/>
  <nd ref="7231746239"/>
  <nd ref="7231746240"/>
  <nd ref="7231746241"/>
  <nd ref="7231746238"/>
  <tag k="building" v="yes"/>
 </way>
 <way id="775142372" visible="true" version="1" changeset="81295026" timestamp="2020-02-21T01:13:45Z" user="Robuster" uid="6575994">
  <nd ref="7231746259"/>
  <nd ref="7231746260"/>
  <nd ref="7231746261"/>
  <nd ref="7231746262"/>
  <nd ref="7231746259"/>
  <tag k="building" v="yes"/>
 </way>
 <way id="775142374" visible="true" version="4" changeset="152705603" timestamp="2024-06-15T04:55:08Z" user="Zh9567" uid="9940138">
  <nd ref="11982359820"/>
  <nd ref="7231746267"/>
  <nd ref="11838710739"/>
  <nd ref="7231746268"/>
  <nd ref="11982360272"/>
  <nd ref="11982359820"/>
  <tag k="building" v="retail"/>
 </way>
 <way id="775152607" visible="true" version="3" changeset="152369033" timestamp="2024-06-07T10:25:06Z" user="nathanielcwm" uid="21303943">
  <nd ref="7231862984"/>
  <nd ref="7231867085"/>
  <nd ref="7231867086"/>
  <nd ref="7231867087"/>
  <nd ref="7231862984"/>
  <tag k="access" v="private"/>
  <tag k="leisure" v="swimming_pool"/>
  <tag k="level" v="0"/>
  <tag k="lit" v="no"/>
  <tag k="location" v="outdoor"/>
 </way>
 <way id="775152608" visible="true" version="9" changeset="152370930" timestamp="2024-06-07T11:14:24Z" user="nathanielcwm" uid="21303943">
  <nd ref="7231867088"/>
  <nd ref="7231867089"/>
  <nd ref="7231867090"/>
  <nd ref="7231867091"/>
  <nd ref="7231867092"/>
  <nd ref="7231867093"/>
  <nd ref="7231867094"/>
  <nd ref="7231867095"/>
  <nd ref="7231867162"/>
  <nd ref="7231867096"/>
  <nd ref="7231867097"/>
  <nd ref="7231867098"/>
  <nd ref="7231867099"/>
  <nd ref="7231867100"/>
  <nd ref="7231867101"/>
  <nd ref="7231867102"/>
  <nd ref="7231867103"/>
  <nd ref="7231867104"/>
  <nd ref="7231867105"/>
  <nd ref="7231867106"/>
  <nd ref="7231867107"/>
  <nd ref="7231867108"/>
  <nd ref="7231867109"/>
  <nd ref="7231867110"/>
  <nd ref="7231867111"/>
  <nd ref="7231867112"/>
  <nd ref="7231867113"/>
  <nd ref="7231867114"/>
  <nd ref="7231867115"/>
  <nd ref="7231867116"/>
  <nd ref="7231867117"/>
  <nd ref="7231867118"/>
  <nd ref="7231867119"/>
  <nd ref="7231867120"/>
  <nd ref="7231867121"/>
  <nd ref="7231867122"/>
  <nd ref="7231867123"/>
  <nd ref="7231867124"/>
  <nd ref="7231867125"/>
  <nd ref="7231867126"/>
  <nd ref="7231867127"/>
  <nd ref="7231867128"/>
  <nd ref="7231867129"/>
  <nd ref="7231867130"/>
  <nd ref="7231867131"/>
  <nd ref="7231867132"/>
  <nd ref="7231867133"/>
  <nd ref="7231867134"/>
  <nd ref="7231867135"/>
  <nd ref="7231867136"/>
  <nd ref="7231867137"/>
  <nd ref="7231867138"/>
  <nd ref="7231867139"/>
  <nd ref="7231867140"/>
  <nd ref="7231867141"/>
  <nd ref="7231867142"/>
  <nd ref="7231867143"/>
  <nd ref="7231867144"/>
  <nd ref="7231867145"/>
  <nd ref="7231867146"/>
  <nd ref="7231867147"/>
  <nd ref="7231867148"/>
  <nd ref="7231867149"/>
  <nd ref="7231867150"/>
  <nd ref="7231867151"/>
  <nd ref="7231867152"/>
  <nd ref="7231867153"/>
  <nd ref="7231867154"/>
  <nd ref="7231867155"/>
  <nd ref="7231867156"/>
  <nd ref="7231867157"/>
  <nd ref="7231867158"/>
  <nd ref="7231867159"/>
  <nd ref="7231867160"/>
  <nd ref="7231867161"/>
  <nd ref="7231867088"/>
  <tag k="addr:city" v="Subang Jaya"/>
  <tag k="addr:postcode" v="47500"/>
  <tag k="addr:street" v="Persiaran Tasik Barat"/>
  <tag k="building" v="dormitory"/>
  <tag k="fixme" v="Needs to be split into the blocks"/>
  <tag k="layer" v="3"/>
  <tag k="name" v="Sunway Waterfront Residence"/>
  <tag k="old_name" v="Sunway Monash Residence"/>
 </way>
 <way id="841076258" visible="true" version="20" changeset="180845476" timestamp="2026-04-04T09:57:30Z" user="Zh9567" uid="9940138">
  <nd ref="3832218739"/>
  <nd ref="11273547901"/>
  <nd ref="7677561753"/>
  <nd ref="7677561752"/>
  <nd ref="3832218746"/>
  <nd ref="3832218747"/>
  <nd ref="7954030041"/>
  <nd ref="7245719925"/>
  <nd ref="7245719922"/>
  <nd ref="3832218748"/>
  <nd ref="7245719923"/>
  <nd ref="7245719924"/>
  <nd ref="7245719930"/>
  <nd ref="7245719926"/>
  <nd ref="7245719927"/>
  <nd ref="3832218749"/>
  <nd ref="7245719928"/>
  <nd ref="7245719929"/>
  <nd ref="8081913269"/>
  <nd ref="7245719931"/>
  <nd ref="8081913268"/>
  <nd ref="3832218750"/>
  <nd ref="11273547895"/>
  <nd ref="5236932247"/>
  <nd ref="5236932248"/>
  <nd ref="3832218752"/>
  <nd ref="3832218753"/>
  <nd ref="3832218754"/>
  <nd ref="3832218755"/>
  <nd ref="3832218756"/>
  <nd ref="3832219157"/>
  <nd ref="11272247809"/>
  <nd ref="3832219160"/>
  <nd ref="3832219161"/>
  <nd ref="3832219162"/>
  <nd ref="3832219163"/>
  <nd ref="3832219164"/>
  <nd ref="3832219165"/>
  <nd ref="3832219166"/>
  <nd ref="11267149848"/>
  <nd ref="3832219167"/>
  <nd ref="3832219168"/>
  <nd ref="3832219169"/>
  <nd ref="3832219170"/>
  <nd ref="3832219171"/>
  <nd ref="3832219172"/>
  <nd ref="3832219173"/>
  <nd ref="3832219174"/>
  <nd ref="3832219175"/>
  <nd ref="11264460154"/>
  <nd ref="3832219176"/>
  <nd ref="4272709287"/>
  <nd ref="3832219177"/>
  <nd ref="3832219178"/>
  <nd ref="3832219179"/>
  <nd ref="3832219180"/>
  <nd ref="3832219181"/>
  <nd ref="3832219182"/>
  <nd ref="3832219183"/>
  <nd ref="3832219184"/>
  <nd ref="3832219185"/>
  <nd ref="3832219187"/>
  <nd ref="3832219188"/>
  <nd ref="3832219189"/>
  <nd ref="3832219190"/>
  <nd ref="3832219191"/>
  <nd ref="3832219192"/>
  <nd ref="3832219193"/>
  <nd ref="3832219194"/>
  <nd ref="3832219195"/>
  <nd ref="3832219196"/>
  <nd ref="11264460151"/>
  <nd ref="3832219197"/>
  <nd ref="4838646947"/>
  <nd ref="4838646948"/>
  <nd ref="3832219198"/>
  <nd ref="5767079099"/>
  <nd ref="3832219199"/>
  <nd ref="3832226483"/>
  <nd ref="3832226484"/>
  <nd ref="3832219200"/>
  <nd ref="3832219201"/>
  <nd ref="8081913272"/>
  <nd ref="8081913271"/>
  <nd ref="4242478320"/>
  <nd ref="4242478319"/>
  <nd ref="4242478318"/>
  <nd ref="4242478317"/>
  <nd ref="4242478316"/>
  <nd ref="4242478315"/>
  <nd ref="4242478314"/>
  <nd ref="7677579028"/>
  <nd ref="7677579029"/>
  <nd ref="4242478313"/>
  <nd ref="8221501060"/>
  <nd ref="8221501061"/>
  <nd ref="8221501062"/>
  <nd ref="8221501063"/>
  <nd ref="8221501064"/>
  <nd ref="8221501065"/>
  <tag k="access" v="no"/>
  <tag k="bicycle" v="no"/>
  <tag k="bridge" v="yes"/>
  <tag k="bus" v="designated"/>
  <tag k="foot" v="no"/>
  <tag k="hgv" v="no"/>
  <tag k="highway" v="bus_guideway"/>
  <tag k="layer" v="2"/>
  <tag k="motorcar" v="no"/>
  <tag k="motorcycle" v="no"/>
  <tag k="name" v="BRT Laluan Sunway"/>
  <tag k="name:en" v="BRT Sunway Line"/>
  <tag k="name:ms" v="BRT Laluan Sunway"/>
  <tag k="name:zh" v="双威巴士线"/>
  <tag k="name:zh-Hans" v="双威巴士线"/>
  <tag k="name:zh-Hant" v="雙威巴士線"/>
  <tag k="oneway" v="no"/>
  <tag k="surface" v="asphalt"/>
  <tag k="wikidata" v="Q16255640"/>
  <tag k="wikipedia" v="en:BRT Sunway Line"/>
 </way>
 <way id="850142395" visible="true" version="16" changeset="182470739" timestamp="2026-05-10T14:58:23Z" user="angys" uid="3191182">
  <nd ref="2124969571"/>
  <nd ref="13366148529"/>
  <nd ref="13814601934"/>
  <nd ref="677584043"/>
  <nd ref="1670458823"/>
  <tag k="bicycle" v="yes"/>
  <tag k="foot" v="yes"/>
  <tag k="highway" v="secondary"/>
  <tag k="lanes" v="2"/>
  <tag k="name" v="Jalan Lagoon Selatan"/>
  <tag k="name:ms" v="Jalan Lagoon Selatan"/>
  <tag k="oneway" v="yes"/>
  <tag k="sidewalk:left" v="separate"/>
  <tag k="surface" v="paving_stones"/>
 </way>
 <way id="857367846" visible="true" version="2" changeset="103056673" timestamp="2021-04-16T11:38:20Z" user="corinag_grab" uid="10664140">
  <nd ref="7993603234"/>
  <nd ref="7993603233"/>
  <nd ref="7993603232"/>
  <nd ref="7993603231"/>
  <tag k="highway" v="secondary_link"/>
  <tag k="oneway" v="yes"/>
 </way>
 <way id="857367847" visible="true" version="2" changeset="103056673" timestamp="2021-04-16T11:38:20Z" user="corinag_grab" uid="10664140">
  <nd ref="7993603238"/>
  <nd ref="7993603235"/>
  <nd ref="7993603236"/>
  <nd ref="7993603237"/>
  <tag k="highway" v="secondary_link"/>
  <tag k="oneway" v="yes"/>
 </way>
 <way id="884020563" visible="true" version="7" changeset="150623490" timestamp="2024-04-28T15:13:48Z" user="angys" uid="3191182">
  <nd ref="1498654367"/>
  <nd ref="8221522381"/>
  <nd ref="8221501083"/>
  <nd ref="8221501082"/>
  <nd ref="8221522385"/>
  <nd ref="8221501081"/>
  <nd ref="8221501080"/>
  <nd ref="2319640781"/>
  <nd ref="8221501079"/>
  <nd ref="8221501078"/>
  <nd ref="8221501027"/>
  <nd ref="8221501026"/>
  <nd ref="8221501025"/>
  <nd ref="8221501024"/>
  <nd ref="8221501038"/>
  <nd ref="8221501023"/>
  <nd ref="8221501037"/>
  <nd ref="8221501022"/>
  <nd ref="8221501036"/>
  <nd ref="8221501021"/>
  <nd ref="8221501020"/>
  <nd ref="8221501019"/>
  <nd ref="8221501017"/>
  <nd ref="8221501016"/>
  <nd ref="8221501015"/>
  <nd ref="8221501014"/>
  <nd ref="8221501012"/>
  <nd ref="8221501011"/>
  <nd ref="8221501010"/>
  <nd ref="8221501009"/>
  <nd ref="8221522392"/>
  <nd ref="8221501008"/>
  <nd ref="8221501007"/>
  <nd ref="8221501006"/>
  <nd ref="8221501005"/>
  <nd ref="8221501004"/>
  <nd ref="8221501003"/>
  <nd ref="8221522391"/>
  <nd ref="8221501002"/>
  <nd ref="8221500997"/>
  <nd ref="8221500996"/>
  <nd ref="8274307590"/>
  <nd ref="8221500987"/>
  <nd ref="8221500986"/>
  <nd ref="8221500985"/>
  <nd ref="8221464453"/>
  <nd ref="8221464454"/>
  <nd ref="8221464455"/>
  <nd ref="8221464456"/>
  <nd ref="8221464457"/>
  <nd ref="8221464458"/>
  <nd ref="8221464459"/>
  <nd ref="8221464460"/>
  <nd ref="8221464461"/>
  <nd ref="8221464462"/>
  <nd ref="8221464463"/>
  <nd ref="8221464464"/>
  <nd ref="8221464465"/>
  <nd ref="8221464466"/>
  <nd ref="8221464467"/>
  <nd ref="8221464469"/>
  <nd ref="8221464470"/>
  <nd ref="8221464471"/>
  <nd ref="8221464472"/>
  <nd ref="8221464473"/>
  <nd ref="1498654359"/>
  <nd ref="1498654339"/>
  <nd ref="8221464475"/>
  <nd ref="8221464474"/>
  <nd ref="1498654329"/>
  <nd ref="1498654328"/>
  <nd ref="2309133385"/>
  <nd ref="8221464476"/>
  <nd ref="1498654325"/>
  <nd ref="1498654324"/>
  <nd ref="8221464477"/>
  <nd ref="1498654320"/>
  <nd ref="2288904775"/>
  <nd ref="1498654284"/>
  <nd ref="1498654285"/>
  <nd ref="1498654273"/>
  <nd ref="1498654251"/>
  <nd ref="1498654247"/>
  <nd ref="1498654238"/>
  <nd ref="1498654229"/>
  <nd ref="8221464491"/>
  <nd ref="2288906786"/>
  <nd ref="1498654203"/>
  <nd ref="1498654202"/>
  <nd ref="2288905899"/>
  <nd ref="2288906544"/>
  <nd ref="8221443923"/>
  <nd ref="8221464479"/>
  <nd ref="8221464480"/>
  <nd ref="8221464481"/>
  <nd ref="8221464482"/>
  <nd ref="8221443922"/>
  <nd ref="1498654211"/>
  <nd ref="2288905142"/>
  <nd ref="1498654236"/>
  <nd ref="2288904472"/>
  <nd ref="1498654243"/>
  <nd ref="2288905959"/>
  <nd ref="2288905657"/>
  <nd ref="1498654267"/>
  <nd ref="1498654280"/>
  <nd ref="1498654317"/>
  <nd ref="8221464486"/>
  <nd ref="1498654316"/>
  <nd ref="1498654322"/>
  <nd ref="1498654321"/>
  <nd ref="1498654323"/>
  <nd ref="1498654367"/>
  <tag k="landuse" v="residential"/>
  <tag k="name" v="USJ 1"/>
  <tag k="name:en" v="USJ 1"/>
  <tag k="name:ms" v="USJ 1"/>
  <tag k="place" v="quarter"/>
  <tag k="residential" v="urban"/>
 </way>
 <way id="884022953" visible="true" version="2" changeset="147414135" timestamp="2024-02-13T15:35:00Z" user="angys" uid="3191182">
  <nd ref="4838377368"/>
  <nd ref="4838377369"/>
  <nd ref="8221522387"/>
  <nd ref="8221522390"/>
  <nd ref="8221522391"/>
  <nd ref="8221501003"/>
  <nd ref="8221501004"/>
  <nd ref="8221501005"/>
  <nd ref="8221501006"/>
  <nd ref="8221501007"/>
  <nd ref="8221501008"/>
  <nd ref="8221522392"/>
  <nd ref="8221522393"/>
  <nd ref="4838377368"/>
  <tag k="addr:city" v="Subang Jaya"/>
  <tag k="addr:housenumber" v="PT 1379"/>
  <tag k="addr:postcode" v="47600"/>
  <tag k="addr:street" v="Jalan Subang 1"/>
  <tag k="amenity" v="school"/>
  <tag k="name" v="Sunway International School - Sunway City Kuala Lumpur Campus"/>
  <tag k="website" v="https://sunwayschools.edu.my/siskl/discover/sis-sunway-city-kl-campus"/>
 </way>
 <way id="884065001" visible="true" version="6" changeset="142167818" timestamp="2023-10-05T01:23:18Z" user="cnvery" uid="3627342">
  <nd ref="8221819824"/>
  <nd ref="8221819825"/>
  <nd ref="8221819826"/>
  <nd ref="5938211083"/>
  <nd ref="5938211084"/>
  <nd ref="8221819827"/>
  <nd ref="8223676555"/>
  <nd ref="8221819828"/>
  <nd ref="8221819829"/>
  <nd ref="8221819830"/>
  <nd ref="8221819942"/>
  <nd ref="8221819831"/>
  <nd ref="8221819832"/>
  <nd ref="8246600149"/>
  <nd ref="8221819833"/>
  <nd ref="8221819834"/>
  <nd ref="8221819835"/>
  <nd ref="8221819821"/>
  <nd ref="8221819836"/>
  <nd ref="8221819837"/>
  <nd ref="8221819838"/>
  <nd ref="8221819839"/>
  <nd ref="8221819840"/>
  <nd ref="8221819841"/>
  <nd ref="8221819843"/>
  <nd ref="8223583865"/>
  <nd ref="8221819824"/>
  <tag k="landuse" v="residential"/>
  <tag k="name" v="SS 13"/>
  <tag k="name:en" v="SS 13"/>
  <tag k="name:ms" v="SS 13"/>
  <tag k="place" v="quarter"/>
  <tag k="residential" v="urban"/>
  <tag k="source" v="https://openstreetcam.org/details/2704878/981"/>
 </way>
 <way id="884065008" visible="true" version="11" changeset="183080109" timestamp="2026-05-23T18:35:41Z" user="angys" uid="3191182">
  <nd ref="8221819920"/>
  <nd ref="8221819923"/>
  <nd ref="8221819924"/>
  <nd ref="8221819925"/>
  <nd ref="2210030497"/>
  <nd ref="8221819926"/>
  <nd ref="8221819927"/>
  <nd ref="8221819928"/>
  <nd ref="8221819929"/>
  <nd ref="8221819930"/>
  <nd ref="8221819931"/>
  <nd ref="8221819937"/>
  <nd ref="8221819932"/>
  <nd ref="8221819933"/>
  <nd ref="8221819936"/>
  <nd ref="8221819934"/>
  <nd ref="13567049553"/>
  <nd ref="13567049554"/>
  <nd ref="8221819935"/>
  <nd ref="7661637067"/>
  <nd ref="7661637068"/>
  <nd ref="8221819938"/>
  <nd ref="8221819939"/>
  <nd ref="8221819940"/>
  <nd ref="8221819941"/>
  <nd ref="8221819898"/>
  <nd ref="8221819899"/>
  <nd ref="8221819900"/>
  <nd ref="4272710104"/>
  <nd ref="8221819901"/>
  <nd ref="4272710105"/>
  <nd ref="8221819902"/>
  <nd ref="8221819903"/>
  <nd ref="8221819904"/>
  <nd ref="11862350546"/>
  <nd ref="8221819905"/>
  <nd ref="2210030931"/>
  <nd ref="8221820038"/>
  <nd ref="8221819906"/>
  <nd ref="8221820037"/>
  <nd ref="8221819907"/>
  <nd ref="7677579011"/>
  <nd ref="7677579010"/>
  <nd ref="7677579009"/>
  <nd ref="8221819908"/>
  <nd ref="2302498734"/>
  <nd ref="8221819911"/>
  <nd ref="11618909819"/>
  <nd ref="8221819912"/>
  <nd ref="13027722789"/>
  <nd ref="8221819913"/>
  <nd ref="8221819914"/>
 </way>
 <way id="884065009" visible="true" version="4" changeset="142615694" timestamp="2023-10-15T12:34:03Z" user="cnvery" uid="3627342">
  <nd ref="8221819942"/>
  <nd ref="8221819943"/>
  <nd ref="8221819944"/>
  <nd ref="2575458374"/>
  <nd ref="8221819945"/>
  <nd ref="2575458371"/>
  <nd ref="8221819832"/>
  <nd ref="8221819942"/>
  <tag k="landuse" v="industrial"/>
  <tag k="name" v="Subang Jaya Industrial Estate"/>
  <tag k="name:en" v="Subang Jaya Industrial Estate"/>
 </way>
 <way id="884065012" visible="true" version="3" changeset="177334335" timestamp="2026-01-17T12:56:04Z" user="angys" uid="3191182">
  <nd ref="8221819969"/>
  <nd ref="8221819970"/>
  <nd ref="8221819971"/>
  <nd ref="8221819972"/>
  <nd ref="8221819973"/>
  <nd ref="13462169340"/>
  <nd ref="13462169341"/>
  <nd ref="8221819975"/>
  <nd ref="8221819976"/>
  <nd ref="8221819977"/>
  <nd ref="8221819980"/>
  <nd ref="8221819979"/>
  <nd ref="8221819981"/>
  <nd ref="8221819978"/>
  <nd ref="8221819919"/>
  <nd ref="8221819918"/>
  <nd ref="8221819917"/>
  <nd ref="8221819916"/>
  <nd ref="8221819969"/>
  <tag k="landuse" v="industrial"/>
 </way>
 <way id="884065013" visible="true" version="4" changeset="149974482" timestamp="2024-04-14T02:09:13Z" user="rayth" uid="20026515">
  <nd ref="8221819978"/>
  <nd ref="8221819981"/>
  <nd ref="8221819982"/>
  <nd ref="8221819920"/>
  <nd ref="8221819978"/>
  <tag k="man_made" v="wastewater_plant"/>
 </way>
 <way id="884263205" visible="true" version="5" changeset="96440068" timestamp="2020-12-26T04:47:42Z" user="angys" uid="3191182">
  <nd ref="8258257225"/>
  <nd ref="8221819825"/>
  <nd ref="8221819826"/>
  <nd ref="5938211083"/>
  <nd ref="5938211084"/>
  <nd ref="8221819827"/>
  <nd ref="8223676555"/>
  <nd ref="8221819828"/>
  <nd ref="8221819829"/>
  <nd ref="8221819830"/>
  <nd ref="8221819832"/>
  <nd ref="8246600149"/>
  <nd ref="8221819833"/>
  <nd ref="8221819834"/>
  <nd ref="8221803812"/>
  <nd ref="8221803813"/>
  <nd ref="8221803814"/>
  <nd ref="7677561758"/>
  <nd ref="7677561759"/>
  <nd ref="7677561760"/>
  <nd ref="7677561761"/>
  <nd ref="7677561762"/>
  <nd ref="7677561763"/>
  <nd ref="7677561764"/>
  <nd ref="8221803815"/>
  <nd ref="2530919395"/>
  <nd ref="8221330165"/>
  <nd ref="8221330164"/>
  <nd ref="8221330163"/>
  <nd ref="8221330162"/>
  <nd ref="8221330166"/>
  <nd ref="2530919387"/>
  <nd ref="8221803765"/>
  <nd ref="8221803766"/>
  <nd ref="8221803767"/>
  <nd ref="8221803768"/>
  <nd ref="8221803769"/>
  <nd ref="8221803770"/>
  <nd ref="8221803771"/>
  <nd ref="8221803772"/>
  <nd ref="8221803773"/>
  <nd ref="8221803774"/>
  <nd ref="8221803775"/>
  <nd ref="8221803776"/>
 </way>
 <way id="884263206" visible="true" version="14" changeset="150623490" timestamp="2024-04-28T15:13:48Z" user="angys" uid="3191182">
  <nd ref="8258257224"/>
  <nd ref="2287654052"/>
  <nd ref="2287654760"/>
  <nd ref="8221464480"/>
  <nd ref="8221464479"/>
  <nd ref="8221443923"/>
  <nd ref="2288906544"/>
  <nd ref="2288905899"/>
  <nd ref="1498654202"/>
  <nd ref="1498654203"/>
  <nd ref="1498654229"/>
  <nd ref="1498654238"/>
  <nd ref="1498654247"/>
  <nd ref="1498654251"/>
  <nd ref="1498654273"/>
  <nd ref="1498654285"/>
  <nd ref="1498654284"/>
  <nd ref="2288904775"/>
  <nd ref="1498654320"/>
  <nd ref="8221464477"/>
  <nd ref="1498654324"/>
  <nd ref="1498654325"/>
  <nd ref="8221464476"/>
  <nd ref="2309133385"/>
  <nd ref="1498654328"/>
  <nd ref="1498654329"/>
  <nd ref="8221464474"/>
  <nd ref="8221464475"/>
  <nd ref="1498654339"/>
  <nd ref="1498654359"/>
  <nd ref="8221464473"/>
  <nd ref="8221464472"/>
  <nd ref="8221464471"/>
  <nd ref="8221464470"/>
  <nd ref="8221464469"/>
  <nd ref="8221464467"/>
  <nd ref="8221464466"/>
  <nd ref="8221464465"/>
  <nd ref="8221464464"/>
  <nd ref="8221464463"/>
  <nd ref="8221464462"/>
  <nd ref="8221464461"/>
  <nd ref="8221464460"/>
  <nd ref="8221464459"/>
  <nd ref="8221464458"/>
  <nd ref="8221464457"/>
  <nd ref="8221464456"/>
  <nd ref="8221464455"/>
  <nd ref="8221464454"/>
  <nd ref="8221464453"/>
  <nd ref="8221500985"/>
  <nd ref="8221500986"/>
  <nd ref="8221500987"/>
  <nd ref="8274307590"/>
  <nd ref="8221500996"/>
  <nd ref="8221500997"/>
  <nd ref="8221501002"/>
  <nd ref="8221522391"/>
  <nd ref="8221501003"/>
  <nd ref="8221501004"/>
  <nd ref="8221501006"/>
  <nd ref="8221501007"/>
  <nd ref="8221501008"/>
  <nd ref="8221522392"/>
  <nd ref="8221501009"/>
  <nd ref="8221501010"/>
  <nd ref="8221501011"/>
  <nd ref="8221501012"/>
  <nd ref="8221501014"/>
  <nd ref="8221501015"/>
  <nd ref="8221644163"/>
  <nd ref="8221644164"/>
  <nd ref="11452045521"/>
  <nd ref="11452045522"/>
  <nd ref="11452045523"/>
  <nd ref="11452045524"/>
  <nd ref="11452045525"/>
  <nd ref="11452045526"/>
  <nd ref="11452045527"/>
  <nd ref="11449534178"/>
 </way>
 <way id="884274988" visible="true" version="19" changeset="178589664" timestamp="2026-02-15T16:26:20Z" user="Tembikai" uid="5259280">
  <nd ref="8223664967"/>
  <nd ref="7661629343"/>
  <nd ref="7661629344"/>
  <nd ref="7661629345"/>
  <nd ref="7661629346"/>
  <nd ref="7661629347"/>
  <nd ref="7661629348"/>
  <nd ref="7661629349"/>
  <nd ref="7661629350"/>
  <nd ref="7661629351"/>
  <nd ref="8221819867"/>
  <nd ref="7661629352"/>
  <nd ref="4730337508"/>
  <nd ref="7661629322"/>
  <nd ref="7661629323"/>
  <nd ref="7661637048"/>
  <nd ref="2105360695"/>
  <nd ref="2105360704"/>
  <nd ref="2105360699"/>
  <nd ref="4730337519"/>
  <nd ref="4730337520"/>
  <nd ref="8223676550"/>
  <nd ref="12840439268"/>
  <nd ref="8549481213"/>
  <nd ref="8549481214"/>
  <nd ref="2204295282"/>
  <nd ref="8549289023"/>
  <nd ref="8549289022"/>
  <nd ref="8549272812"/>
  <nd ref="8549272811"/>
  <nd ref="2204295395"/>
  <nd ref="8549272810"/>
  <nd ref="8549272806"/>
  <nd ref="8549272809"/>
  <nd ref="8549272807"/>
  <nd ref="8549272808"/>
  <nd ref="2204295561"/>
  <nd ref="2204295804"/>
  <nd ref="2204295327"/>
  <nd ref="8549289020"/>
  <nd ref="2204295056"/>
  <nd ref="8549289021"/>
  <nd ref="2204295321"/>
  <nd ref="8221819880"/>
  <nd ref="8221819879"/>
  <nd ref="8221819878"/>
  <nd ref="8223676551"/>
  <nd ref="8223676552"/>
  <nd ref="8223676553"/>
  <nd ref="2210029767"/>
  <nd ref="2210031137"/>
  <nd ref="2210030148"/>
  <nd ref="2210030789"/>
  <nd ref="2210030395"/>
  <nd ref="8221819889"/>
  <nd ref="8221819890"/>
  <nd ref="8223676554"/>
  <nd ref="8221819941"/>
  <nd ref="8221819940"/>
  <nd ref="8221819939"/>
  <nd ref="8221819938"/>
  <nd ref="7661637068"/>
  <nd ref="7661637067"/>
  <nd ref="8221819935"/>
  <nd ref="13567049554"/>
  <nd ref="13567049553"/>
  <nd ref="8221819934"/>
  <nd ref="8221819936"/>
  <nd ref="8221819933"/>
  <nd ref="8221819932"/>
  <nd ref="8221819937"/>
  <nd ref="8221819931"/>
  <nd ref="8221819930"/>
  <nd ref="8221819929"/>
  <nd ref="8221819928"/>
  <nd ref="8221819927"/>
  <nd ref="8221819926"/>
  <nd ref="2210030497"/>
  <nd ref="2210031392"/>
  <nd ref="8221819925"/>
  <nd ref="8221819924"/>
  <nd ref="8221819923"/>
  <nd ref="8221819828"/>
  <nd ref="8223676555"/>
  <nd ref="8223676556"/>
  <nd ref="8221819920"/>
 </way>
 <way id="886866242" visible="true" version="1" changeset="96166683" timestamp="2020-12-21T05:16:49Z" user="banban_msm" uid="12230469">
  <nd ref="8246680704"/>
  <nd ref="8246680705"/>
  <nd ref="8246680706"/>
  <nd ref="8246680707"/>
  <nd ref="8246680704"/>
  <tag k="building" v="industrial"/>
 </way>
 <way id="886866246" visible="true" version="1" changeset="96166683" timestamp="2020-12-21T05:16:49Z" user="banban_msm" uid="12230469">
  <nd ref="8246681920"/>
  <nd ref="8246681921"/>
  <nd ref="8246681922"/>
  <nd ref="8246681923"/>
  <nd ref="8246681920"/>
  <tag k="building" v="industrial"/>
 </way>
 <way id="886866247" visible="true" version="1" changeset="96166683" timestamp="2020-12-21T05:16:49Z" user="banban_msm" uid="12230469">
  <nd ref="8246681924"/>
  <nd ref="8246681925"/>
  <nd ref="8246681926"/>
  <nd ref="8246681927"/>
  <nd ref="8246681924"/>
  <tag k="building" v="industrial"/>
 </way>
 <way id="886866248" visible="true" version="1" changeset="96166683" timestamp="2020-12-21T05:16:49Z" user="banban_msm" uid="12230469">
  <nd ref="8246681928"/>
  <nd ref="8246681929"/>
  <nd ref="8246681930"/>
  <nd ref="8246681931"/>
  <nd ref="8246681928"/>
  <tag k="building" v="industrial"/>
 </way>
 <way id="886866249" visible="true" version="1" changeset="96166683" timestamp="2020-12-21T05:16:49Z" user="banban_msm" uid="12230469">
  <nd ref="8246681932"/>
  <nd ref="8246681933"/>
  <nd ref="8246681934"/>
  <nd ref="8246681935"/>
  <nd ref="8246681932"/>
  <tag k="building" v="industrial"/>
 </way>
 <way id="886866250" visible="true" version="1" changeset="96166683" timestamp="2020-12-21T05:16:49Z" user="banban_msm" uid="12230469">
  <nd ref="8246681936"/>
  <nd ref="8246681937"/>
  <nd ref="8246681938"/>
  <nd ref="8246681939"/>
  <nd ref="8246681936"/>
  <tag k="building" v="industrial"/>
 </way>
 <way id="886866251" visible="true" version="1" changeset="96166683" timestamp="2020-12-21T05:16:49Z" user="banban_msm" uid="12230469">
  <nd ref="8246681940"/>
  <nd ref="8246681941"/>
  <nd ref="8246681942"/>
  <nd ref="8246681943"/>
  <nd ref="8246681940"/>
  <tag k="building" v="industrial"/>
 </way>
 <way id="886866257" visible="true" version="1" changeset="96166683" timestamp="2020-12-21T05:16:49Z" user="banban_msm" uid="12230469">
  <nd ref="8246681964"/>
  <nd ref="8246681965"/>
  <nd ref="8246681966"/>
  <nd ref="8246681967"/>
  <nd ref="8246681964"/>
  <tag k="building" v="industrial"/>
 </way>
 <way id="886986681" visible="true" version="1" changeset="96196761" timestamp="2020-12-21T12:49:52Z" user="banban_msm" uid="12230469">
  <nd ref="8247824940"/>
  <nd ref="8247824941"/>
  <nd ref="8247824942"/>
  <nd ref="8247824943"/>
  <nd ref="8247824940"/>
  <tag k="building" v="yes"/>
 </way>
 <way id="888532995" visible="true" version="1" changeset="96439721" timestamp="2020-12-26T04:04:26Z" user="banban_msm" uid="12230469">
  <nd ref="8260941760"/>
  <nd ref="2210132849"/>
  <tag k="waterway" v="drain"/>
 </way>
 <way id="895404561" visible="true" version="3" changeset="97528282" timestamp="2021-01-15T04:49:35Z" user="banban_msm" uid="12230469">
  <nd ref="8323140200"/>
  <nd ref="8323140201"/>
  <nd ref="8323140202"/>
  <nd ref="8323140203"/>
  <nd ref="8323140204"/>
  <nd ref="8323185573"/>
  <nd ref="8323185574"/>
  <nd ref="8323185572"/>
  <nd ref="8323185566"/>
  <nd ref="8323185570"/>
  <nd ref="8323185569"/>
  <nd ref="8323185571"/>
  <nd ref="8323185567"/>
  <nd ref="8323185568"/>
  <nd ref="8323140205"/>
  <nd ref="8323140206"/>
  <nd ref="8323140207"/>
  <nd ref="8323140208"/>
  <nd ref="8323140209"/>
  <nd ref="8323140210"/>
  <nd ref="8323140211"/>
  <nd ref="8323140200"/>
  <tag k="landcover" v="trees"/>
  <tag k="leaf_cycle" v="evergreen"/>
  <tag k="leaf_type" v="broadleaved"/>
  <tag k="natural" v="wood"/>
 </way>
 <way id="895408614" visible="true" version="3" changeset="147414135" timestamp="2024-02-13T15:35:00Z" user="angys" uid="3191182">
  <nd ref="8323185587"/>
  <nd ref="8323185596"/>
  <nd ref="8323185588"/>
  <nd ref="8323185591"/>
  <nd ref="8323185594"/>
  <nd ref="8323185593"/>
  <nd ref="8323185592"/>
  <nd ref="8323185589"/>
  <nd ref="8323185595"/>
  <nd ref="8323185590"/>
  <nd ref="8323185598"/>
  <nd ref="8323185601"/>
  <nd ref="8323185600"/>
  <nd ref="8323185603"/>
  <nd ref="8323185604"/>
  <nd ref="8323185606"/>
  <nd ref="11618921269"/>
  <nd ref="8323185607"/>
  <nd ref="8323185609"/>
  <nd ref="8323185608"/>
  <nd ref="8323185605"/>
  <nd ref="8323185602"/>
  <nd ref="8323185599"/>
  <nd ref="8323185597"/>
  <nd ref="8323185587"/>
  <tag k="landcover" v="trees"/>
  <tag k="leaf_cycle" v="evergreen"/>
  <tag k="leaf_type" v="broadleaved"/>
  <tag k="natural" v="wood"/>
 </way>
 <way id="930746843" visible="true" version="2" changeset="145588119" timestamp="2023-12-27T18:32:29Z" user="velaia" uid="94104">
  <nd ref="8629855833"/>
  <nd ref="8629855832"/>
  <nd ref="8629855831"/>
  <nd ref="8629855830"/>
  <nd ref="8629855829"/>
  <nd ref="8629855828"/>
  <nd ref="8629855827"/>
  <nd ref="8629855826"/>
  <nd ref="11460194868"/>
  <nd ref="8629855825"/>
  <nd ref="8629855824"/>
  <nd ref="8629855823"/>
  <nd ref="8629855822"/>
  <nd ref="8629855821"/>
  <nd ref="8629855820"/>
  <nd ref="8629855819"/>
  <nd ref="8629855818"/>
  <nd ref="8629855817"/>
  <nd ref="8629837016"/>
  <nd ref="8629837015"/>
  <nd ref="8629837014"/>
  <nd ref="8629837013"/>
  <nd ref="4123561900"/>
  <nd ref="8629837012"/>
  <nd ref="8629837011"/>
  <nd ref="8629837010"/>
  <nd ref="8629837009"/>
  <nd ref="8629837008"/>
  <nd ref="8629837007"/>
  <nd ref="8629837006"/>
  <nd ref="8629837005"/>
  <nd ref="8629837004"/>
  <nd ref="8629837003"/>
  <nd ref="8629837002"/>
  <nd ref="8629837001"/>
  <nd ref="8629837000"/>
  <nd ref="8629836999"/>
  <nd ref="8629836998"/>
  <nd ref="8629836997"/>
  <nd ref="2210029905"/>
  <tag k="highway" v="footway"/>
 </way>
 <way id="930951374" visible="true" version="2" changeset="130313565" timestamp="2022-12-21T04:21:48Z" user="kucai" uid="536853">
  <nd ref="8631660965"/>
  <nd ref="8631660964"/>
  <nd ref="8631660958"/>
  <nd ref="8631660956"/>
  <nd ref="5938211187"/>
  <nd ref="8221819860"/>
  <nd ref="8631660961"/>
  <tag k="highway" v="service"/>
 </way>
 <way id="1008780195" visible="true" version="4" changeset="164053664" timestamp="2025-03-24T22:11:20Z" user="nathanielcwm" uid="21303943">
  <nd ref="9307728265"/>
  <nd ref="9307728259"/>
  <nd ref="9307728258"/>
  <nd ref="9307728264"/>
  <nd ref="9307728263"/>
  <nd ref="9307728262"/>
  <nd ref="9307728261"/>
  <nd ref="9307728260"/>
  <nd ref="9307728265"/>
  <tag k="building" v="university"/>
  <tag k="building:levels" v="2"/>
  <tag k="layer" v="3"/>
  <tag k="name" v="Link Deck"/>
  <tag k="name:en" v="Link Deck"/>
  <tag k="roof:levels" v="1"/>
 </way>
 <way id="1084717681" visible="true" version="3" changeset="187125269" timestamp="2026-08-08T09:52:09Z" user="Zh9567" uid="9940138">
  <nd ref="9939831405"/>
  <nd ref="9939831406"/>
  <nd ref="11618921293"/>
  <nd ref="14079990096"/>
  <nd ref="9939831407"/>
  <nd ref="9939831408"/>
  <nd ref="9939831409"/>
  <nd ref="9939831410"/>
  <nd ref="9939831411"/>
  <nd ref="9939831412"/>
  <nd ref="9939831405"/>
  <tag k="building" v="school"/>
 </way>
 <way id="1084717682" visible="true" version="2" changeset="180490848" timestamp="2026-03-27T08:44:54Z" user="GrabMY_ainayusof" uid="9658463">
  <nd ref="9939831413"/>
  <nd ref="13684206507"/>
  <nd ref="9939831414"/>
  <nd ref="9939831415"/>
  <nd ref="9939831416"/>
  <tag k="highway" v="service"/>
  <tag k="oneway" v="yes"/>
 </way>
 <way id="1116586917" visible="true" version="2" changeset="142615694" timestamp="2023-10-15T12:34:03Z" user="cnvery" uid="3627342">
  <nd ref="676645016"/>
  <nd ref="2210132744"/>
  <tag k="highway" v="motorway"/>
  <tag k="lanes" v="4"/>
  <tag k="maxspeed" v="90"/>
  <tag k="name" v="Lebuhraya Shah Alam"/>
  <tag k="name:en" v="Shah Alam Expressway"/>
  <tag k="name:ms" v="Lebuhraya Shah Alam"/>
  <tag k="oneway" v="yes"/>
  <tag k="ref" v="E5"/>
  <tag k="short_name" v="KESAS"/>
  <tag k="source" v="Bing"/>
  <tag k="wikipedia" v="en:Shah Alam Expressway"/>
 </way>
 <way id="1120344221" visible="true" version="3" changeset="152397016" timestamp="2024-06-08T01:14:46Z" user="nathanielcwm" uid="21303943">
  <nd ref="10246863469"/>
  <nd ref="10246863470"/>
  <nd ref="10246863471"/>
  <nd ref="10246863472"/>
  <nd ref="10246863473"/>
  <nd ref="10246863474"/>
  <nd ref="10246863475"/>
  <nd ref="10246863476"/>
  <nd ref="10246863469"/>
  <tag k="amenity" v="parking"/>
  <tag k="parking" v="surface"/>
 </way>
 <way id="1152326519" visible="true" version="2" changeset="149959762" timestamp="2024-04-13T16:34:39Z" user="nathanielcwm" uid="21303943">
  <nd ref="10718239143"/>
  <nd ref="10718239158"/>
  <nd ref="10718239159"/>
  <nd ref="10718239144"/>
  <nd ref="10718239145"/>
  <nd ref="10718239146"/>
  <nd ref="10718239147"/>
  <nd ref="10718239148"/>
  <nd ref="10718239149"/>
  <nd ref="10718239150"/>
  <nd ref="10718239151"/>
  <nd ref="10718239152"/>
  <nd ref="10718239153"/>
  <nd ref="10718239154"/>
  <nd ref="10718239155"/>
  <nd ref="10718239157"/>
  <nd ref="10718239156"/>
  <tag k="highway" v="service"/>
  <tag k="oneway" v="yes"/>
  <tag k="surface" v="paving_stones"/>
 </way>
 <way id="1152326520" visible="true" version="2" changeset="152370888" timestamp="2024-06-07T11:09:54Z" user="nathanielcwm" uid="21303943">
  <nd ref="10718239142"/>
  <nd ref="10718239143"/>
  <tag k="highway" v="service"/>
  <tag k="oneway" v="yes"/>
  <tag k="surface" v="paving_stones"/>
 </way>
 <way id="1152326521" visible="true" version="1" changeset="133388114" timestamp="2023-03-07T05:18:13Z" user="GrabMY_FaizDjamil" uid="6458217">
  <nd ref="10718239144"/>
  <nd ref="7231737890"/>
  <nd ref="10718239160"/>
  <nd ref="10718239161"/>
  <nd ref="10718239162"/>
  <nd ref="10718239163"/>
  <nd ref="10718239164"/>
  <nd ref="10718239165"/>
  <tag k="highway" v="service"/>
 </way>
 <way id="1152326614" visible="true" version="3" changeset="157574200" timestamp="2024-10-07T09:57:59Z" user="GrabMY_ainayusof" uid="9658463">
  <nd ref="7053839570"/>
  <nd ref="2210133602"/>
  <nd ref="2210133085"/>
  <nd ref="2210133091"/>
  <nd ref="2210133383"/>
  <nd ref="2210132930"/>
  <nd ref="2210133231"/>
  <nd ref="2210133202"/>
  <nd ref="2210133218"/>
  <nd ref="2210133174"/>
  <nd ref="2210133374"/>
  <nd ref="2210132958"/>
  <nd ref="2210133423"/>
  <nd ref="2210133217"/>
  <nd ref="2210133687"/>
  <nd ref="2210132943"/>
  <nd ref="2210133519"/>
  <tag k="access" v="private"/>
  <tag k="highway" v="service"/>
  <tag k="surface" v="paving_stones"/>
 </way>
 <way id="1152326615" visible="true" version="2" changeset="164053645" timestamp="2025-03-24T22:10:53Z" user="nathanielcwm" uid="21303943">
  <nd ref="2210133519"/>
  <nd ref="7231737888"/>
  <nd ref="7231737893"/>
  <nd ref="7231737896"/>
  <tag k="bridge" v="yes"/>
  <tag k="highway" v="footway"/>
  <tag k="indoor" v="yes"/>
  <tag k="layer" v="1"/>
 </way>
 <way id="1152327002" visible="true" version="2" changeset="134179938" timestamp="2023-03-27T14:15:40Z" user="rat_lorand_grab" uid="10678755">
  <nd ref="4123498067"/>
  <nd ref="2210132796"/>
  <nd ref="7993603238"/>
  <tag k="highway" v="secondary"/>
  <tag k="lanes" v="3"/>
  <tag k="oneway" v="yes"/>
  <tag k="turn:lanes" v="through|through|through"/>
 </way>
 <way id="1154419882" visible="true" version="3" changeset="161984875" timestamp="2025-01-31T17:10:55Z" user="ChromeLotus" uid="12491759">
  <nd ref="10736296303"/>
  <nd ref="10736296302"/>
  <nd ref="2210948308"/>
  <nd ref="10736296301"/>
  <nd ref="10736296300"/>
  <nd ref="10736296299"/>
  <nd ref="10736296297"/>
  <nd ref="10736296295"/>
  <tag k="destination" v="Sunway International School"/>
  <tag k="highway" v="motorway_link"/>
  <tag k="oneway" v="yes"/>
 </way>
 <way id="1154419884" visible="true" version="2" changeset="161984875" timestamp="2025-01-31T17:10:55Z" user="ChromeLotus" uid="12491759">
  <nd ref="10736315107"/>
  <nd ref="10736315106"/>
  <nd ref="10736315105"/>
  <nd ref="10736296304"/>
  <nd ref="10736296303"/>
  <tag k="bridge" v="yes"/>
  <tag k="destination" v="Sunway International School"/>
  <tag k="highway" v="motorway_link"/>
  <tag k="layer" v="1"/>
  <tag k="oneway" v="yes"/>
 </way>
 <way id="1157696494" visible="true" version="4" changeset="134436861" timestamp="2023-04-03T05:10:05Z" user="rat_lorand_grab" uid="10678755">
  <nd ref="2210133501"/>
  <nd ref="2210133562"/>
  <tag k="highway" v="secondary"/>
  <tag k="lane_markings" v="no"/>
  <tag k="oneway" v="yes"/>
 </way>
 <way id="1157696495" visible="true" version="1" changeset="134179938" timestamp="2023-03-27T14:15:40Z" user="rat_lorand_grab" uid="10678755">
  <nd ref="7993603238"/>
  <nd ref="2210133501"/>
  <tag k="highway" v="secondary"/>
  <tag k="lanes" v="2"/>
  <tag k="oneway" v="yes"/>
  <tag k="turn:lanes" v="right|right"/>
 </way>
 <way id="1157697966" visible="true" version="1" changeset="134180213" timestamp="2023-03-27T14:23:25Z" user="rat_lorand_grab" uid="10678755">
  <nd ref="4123498062"/>
  <nd ref="4123498068"/>
  <tag k="highway" v="secondary"/>
  <tag k="lanes" v="1"/>
  <tag k="oneway" v="yes"/>
  <tag k="turn:lanes" v="through"/>
 </way>
 <way id="1157697967" visible="true" version="1" changeset="134180213" timestamp="2023-03-27T14:23:25Z" user="rat_lorand_grab" uid="10678755">
  <nd ref="10766387111"/>
  <nd ref="2210133237"/>
  <tag k="highway" v="secondary"/>
  <tag k="lanes" v="2"/>
  <tag k="oneway" v="yes"/>
 </way>
 <way id="1157697968" visible="true" version="1" changeset="134180213" timestamp="2023-03-27T14:23:25Z" user="rat_lorand_grab" uid="10678755">
  <nd ref="7993603231"/>
  <nd ref="10766387111"/>
  <tag k="highway" v="secondary"/>
  <tag k="lanes" v="3"/>
  <tag k="oneway" v="yes"/>
  <tag k="turn:lanes" v="merge_to_right||"/>
 </way>
 <way id="1157697969" visible="true" version="1" changeset="134180213" timestamp="2023-03-27T14:23:25Z" user="rat_lorand_grab" uid="10678755">
  <nd ref="2210133223"/>
  <nd ref="7993603231"/>
  <tag k="highway" v="secondary"/>
  <tag k="lanes" v="2"/>
  <tag k="oneway" v="yes"/>
 </way>
 <way id="1157697970" visible="true" version="3" changeset="134436861" timestamp="2023-04-03T05:10:05Z" user="rat_lorand_grab" uid="10678755">
  <nd ref="2210133573"/>
  <nd ref="2210133223"/>
  <tag k="highway" v="secondary"/>
  <tag k="lane_markings" v="no"/>
  <tag k="oneway" v="yes"/>
 </way>
 <way id="1157843039" visible="true" version="1" changeset="134202778" timestamp="2023-03-28T05:37:43Z" user="rat_lorand_grab" uid="10678755">
  <nd ref="10767796000"/>
  <nd ref="10767795999"/>
  <nd ref="10767795998"/>
  <nd ref="10767795997"/>
  <nd ref="4123497994"/>
  <tag k="highway" v="motorway_link"/>
  <tag k="oneway" v="yes"/>
 </way>
 <way id="1157843040" visible="true" version="1" changeset="134202778" timestamp="2023-03-28T05:37:43Z" user="rat_lorand_grab" uid="10678755">
  <nd ref="10767796000"/>
  <nd ref="2210132847"/>
  <tag k="highway" v="residential"/>
  <tag k="lanes" v="2"/>
  <tag k="name" v="Persiaran Tasik Barat"/>
  <tag k="oneway" v="yes"/>
  <tag k="turn:lanes" v="right|right"/>
 </way>
 <way id="1161027829" visible="true" version="4" changeset="154514905" timestamp="2024-07-28T10:51:41Z" user="nathanielcwm" uid="21303943">
  <nd ref="4123498066"/>
  <nd ref="4123498120"/>
  <nd ref="4123498069"/>
  <nd ref="4123498070"/>
  <nd ref="4123498071"/>
  <nd ref="4123498072"/>
  <nd ref="4123498073"/>
  <nd ref="4123498074"/>
  <nd ref="4123498077"/>
  <nd ref="4123498078"/>
  <nd ref="4123498079"/>
  <nd ref="4123498080"/>
  <nd ref="4123498081"/>
  <nd ref="4123498082"/>
  <tag k="highway" v="residential"/>
  <tag k="lanes" v="2"/>
  <tag k="name" v="Persiaran Tasik Barat"/>
  <tag k="name:ms" v="Persiaran Tasik Barat"/>
  <tag k="oneway" v="yes"/>
  <tag k="surface" v="paving_stones"/>
 </way>
 <way id="1161027830" visible="true" version="3" changeset="187271444" timestamp="2026-08-11T08:43:42Z" user="Zh9567" uid="9940138">
  <nd ref="4123497463"/>
  <nd ref="2210133025"/>
  <nd ref="4123497464"/>
  <nd ref="2210133416"/>
  <nd ref="2210133517"/>
  <nd ref="2210132721"/>
  <nd ref="2210133131"/>
  <tag k="bridge" v="yes"/>
  <tag k="highway" v="motorway_link"/>
  <tag k="lanes" v="1"/>
  <tag k="layer" v="1"/>
  <tag k="oneway" v="yes"/>
 </way>
 <way id="1230755567" visible="true" version="3" changeset="158408922" timestamp="2024-10-27T11:40:16Z" user="nathanielcwm" uid="21303943">
  <nd ref="4123498088"/>
  <nd ref="11413966451"/>
  <nd ref="11413966450"/>
  <tag k="handrail" v="yes"/>
  <tag k="highway" v="steps"/>
  <tag k="incline" v="up"/>
 </way>
 <way id="1230755568" visible="true" version="1" changeset="145060037" timestamp="2023-12-13T04:31:28Z" user="velaia" uid="94104">
  <nd ref="11413966450"/>
  <nd ref="7231706195"/>
  <tag k="highway" v="footway"/>
 </way>
 <way id="1238282923" visible="true" version="5" changeset="152370930" timestamp="2024-06-07T11:14:51Z" user="nathanielcwm" uid="21303943">
  <nd ref="11502851960"/>
  <nd ref="11502851959"/>
  <nd ref="11502851958"/>
  <nd ref="11502851957"/>
  <nd ref="11502851956"/>
  <nd ref="11502851955"/>
  <nd ref="11502851954"/>
  <nd ref="11502851953"/>
  <nd ref="11502851952"/>
  <nd ref="11502851951"/>
  <nd ref="11502851950"/>
  <nd ref="11502851949"/>
  <nd ref="11502851948"/>
  <nd ref="11502851947"/>
  <nd ref="11502851946"/>
  <nd ref="11502851945"/>
  <nd ref="11502851944"/>
  <nd ref="11502851943"/>
  <nd ref="11502851942"/>
  <nd ref="11502851941"/>
  <nd ref="11502851940"/>
  <nd ref="11502851939"/>
  <nd ref="11502851938"/>
  <nd ref="11502851937"/>
  <nd ref="11502851936"/>
  <nd ref="11502851935"/>
  <nd ref="11502851934"/>
  <nd ref="11502851933"/>
  <nd ref="11502851960"/>
  <tag k="addr:city" v="Subang Jaya"/>
  <tag k="addr:postcode" v="47500"/>
  <tag k="addr:street" v="Persiaran Tasik Barat"/>
  <tag k="building" v="dormitory"/>
  <tag k="name" v="Sunway Waterfront Residence"/>
  <tag k="nohousenumber" v="yes"/>
  <tag k="old_name" v="Nook Co-Living"/>
 </way>
 <way id="1242213837" visible="true" version="1" changeset="146592830" timestamp="2024-01-23T13:17:01Z" user="mataharimau" uid="17227421">
  <nd ref="8221819914"/>
  <nd ref="8221819915"/>
  <nd ref="8221819969"/>
  <nd ref="8221819916"/>
  <nd ref="8221819917"/>
  <nd ref="8221819918"/>
  <nd ref="8221819919"/>
  <nd ref="8221819978"/>
  <nd ref="8221819920"/>
 </way>
 <way id="1253111325" visible="true" version="5" changeset="151249102" timestamp="2024-05-13T04:53:14Z" user="GrabMY_ashikinshamshul" uid="9502891">
  <nd ref="11654988480"/>
  <nd ref="677584102"/>
  <nd ref="2210133183"/>
  <tag k="addr:postcode" v="47500"/>
  <tag k="bicycle" v="yes"/>
  <tag k="foot" v="yes"/>
  <tag k="highway" v="secondary"/>
  <tag k="lanes" v="2"/>
  <tag k="maxheight" v="5.4"/>
  <tag k="maxheight:signed" v="no"/>
  <tag k="name" v="Jalan Lagoon Selatan"/>
  <tag k="name:ms" v="Jalan Lagoon Selatan"/>
  <tag k="note" v="Subang Jaya"/>
  <tag k="oneway" v="yes"/>
  <tag k="source" v="Bing"/>
  <tag k="surface" v="paving_stones"/>
 </way>
 <way id="1254810078" visible="true" version="1" changeset="147920810" timestamp="2024-02-26T08:25:25Z" user="GrabMY_ashikinshamshul" uid="9502891">
  <nd ref="8010907987"/>
  <nd ref="11664654718"/>
  <nd ref="11664654719"/>
  <tag k="highway" v="service"/>
 </way>
 <way id="1272356071" visible="true" version="2" changeset="182382462" timestamp="2026-05-08T13:22:43Z" user="BroharrisCanal" uid="17826795">
  <nd ref="5732929775"/>
  <nd ref="13808364668"/>
  <nd ref="13808364669"/>
  <nd ref="13808364670"/>
  <nd ref="13808364671"/>
  <nd ref="5735853092"/>
  <tag k="highway" v="service"/>
 </way>
 <way id="1282343423" visible="true" version="1" changeset="151249102" timestamp="2024-05-13T04:53:14Z" user="GrabMY_ashikinshamshul" uid="9502891">
  <nd ref="2210132675"/>
  <nd ref="2210132669"/>
  <tag k="highway" v="service"/>
  <tag k="oneway" v="yes"/>
  <tag k="surface" v="asphalt"/>
 </way>
 <way id="1282343424" visible="true" version="1" changeset="151249102" timestamp="2024-05-13T04:53:14Z" user="GrabMY_ashikinshamshul" uid="9502891">
  <nd ref="2210132675"/>
  <nd ref="2210133147"/>
  <tag k="bicycle" v="yes"/>
  <tag k="foot" v="yes"/>
  <tag k="highway" v="secondary"/>
  <tag k="lanes" v="2"/>
  <tag k="name" v="Jalan Lagoon Selatan"/>
  <tag k="name:ms" v="Jalan Lagoon Selatan"/>
  <tag k="oneway" v="yes"/>
  <tag k="surface" v="paving_stones"/>
 </way>
 <way id="1282343425" visible="true" version="1" changeset="151249102" timestamp="2024-05-13T04:53:14Z" user="GrabMY_ashikinshamshul" uid="9502891">
  <nd ref="2210133147"/>
  <nd ref="2210133183"/>
  <tag k="highway" v="service"/>
  <tag k="oneway" v="yes"/>
  <tag k="surface" v="asphalt"/>
 </way>
 <way id="1282343426" visible="true" version="2" changeset="158437991" timestamp="2024-10-28T03:12:59Z" user="GrabMY_ainayusof" uid="9658463">
  <nd ref="2210133147"/>
  <nd ref="2210132695"/>
  <tag k="bicycle" v="yes"/>
  <tag k="foot" v="yes"/>
  <tag k="highway" v="secondary"/>
  <tag k="lanes" v="2"/>
  <tag k="name" v="Jalan Lagoon Selatan"/>
  <tag k="name:ms" v="Jalan Lagoon Selatan"/>
  <tag k="oneway" v="yes"/>
  <tag k="surface" v="paving_stones"/>
 </way>
 <way id="1282343427" visible="true" version="1" changeset="151249102" timestamp="2024-05-13T04:53:14Z" user="GrabMY_ashikinshamshul" uid="9502891">
  <nd ref="2210133494"/>
  <nd ref="2210132675"/>
  <tag k="bicycle" v="yes"/>
  <tag k="foot" v="yes"/>
  <tag k="highway" v="secondary"/>
  <tag k="lanes" v="2"/>
  <tag k="name" v="Jalan Lagoon Selatan"/>
  <tag k="name:ms" v="Jalan Lagoon Selatan"/>
  <tag k="oneway" v="yes"/>
  <tag k="surface" v="paving_stones"/>
 </way>
 <way id="1282343428" visible="true" version="1" changeset="151249102" timestamp="2024-05-13T04:53:14Z" user="GrabMY_ashikinshamshul" uid="9502891">
  <nd ref="2210133183"/>
  <nd ref="677584109"/>
  <nd ref="2210133363"/>
  <tag k="addr:postcode" v="47500"/>
  <tag k="bicycle" v="yes"/>
  <tag k="foot" v="yes"/>
  <tag k="highway" v="secondary"/>
  <tag k="lanes" v="2"/>
  <tag k="maxheight" v="5.4"/>
  <tag k="maxheight:signed" v="no"/>
  <tag k="name" v="Jalan Lagoon Selatan"/>
  <tag k="name:ms" v="Jalan Lagoon Selatan"/>
  <tag k="note" v="Subang Jaya"/>
  <tag k="oneway" v="yes"/>
  <tag k="source" v="Bing"/>
  <tag k="surface" v="paving_stones"/>
 </way>
 <way id="1282343429" visible="true" version="1" changeset="151249102" timestamp="2024-05-13T04:53:14Z" user="GrabMY_ashikinshamshul" uid="9502891">
  <nd ref="2210133158"/>
  <nd ref="2210133147"/>
  <tag k="highway" v="service"/>
  <tag k="oneway" v="yes"/>
  <tag k="surface" v="asphalt"/>
 </way>
 <way id="1282343430" visible="true" version="1" changeset="151249102" timestamp="2024-05-13T04:53:14Z" user="GrabMY_ashikinshamshul" uid="9502891">
  <nd ref="2210132669"/>
  <nd ref="2210133696"/>
  <nd ref="2210132724"/>
  <tag k="highway" v="service"/>
  <tag k="oneway" v="yes"/>
  <tag k="surface" v="asphalt"/>
 </way>
 <way id="1282343431" visible="true" version="3" changeset="158437991" timestamp="2024-10-28T03:12:59Z" user="GrabMY_ainayusof" uid="9658463">
  <nd ref="2210133363"/>
  <nd ref="2210133562"/>
  <tag k="addr:postcode" v="47500"/>
  <tag k="bicycle" v="yes"/>
  <tag k="foot" v="yes"/>
  <tag k="highway" v="secondary"/>
  <tag k="lanes" v="2"/>
  <tag k="maxheight" v="5.4"/>
  <tag k="maxheight:signed" v="no"/>
  <tag k="name" v="Jalan Lagoon Selatan"/>
  <tag k="name:ms" v="Jalan Lagoon Selatan"/>
  <tag k="note" v="Subang Jaya"/>
  <tag k="oneway" v="yes"/>
  <tag k="source" v="Bing"/>
  <tag k="surface" v="paving_stones"/>
 </way>
 <way id="1290210851" visible="true" version="1" changeset="152368622" timestamp="2024-06-07T10:17:37Z" user="nathanielcwm" uid="21303943">
  <nd ref="11962459921"/>
  <nd ref="11962459922"/>
  <nd ref="11962459923"/>
  <nd ref="11962459924"/>
  <nd ref="11962459921"/>
  <tag k="access" v="private"/>
  <tag k="leisure" v="swimming_pool"/>
  <tag k="level" v="1"/>
  <tag k="lit" v="no"/>
  <tag k="location" v="outdoor"/>
 </way>
 <way id="1290219814" visible="true" version="1" changeset="152370207" timestamp="2024-06-07T10:53:00Z" user="nathanielcwm" uid="21303943">
  <nd ref="11962552771"/>
  <nd ref="11962552772"/>
  <nd ref="11962552773"/>
  <nd ref="11962552774"/>
  <nd ref="11962552775"/>
  <nd ref="11962552776"/>
  <nd ref="11962552777"/>
  <nd ref="11962552778"/>
  <nd ref="11962552779"/>
  <nd ref="11962552780"/>
  <nd ref="11962552771"/>
  <tag k="addr:city" v="Subang Jaya"/>
  <tag k="addr:postcode" v="47500"/>
  <tag k="addr:street" v="Persiaran Tasik Barat"/>
  <tag k="fixme" v="I only did a very rough drawing of the area and a better one has to be made."/>
  <tag k="landuse" v="residential"/>
  <tag k="name" v="Sunway Waterfront Residence"/>
  <tag k="old_name" v="Sunway Monash Residence;Nook Co-Living"/>
  <tag k="operator" v="Sunway College"/>
  <tag k="residential" v="apartments"/>
 </way>
 <way id="1292548275" visible="true" version="1" changeset="152705603" timestamp="2024-06-15T04:55:08Z" user="Zh9567" uid="9940138">
  <nd ref="11982360043"/>
  <nd ref="11982359848"/>
  <nd ref="11982359887"/>
  <nd ref="11982359856"/>
  <nd ref="11982360043"/>
  <tag k="building" v="retail"/>
  <tag k="building:levels" v="2"/>
 </way>
 <way id="1292548276" visible="true" version="1" changeset="152705603" timestamp="2024-06-15T04:55:08Z" user="Zh9567" uid="9940138">
  <nd ref="11982359825"/>
  <nd ref="11982360022"/>
  <nd ref="11982360276"/>
  <nd ref="11982359866"/>
  <nd ref="11982359825"/>
  <tag k="building" v="retail"/>
 </way>
 <way id="1292548280" visible="true" version="1" changeset="152705603" timestamp="2024-06-15T04:55:08Z" user="Zh9567" uid="9940138">
  <nd ref="11982360170"/>
  <nd ref="11982359865"/>
  <nd ref="11982360020"/>
  <nd ref="11982359821"/>
  <nd ref="11982360170"/>
  <tag k="building" v="retail"/>
  <tag k="building:levels" v="2"/>
  <tag k="roof:levels" v="0"/>
 </way>
 <way id="1292548297" visible="true" version="1" changeset="152705603" timestamp="2024-06-15T04:55:08Z" user="Zh9567" uid="9940138">
  <nd ref="11982360167"/>
  <nd ref="11982360084"/>
  <nd ref="11982360122"/>
  <nd ref="11982359934"/>
  <nd ref="11982360167"/>
  <tag k="building" v="retail"/>
 </way>
 <way id="1292548299" visible="true" version="1" changeset="152705603" timestamp="2024-06-15T04:55:08Z" user="Zh9567" uid="9940138">
  <nd ref="11982360094"/>
  <nd ref="11982360019"/>
  <nd ref="11982360169"/>
  <nd ref="11982360245"/>
  <nd ref="11982360094"/>
  <tag k="building" v="retail"/>
 </way>
 <way id="1292548300" visible="true" version="1" changeset="152705603" timestamp="2024-06-15T04:55:08Z" user="Zh9567" uid="9940138">
  <nd ref="11982360246"/>
  <nd ref="11982360170"/>
  <nd ref="11982359821"/>
  <nd ref="11982359903"/>
  <nd ref="11982360246"/>
  <tag k="building" v="retail"/>
  <tag k="building:levels" v="2"/>
  <tag k="roof:levels" v="0"/>
 </way>
 <way id="1292548304" visible="true" version="1" changeset="152705603" timestamp="2024-06-15T04:55:08Z" user="Zh9567" uid="9940138">
  <nd ref="11982360248"/>
  <nd ref="11982359949"/>
  <nd ref="11982360099"/>
  <nd ref="11982359906"/>
  <nd ref="11982360248"/>
  <tag k="building" v="retail"/>
  <tag k="building:levels" v="2"/>
 </way>
 <way id="1292548309" visible="true" version="1" changeset="152705603" timestamp="2024-06-15T04:55:08Z" user="Zh9567" uid="9940138">
  <nd ref="11982360241"/>
  <nd ref="11982360163"/>
  <nd ref="11982360206"/>
  <nd ref="11982360012"/>
  <nd ref="11982360241"/>
  <tag k="building" v="retail"/>
 </way>
 <way id="1292548314" visible="true" version="1" changeset="152705603" timestamp="2024-06-15T04:55:08Z" user="Zh9567" uid="9940138">
  <nd ref="11982360210"/>
  <nd ref="11982360179"/>
  <nd ref="11982359831"/>
  <nd ref="11982359864"/>
  <nd ref="11982360210"/>
  <tag k="building" v="retail"/>
 </way>
 <way id="1292548317" visible="true" version="1" changeset="152705603" timestamp="2024-06-15T04:55:08Z" user="Zh9567" uid="9940138">
  <nd ref="11982359901"/>
  <nd ref="11982360094"/>
  <nd ref="11982360245"/>
  <nd ref="11982360056"/>
  <nd ref="11982359901"/>
  <tag k="building" v="retail"/>
 </way>
 <way id="1292548318" visible="true" version="1" changeset="152705603" timestamp="2024-06-15T04:55:08Z" user="Zh9567" uid="9940138">
  <nd ref="11982360033"/>
  <nd ref="11982360220"/>
  <nd ref="11982359876"/>
  <nd ref="11982360182"/>
  <nd ref="11982360033"/>
  <tag k="building" v="retail"/>
  <tag k="building:levels" v="2"/>
  <tag k="roof:levels" v="0"/>
 </way>
 <way id="1292548322" visible="true" version="1" changeset="152705603" timestamp="2024-06-15T04:55:08Z" user="Zh9567" uid="9940138">
  <nd ref="11982359867"/>
  <nd ref="11982360059"/>
  <nd ref="11982360212"/>
  <nd ref="11982360023"/>
  <nd ref="11982359867"/>
  <tag k="building" v="retail"/>
  <tag k="building:levels" v="2"/>
 </way>
 <way id="1292548327" visible="true" version="1" changeset="152705603" timestamp="2024-06-15T04:55:08Z" user="Zh9567" uid="9940138">
  <nd ref="11982360277"/>
  <nd ref="11982360248"/>
  <nd ref="11982359906"/>
  <nd ref="11982359941"/>
  <nd ref="11982360277"/>
  <tag k="building" v="retail"/>
  <tag k="building:levels" v="2"/>
 </way>
 <way id="1292548330" visible="true" version="1" changeset="152705603" timestamp="2024-06-15T04:55:08Z" user="Zh9567" uid="9940138">
  <nd ref="11982360052"/>
  <nd ref="11982360241"/>
  <nd ref="11982360012"/>
  <nd ref="11982360090"/>
  <nd ref="11982360052"/>
  <tag k="building" v="retail"/>
 </way>
 <way id="1292548333" visible="true" version="1" changeset="152705603" timestamp="2024-06-15T04:55:08Z" user="Zh9567" uid="9940138">
  <nd ref="11982360062"/>
  <nd ref="11982360251"/>
  <nd ref="11982359910"/>
  <nd ref="11982360215"/>
  <nd ref="11982360062"/>
  <tag k="building" v="retail"/>
 </way>
 <way id="1292548350" visible="true" version="1" changeset="152705603" timestamp="2024-06-15T04:55:08Z" user="Zh9567" uid="9940138">
  <nd ref="11982359859"/>
  <nd ref="11982359825"/>
  <nd ref="11982359866"/>
  <nd ref="11982360174"/>
  <nd ref="11982359859"/>
  <tag k="building" v="retail"/>
 </way>
 <way id="1292548378" visible="true" version="1" changeset="152705603" timestamp="2024-06-15T04:55:08Z" user="Zh9567" uid="9940138">
  <nd ref="11982360057"/>
  <nd ref="11982360246"/>
  <nd ref="11982359903"/>
  <nd ref="11982360211"/>
  <nd ref="11982360057"/>
  <tag k="building" v="retail"/>
  <tag k="building:levels" v="2"/>
  <tag k="roof:levels" v="0"/>
 </way>
 <way id="1292548390" visible="true" version="1" changeset="152705603" timestamp="2024-06-15T04:55:08Z" user="Zh9567" uid="9940138">
  <nd ref="11982359791"/>
  <nd ref="11982359982"/>
  <nd ref="11982360133"/>
  <nd ref="11982359945"/>
  <nd ref="11982359791"/>
  <tag k="building" v="retail"/>
 </way>
 <way id="1292548393" visible="true" version="1" changeset="152705603" timestamp="2024-06-15T04:55:08Z" user="Zh9567" uid="9940138">
  <nd ref="11982359836"/>
  <nd ref="11982359804"/>
  <nd ref="11982359959"/>
  <nd ref="11982359986"/>
  <nd ref="11982359836"/>
  <tag k="building" v="retail"/>
  <tag k="building:levels" v="2"/>
  <tag k="roof:levels" v="0"/>
 </way>
 <way id="1292548399" visible="true" version="1" changeset="152705603" timestamp="2024-06-15T04:55:08Z" user="Zh9567" uid="9940138">
  <nd ref="11982359919"/>
  <nd ref="11982359839"/>
  <nd ref="11982359990"/>
  <nd ref="11982360071"/>
  <nd ref="11982359919"/>
  <tag k="building" v="retail"/>
  <tag k="building:levels" v="2"/>
 </way>
 <way id="1292548407" visible="true" version="1" changeset="152705603" timestamp="2024-06-15T04:55:08Z" user="Zh9567" uid="9940138">
  <nd ref="11982360271"/>
  <nd ref="11982360052"/>
  <nd ref="11982360090"/>
  <nd ref="11982359897"/>
  <nd ref="11982360271"/>
  <tag k="building" v="retail"/>
 </way>
 <way id="1292548410" visible="true" version="1" changeset="152705603" timestamp="2024-06-15T04:55:08Z" user="Zh9567" uid="9940138">
  <nd ref="11982360205"/>
  <nd ref="11982360161"/>
  <nd ref="11982360197"/>
  <nd ref="11982360009"/>
  <nd ref="11982360205"/>
  <tag k="building" v="retail"/>
  <tag k="building:levels" v="2"/>
  <tag k="roof:levels" v="0"/>
 </way>
 <way id="1292548411" visible="true" version="1" changeset="152705603" timestamp="2024-06-15T04:55:08Z" user="Zh9567" uid="9940138">
  <nd ref="11982360142"/>
  <nd ref="11982360062"/>
  <nd ref="11982360215"/>
  <nd ref="11982359798"/>
  <nd ref="11982360142"/>
  <tag k="building" v="retail"/>
 </way>
 <way id="1292548412" visible="true" version="1" changeset="152705603" timestamp="2024-06-15T04:55:08Z" user="Zh9567" uid="9940138">
  <nd ref="11982360000"/>
  <nd ref="11982360161"/>
  <nd ref="11982360205"/>
  <nd ref="11982360150"/>
  <nd ref="11982360000"/>
  <tag k="building" v="retail"/>
  <tag k="building:levels" v="2"/>
  <tag k="roof:levels" v="0"/>
 </way>
 <way id="1292548418" visible="true" version="1" changeset="152705603" timestamp="2024-06-15T04:55:08Z" user="Zh9567" uid="9940138">
  <nd ref="11982360002"/>
  <nd ref="11982359887"/>
  <nd ref="11982359848"/>
  <nd ref="11982360153"/>
  <nd ref="11982360002"/>
  <tag k="building" v="retail"/>
  <tag k="building:levels" v="2"/>
 </way>
 <way id="1292548428" visible="true" version="1" changeset="152705603" timestamp="2024-06-15T04:55:08Z" user="Zh9567" uid="9940138">
  <nd ref="11982359940"/>
  <nd ref="11982360128"/>
  <nd ref="11982359948"/>
  <nd ref="11982359978"/>
  <nd ref="11982359940"/>
  <tag k="building" v="retail"/>
 </way>
 <way id="1292548429" visible="true" version="1" changeset="152705603" timestamp="2024-06-15T04:55:08Z" user="Zh9567" uid="9940138">
  <nd ref="11982359954"/>
  <nd ref="11982360142"/>
  <nd ref="11982359798"/>
  <nd ref="11982360104"/>
  <nd ref="11982359954"/>
  <tag k="building" v="retail"/>
 </way>
 <way id="1292548439" visible="true" version="1" changeset="152705603" timestamp="2024-06-15T04:55:08Z" user="Zh9567" uid="9940138">
  <nd ref="11982360037"/>
  <nd ref="11982360002"/>
  <nd ref="11982360153"/>
  <nd ref="11982360186"/>
  <nd ref="11982360037"/>
  <tag k="building" v="retail"/>
  <tag k="building:levels" v="2"/>
 </way>
 <way id="1292548443" visible="true" version="1" changeset="152705603" timestamp="2024-06-15T04:55:08Z" user="Zh9567" uid="9940138">
  <nd ref="11982360098"/>
  <nd ref="2210133623"/>
  <nd ref="2210133540"/>
  <nd ref="11982360137"/>
  <nd ref="11982360098"/>
  <tag k="building" v="retail"/>
 </way>
 <way id="1292548449" visible="true" version="1" changeset="152705603" timestamp="2024-06-15T04:55:08Z" user="Zh9567" uid="9940138">
  <nd ref="11982359865"/>
  <nd ref="11982360033"/>
  <nd ref="11982360182"/>
  <nd ref="11982360020"/>
  <nd ref="11982359865"/>
  <tag k="building" v="retail"/>
  <tag k="building:levels" v="2"/>
  <tag k="roof:levels" v="0"/>
 </way>
 <way id="1292548461" visible="true" version="1" changeset="152705603" timestamp="2024-06-15T04:55:08Z" user="Zh9567" uid="9940138">
  <nd ref="11982360084"/>
  <nd ref="11982360271"/>
  <nd ref="11982359897"/>
  <nd ref="11982360122"/>
  <nd ref="11982360084"/>
  <tag k="building" v="retail"/>
 </way>
 <way id="1292548463" visible="true" version="1" changeset="152705603" timestamp="2024-06-15T04:55:08Z" user="Zh9567" uid="9940138">
  <nd ref="11982359872"/>
  <nd ref="11982359791"/>
  <nd ref="11982359945"/>
  <nd ref="11982360027"/>
  <nd ref="11982359872"/>
  <tag k="building" v="retail"/>
 </way>
 <way id="1292548466" visible="true" version="1" changeset="152705603" timestamp="2024-06-15T04:55:08Z" user="Zh9567" uid="9940138">
  <nd ref="11982360019"/>
  <nd ref="11982360210"/>
  <nd ref="11982359864"/>
  <nd ref="11982360169"/>
  <nd ref="11982360019"/>
  <tag k="building" v="retail"/>
 </way>
 <way id="1292548468" visible="true" version="1" changeset="152705603" timestamp="2024-06-15T04:55:08Z" user="Zh9567" uid="9940138">
  <nd ref="11982360138"/>
  <nd ref="11982359836"/>
  <nd ref="11982359986"/>
  <nd ref="11982359794"/>
  <nd ref="11982360138"/>
  <tag k="building" v="retail"/>
  <tag k="building:levels" v="2"/>
  <tag k="roof:levels" v="0"/>
 </way>
 <way id="1292548471" visible="true" version="1" changeset="152705603" timestamp="2024-06-15T04:55:08Z" user="Zh9567" uid="9940138">
  <nd ref="11982360223"/>
  <nd ref="11982359919"/>
  <nd ref="11982360071"/>
  <nd ref="11982359879"/>
  <nd ref="11982360223"/>
  <tag k="building" v="retail"/>
  <tag k="building:levels" v="2"/>
 </way>
 <way id="1292548474" visible="true" version="1" changeset="152705603" timestamp="2024-06-15T04:55:08Z" user="Zh9567" uid="9940138">
  <nd ref="11982359949"/>
  <nd ref="11982359867"/>
  <nd ref="11982360023"/>
  <nd ref="11982360099"/>
  <nd ref="11982359949"/>
  <tag k="building" v="retail"/>
  <tag k="building:levels" v="2"/>
 </way>
 <way id="1292548478" visible="true" version="1" changeset="152705603" timestamp="2024-06-15T04:55:08Z" user="Zh9567" uid="9940138">
  <nd ref="11982360163"/>
  <nd ref="11982359859"/>
  <nd ref="11982360174"/>
  <nd ref="11982360206"/>
  <nd ref="11982360163"/>
  <tag k="building" v="retail"/>
 </way>
 <way id="1292548482" visible="true" version="1" changeset="152705603" timestamp="2024-06-15T04:55:08Z" user="Zh9567" uid="9940138">
  <nd ref="11982360272"/>
  <nd ref="11982359901"/>
  <nd ref="11982360056"/>
  <nd ref="11982359820"/>
  <nd ref="11982360272"/>
  <tag k="building" v="retail"/>
 </way>
 <way id="1292548485" visible="true" version="1" changeset="152705603" timestamp="2024-06-15T04:55:08Z" user="Zh9567" uid="9940138">
  <nd ref="11982360179"/>
  <nd ref="11982359872"/>
  <nd ref="11982360027"/>
  <nd ref="11982359831"/>
  <nd ref="11982360179"/>
  <tag k="building" v="retail"/>
 </way>
 <way id="1292548486" visible="true" version="1" changeset="152705603" timestamp="2024-06-15T04:55:08Z" user="Zh9567" uid="9940138">
  <nd ref="11982359804"/>
  <nd ref="11982360000"/>
  <nd ref="11982360150"/>
  <nd ref="11982359959"/>
  <nd ref="11982359804"/>
  <tag k="building" v="retail"/>
  <tag k="building:levels" v="2"/>
  <tag k="roof:levels" v="0"/>
 </way>
 <way id="1292548489" visible="true" version="1" changeset="152705603" timestamp="2024-06-15T04:55:08Z" user="Zh9567" uid="9940138">
  <nd ref="11982360220"/>
  <nd ref="11982360138"/>
  <nd ref="11982359794"/>
  <nd ref="11982359876"/>
  <nd ref="11982360220"/>
  <tag k="building" v="retail"/>
  <tag k="building:levels" v="2"/>
  <tag k="roof:levels" v="0"/>
 </way>
 <way id="1292548493" visible="true" version="1" changeset="152705603" timestamp="2024-06-15T04:55:08Z" user="Zh9567" uid="9940138">
  <nd ref="11982360059"/>
  <nd ref="11982360223"/>
  <nd ref="11982359879"/>
  <nd ref="11982360212"/>
  <nd ref="11982360059"/>
  <tag k="building" v="retail"/>
  <tag k="building:levels" v="2"/>
 </way>
 <way id="1292548503" visible="true" version="1" changeset="152705603" timestamp="2024-06-15T04:55:08Z" user="Zh9567" uid="9940138">
  <nd ref="11982360022"/>
  <nd ref="11982359940"/>
  <nd ref="11982359978"/>
  <nd ref="11982360276"/>
  <nd ref="11982360022"/>
  <tag k="building" v="retail"/>
 </way>
 <way id="1292548506" visible="true" version="1" changeset="152705603" timestamp="2024-06-15T04:55:08Z" user="Zh9567" uid="9940138">
  <nd ref="11982359982"/>
  <nd ref="11982359954"/>
  <nd ref="11982360104"/>
  <nd ref="11982360133"/>
  <nd ref="11982359982"/>
  <tag k="building" v="retail"/>
 </way>
 <way id="1292548514" visible="true" version="1" changeset="152705603" timestamp="2024-06-15T04:55:08Z" user="Zh9567" uid="9940138">
  <nd ref="11982359839"/>
  <nd ref="11982360037"/>
  <nd ref="11982360186"/>
  <nd ref="11982359990"/>
  <nd ref="11982359839"/>
  <tag k="building" v="retail"/>
  <tag k="building:levels" v="2"/>
 </way>
 <way id="1292548519" visible="true" version="1" changeset="152705603" timestamp="2024-06-15T04:55:08Z" user="Zh9567" uid="9940138">
  <nd ref="11982360128"/>
  <nd ref="11982360098"/>
  <nd ref="11982360137"/>
  <nd ref="11982359948"/>
  <nd ref="11982360128"/>
  <tag k="building" v="retail"/>
 </way>
 <way id="1303810001" visible="true" version="2" changeset="177639092" timestamp="2026-01-24T09:51:57Z" user="Zh9567" uid="9940138">
  <nd ref="11264460154"/>
  <nd ref="13481399660"/>
  <nd ref="13481399665"/>
  <nd ref="13481399666"/>
  <tag k="bridge" v="yes"/>
  <tag k="highway" v="footway"/>
  <tag k="layer" v="1"/>
 </way>
 <way id="1303810002" visible="true" version="2" changeset="177639092" timestamp="2026-01-24T09:51:57Z" user="Zh9567" uid="9940138">
  <nd ref="11264460154"/>
  <nd ref="12074519694"/>
  <nd ref="12074519695"/>
  <nd ref="13481399661"/>
  <tag k="bridge" v="yes"/>
  <tag k="highway" v="footway"/>
  <tag k="layer" v="1"/>
 </way>
 <way id="1323123991" visible="true" version="2" changeset="158809136" timestamp="2024-11-06T09:20:32Z" user="GrabMY_ainayusof" uid="9658463">
  <nd ref="677583887"/>
  <nd ref="677583853"/>
  <tag k="highway" v="tertiary"/>
  <tag k="name" v="Jalan PJS 11/7"/>
  <tag k="name:ms" v="Jalan PJS 11/7"/>
  <tag k="oneway" v="yes"/>
 </way>
 <way id="1328701479" visible="true" version="1" changeset="158437991" timestamp="2024-10-28T03:12:59Z" user="GrabMY_ainayusof" uid="9658463">
  <nd ref="2210133501"/>
  <nd ref="7993603237"/>
  <tag k="bicycle" v="yes"/>
  <tag k="foot" v="yes"/>
  <tag k="highway" v="secondary"/>
  <tag k="lanes" v="2"/>
  <tag k="name" v="Jalan Lagoon Selatan"/>
  <tag k="name:ms" v="Jalan Lagoon Selatan"/>
  <tag k="oneway" v="yes"/>
  <tag k="sidewalk:left" v="separate"/>
  <tag k="surface" v="paving_stones"/>
 </way>
 <way id="1328701480" visible="true" version="1" changeset="158437991" timestamp="2024-10-28T03:12:59Z" user="GrabMY_ainayusof" uid="9658463">
  <nd ref="2210133562"/>
  <nd ref="2210133573"/>
  <tag k="addr:postcode" v="47500"/>
  <tag k="bicycle" v="yes"/>
  <tag k="foot" v="yes"/>
  <tag k="highway" v="secondary"/>
  <tag k="lanes" v="2"/>
  <tag k="maxheight" v="5.4"/>
  <tag k="maxheight:signed" v="no"/>
  <tag k="name" v="Jalan Lagoon Selatan"/>
  <tag k="name:ms" v="Jalan Lagoon Selatan"/>
  <tag k="note" v="Subang Jaya"/>
  <tag k="oneway" v="yes"/>
  <tag k="source" v="Bing"/>
  <tag k="surface" v="paving_stones"/>
 </way>
 <way id="1328701481" visible="true" version="2" changeset="158809190" timestamp="2024-11-06T09:22:13Z" user="GrabMY_ainayusof" uid="9658463">
  <nd ref="2210133573"/>
  <nd ref="5765032294"/>
  <nd ref="2210133162"/>
  <nd ref="9939831416"/>
  <nd ref="12074519693"/>
  <nd ref="2210133177"/>
  <nd ref="677583896"/>
  <tag k="addr:postcode" v="47500"/>
  <tag k="bicycle" v="yes"/>
  <tag k="foot" v="yes"/>
  <tag k="highway" v="secondary"/>
  <tag k="lanes" v="2"/>
  <tag k="maxheight" v="5.4"/>
  <tag k="maxheight:signed" v="no"/>
  <tag k="name" v="Jalan Lagoon Selatan"/>
  <tag k="name:ms" v="Jalan Lagoon Selatan"/>
  <tag k="note" v="Subang Jaya"/>
  <tag k="oneway" v="yes"/>
  <tag k="source" v="Bing"/>
  <tag k="surface" v="paving_stones"/>
 </way>
 <way id="1328701482" visible="true" version="1" changeset="158437991" timestamp="2024-10-28T03:12:59Z" user="GrabMY_ainayusof" uid="9658463">
  <nd ref="2210133223"/>
  <nd ref="2210133501"/>
  <tag k="bicycle" v="yes"/>
  <tag k="foot" v="yes"/>
  <tag k="highway" v="secondary"/>
  <tag k="lanes" v="2"/>
  <tag k="name" v="Jalan Lagoon Selatan"/>
  <tag k="name:ms" v="Jalan Lagoon Selatan"/>
  <tag k="oneway" v="yes"/>
  <tag k="sidewalk:left" v="separate"/>
  <tag k="surface" v="paving_stones"/>
 </way>
 <way id="1328701483" visible="true" version="1" changeset="158437991" timestamp="2024-10-28T03:12:59Z" user="GrabMY_ainayusof" uid="9658463">
  <nd ref="7993603234"/>
  <nd ref="2210133223"/>
  <tag k="bicycle" v="yes"/>
  <tag k="foot" v="yes"/>
  <tag k="highway" v="secondary"/>
  <tag k="lanes" v="2"/>
  <tag k="name" v="Jalan Lagoon Selatan"/>
  <tag k="name:ms" v="Jalan Lagoon Selatan"/>
  <tag k="oneway" v="yes"/>
  <tag k="sidewalk:left" v="separate"/>
  <tag k="surface" v="paving_stones"/>
 </way>
 <way id="1328701484" visible="true" version="1" changeset="158437991" timestamp="2024-10-28T03:12:59Z" user="GrabMY_ainayusof" uid="9658463">
  <nd ref="7993603237"/>
  <nd ref="677584068"/>
  <nd ref="2210133494"/>
  <tag k="bicycle" v="yes"/>
  <tag k="foot" v="yes"/>
  <tag k="highway" v="secondary"/>
  <tag k="lanes" v="2"/>
  <tag k="name" v="Jalan Lagoon Selatan"/>
  <tag k="name:ms" v="Jalan Lagoon Selatan"/>
  <tag k="oneway" v="yes"/>
  <tag k="sidewalk:left" v="separate"/>
  <tag k="surface" v="paving_stones"/>
 </way>
 <way id="1328701485" visible="true" version="1" changeset="158437991" timestamp="2024-10-28T03:12:59Z" user="GrabMY_ainayusof" uid="9658463">
  <nd ref="2210132695"/>
  <nd ref="8631660960"/>
  <nd ref="8631660961"/>
  <nd ref="677584074"/>
  <nd ref="11654988482"/>
  <tag k="bicycle" v="yes"/>
  <tag k="foot" v="yes"/>
  <tag k="highway" v="secondary"/>
  <tag k="lanes" v="2"/>
  <tag k="name" v="Jalan Lagoon Selatan"/>
  <tag k="name:ms" v="Jalan Lagoon Selatan"/>
  <tag k="oneway" v="yes"/>
  <tag k="surface" v="paving_stones"/>
 </way>
 <way id="1331301778" visible="true" version="2" changeset="158809190" timestamp="2024-11-06T09:22:13Z" user="GrabMY_ainayusof" uid="9658463">
  <nd ref="1670458823"/>
  <nd ref="677583896"/>
  <tag k="highway" v="tertiary"/>
  <tag k="name" v="Jalan PJS 11/7"/>
  <tag k="name:ms" v="Jalan PJS 11/7"/>
  <tag k="oneway" v="no"/>
 </way>
 <way id="1331302680" visible="true" version="2" changeset="177639092" timestamp="2026-01-24T09:51:57Z" user="Zh9567" uid="9940138">
  <nd ref="677583896"/>
  <nd ref="13481399679"/>
  <nd ref="1670458777"/>
  <nd ref="2124969573"/>
  <tag k="addr:postcode" v="47500"/>
  <tag k="bicycle" v="yes"/>
  <tag k="foot" v="yes"/>
  <tag k="highway" v="secondary"/>
  <tag k="lanes" v="2"/>
  <tag k="maxheight" v="5.4"/>
  <tag k="maxheight:signed" v="no"/>
  <tag k="name" v="Jalan Lagoon Selatan"/>
  <tag k="name:ms" v="Jalan Lagoon Selatan"/>
  <tag k="note" v="Subang Jaya"/>
  <tag k="oneway" v="yes"/>
  <tag k="source" v="Bing"/>
  <tag k="surface" v="paving_stones"/>
 </way>
 <way id="1331302681" visible="true" version="2" changeset="177639092" timestamp="2026-01-24T09:51:57Z" user="Zh9567" uid="9940138">
  <nd ref="677583896"/>
  <nd ref="13481399672"/>
  <nd ref="677583887"/>
  <tag k="highway" v="tertiary"/>
  <tag k="name" v="Jalan PJS 11/7"/>
  <tag k="name:ms" v="Jalan PJS 11/7"/>
  <tag k="oneway" v="no"/>
 </way>
 <way id="1331302682" visible="true" version="2" changeset="177639092" timestamp="2026-01-24T09:51:57Z" user="Zh9567" uid="9940138">
  <nd ref="1670458823"/>
  <nd ref="5732929782"/>
  <nd ref="2210133354"/>
  <nd ref="13481399659"/>
  <nd ref="677584048"/>
  <nd ref="2210133046"/>
  <nd ref="2210132980"/>
  <nd ref="7993603234"/>
  <tag k="bicycle" v="yes"/>
  <tag k="foot" v="yes"/>
  <tag k="highway" v="secondary"/>
  <tag k="lanes" v="2"/>
  <tag k="name" v="Jalan Lagoon Selatan"/>
  <tag k="name:ms" v="Jalan Lagoon Selatan"/>
  <tag k="oneway" v="yes"/>
  <tag k="sidewalk:left" v="separate"/>
  <tag k="surface" v="paving_stones"/>
 </way>
 <way id="1382902406" visible="true" version="1" changeset="165700476" timestamp="2025-05-02T03:48:53Z" user="GrabMY_ainayusof" uid="9658463">
  <nd ref="1218366993"/>
  <nd ref="5727737435"/>
  <nd ref="7051470881"/>
  <nd ref="1670458799"/>
  <nd ref="7051470882"/>
  <nd ref="1670458819"/>
  <nd ref="1670458757"/>
  <nd ref="7051470883"/>
  <nd ref="2210132895"/>
  <nd ref="1670458806"/>
  <nd ref="1670458775"/>
  <nd ref="2210132931"/>
  <nd ref="677583887"/>
  <tag k="highway" v="unclassified"/>
  <tag k="lanes" v="2"/>
  <tag k="name" v="Jalan PJS 11/9"/>
  <tag k="name:ms" v="Jalan PJS 11/9"/>
  <tag k="oneway" v="yes"/>
  <tag k="surface" v="paving_stones"/>
 </way>
 <way id="1469997594" visible="true" version="1" changeset="177639092" timestamp="2026-01-24T09:51:57Z" user="Zh9567" uid="9940138">
  <nd ref="13481399661"/>
  <nd ref="13481399662"/>
  <tag k="highway" v="steps"/>
  <tag k="incline" v="down"/>
 </way>
 <way id="1469997595" visible="true" version="1" changeset="177639092" timestamp="2026-01-24T09:51:57Z" user="Zh9567" uid="9940138">
  <nd ref="13481399662"/>
  <nd ref="13481399663"/>
  <tag k="highway" v="footway"/>
 </way>
 <way id="1469997596" visible="true" version="1" changeset="177639092" timestamp="2026-01-24T09:51:57Z" user="Zh9567" uid="9940138">
  <nd ref="13481399663"/>
  <nd ref="13481399664"/>
  <tag k="highway" v="steps"/>
  <tag k="incline" v="down"/>
 </way>
 <way id="1469997597" visible="true" version="1" changeset="177639092" timestamp="2026-01-24T09:51:57Z" user="Zh9567" uid="9940138">
  <nd ref="13481399666"/>
  <nd ref="13481399667"/>
  <tag k="highway" v="steps"/>
  <tag k="incline" v="down"/>
 </way>
 <way id="1469997598" visible="true" version="1" changeset="177639092" timestamp="2026-01-24T09:51:57Z" user="Zh9567" uid="9940138">
  <nd ref="13481399667"/>
  <nd ref="13481399668"/>
  <tag k="highway" v="footway"/>
 </way>
 <way id="1469997599" visible="true" version="1" changeset="177639092" timestamp="2026-01-24T09:51:57Z" user="Zh9567" uid="9940138">
  <nd ref="13481399668"/>
  <nd ref="13481399669"/>
  <tag k="highway" v="steps"/>
  <tag k="incline" v="down"/>
 </way>
 <way id="1469997600" visible="true" version="1" changeset="177639092" timestamp="2026-01-24T09:51:57Z" user="Zh9567" uid="9940138">
  <nd ref="13481399669"/>
  <nd ref="13481399670"/>
  <tag k="highway" v="footway"/>
 </way>
 <way id="1469997601" visible="true" version="1" changeset="177639092" timestamp="2026-01-24T09:51:57Z" user="Zh9567" uid="9940138">
  <nd ref="9939831415"/>
  <nd ref="13481399670"/>
  <nd ref="2210133633"/>
  <nd ref="13481399671"/>
  <nd ref="13481399672"/>
  <nd ref="1670458760"/>
  <nd ref="13462169343"/>
  <tag k="footway" v="sidewalk"/>
  <tag k="highway" v="footway"/>
 </way>
 <way id="1469997605" visible="true" version="2" changeset="187270065" timestamp="2026-08-11T08:16:25Z" user="Zh9567" uid="9940138">
  <nd ref="13481399679"/>
  <nd ref="13481399680"/>
  <nd ref="13481399681"/>
  <tag k="bicycle" v="no"/>
  <tag k="hgv" v="no"/>
  <tag k="highway" v="service"/>
  <tag k="maxheight" v="2.1"/>
  <tag k="maxspeed" v="15"/>
  <tag k="motorcycle" v="no"/>
  <tag k="oneway" v="yes"/>
 </way>
 <way id="1493362709" visible="true" version="1" changeset="180490848" timestamp="2026-03-27T08:44:54Z" user="GrabMY_ainayusof" uid="9658463">
  <nd ref="5765032294"/>
  <nd ref="9939831413"/>
  <nd ref="5765032293"/>
  <nd ref="5767079558"/>
  <nd ref="5765032292"/>
  <nd ref="5767079559"/>
  <nd ref="5765032291"/>
  <nd ref="5765032290"/>
  <nd ref="13684206506"/>
  <nd ref="5765032289"/>
  <nd ref="13684206505"/>
  <nd ref="13684206509"/>
  <tag k="highway" v="service"/>
  <tag k="oneway" v="yes"/>
 </way>
 <way id="1509423926" visible="true" version="1" changeset="182236030" timestamp="2026-05-05T07:36:48Z" user="SaladoRiver" uid="22435321">
  <nd ref="5732929776"/>
  <nd ref="13797930491"/>
  <nd ref="13797930490"/>
  <nd ref="13797987902"/>
  <tag k="highway" v="service"/>
 </way>
 <way id="1509423927" visible="true" version="1" changeset="182236030" timestamp="2026-05-05T07:36:48Z" user="SaladoRiver" uid="22435321">
  <nd ref="13797930496"/>
  <nd ref="13797987904"/>
  <tag k="highway" v="service"/>
 </way>
 <way id="1509423928" visible="true" version="1" changeset="182236030" timestamp="2026-05-05T07:36:48Z" user="SaladoRiver" uid="22435321">
  <nd ref="5732929780"/>
  <nd ref="13797987905"/>
  <nd ref="13797930496"/>
  <tag k="highway" v="service"/>
 </way>
 <way id="1509423929" visible="true" version="1" changeset="182236030" timestamp="2026-05-05T07:36:48Z" user="SaladoRiver" uid="22435321">
  <nd ref="13797987904"/>
  <nd ref="13797930495"/>
  <nd ref="13797930494"/>
  <nd ref="13797930493"/>
  <nd ref="13797930492"/>
  <tag k="highway" v="service"/>
 </way>
 <way id="1509423930" visible="true" version="1" changeset="182236030" timestamp="2026-05-05T07:36:48Z" user="SaladoRiver" uid="22435321">
  <nd ref="13797987904"/>
  <nd ref="13797987903"/>
  <nd ref="13797987902"/>
  <nd ref="13797987901"/>
  <nd ref="13797930500"/>
  <nd ref="13797930499"/>
  <nd ref="13797930498"/>
  <nd ref="13797930497"/>
  <nd ref="13797930496"/>
  <tag k="highway" v="service"/>
  <tag k="oneway" v="yes"/>
 </way>
 <way id="1510535319" visible="true" version="1" changeset="182382462" timestamp="2026-05-08T13:22:43Z" user="BroharrisCanal" uid="17826795">
  <nd ref="7231706194"/>
  <nd ref="7231706195"/>
  <nd ref="7231706196"/>
  <nd ref="7231706197"/>
  <tag k="highway" v="service"/>
 </way>
 <way id="1548072795" visible="true" version="2" changeset="187270065" timestamp="2026-08-11T08:16:25Z" user="Zh9567" uid="9940138">
  <nd ref="14079990092"/>
  <nd ref="14079990093"/>
  <nd ref="14079990094"/>
  <nd ref="14079990095"/>
  <nd ref="14079990096"/>
  <tag k="bridge" v="yes"/>
  <tag k="covered" v="yes"/>
  <tag k="highway" v="footway"/>
  <tag k="layer" v="1"/>
 </way>
 <way id="1548072796" visible="true" version="1" changeset="187125269" timestamp="2026-08-08T09:52:09Z" user="Zh9567" uid="9940138">
  <nd ref="4123497448"/>
  <nd ref="9971695433"/>
  <nd ref="9971695434"/>
  <nd ref="2210132568"/>
  <tag k="bicycle" v="yes"/>
  <tag k="destination" v="Sunway City;Sunway South Quay"/>
  <tag k="highway" v="motorway_link"/>
  <tag k="lanes" v="1"/>
  <tag k="oneway" v="yes"/>
 </way>
 <way id="1548072797" visible="true" version="1" changeset="187125269" timestamp="2026-08-08T09:52:09Z" user="Zh9567" uid="9940138">
  <nd ref="4123497994"/>
  <nd ref="4123497463"/>
  <tag k="highway" v="motorway_link"/>
  <tag k="lanes" v="1"/>
  <tag k="oneway" v="yes"/>
 </way>
 <way id="1548784156" visible="true" version="1" changeset="187270065" timestamp="2026-08-11T08:16:25Z" user="Zh9567" uid="9940138">
  <nd ref="11502851936"/>
  <nd ref="14079990091"/>
  <nd ref="14079990092"/>
  <tag k="bridge" v="yes"/>
  <tag k="covered" v="yes"/>
  <tag k="highway" v="footway"/>
  <tag k="layer" v="2"/>
 </way>
 <relation id="10743361" visible="true" version="37" changeset="164096891" timestamp="2025-03-25T20:55:49Z" user="ongn" uid="6255481">
  <member type="relation" ref="12088876" role="subarea"/>
  <member type="relation" ref="12088877" role="subarea"/>
  <member type="way" ref="775644850" role="outer"/>
  <member type="way" ref="788290505" role="outer"/>
  <member type="way" ref="772679679" role="outer"/>
  <member type="way" ref="788290504" role="outer"/>
  <member type="way" ref="788290506" role="outer"/>
  <member type="way" ref="790955057" role="outer"/>
  <member type="way" ref="966958354" role="outer"/>
  <member type="way" ref="772517070" role="outer"/>
  <member type="way" ref="966958353" role="outer"/>
  <member type="way" ref="1234563266" role="outer"/>
  <member type="way" ref="1235227646" role="outer"/>
  <member type="way" ref="1234843994" role="outer"/>
  <member type="way" ref="1234843998" role="outer"/>
  <member type="way" ref="1234563265" role="outer"/>
  <member type="way" ref="1234843992" role="outer"/>
  <member type="way" ref="1234843991" role="outer"/>
  <member type="way" ref="1234843997" role="outer"/>
  <member type="way" ref="1234585105" role="outer"/>
  <member type="way" ref="1234585102" role="outer"/>
  <member type="way" ref="1234674669" role="outer"/>
  <member type="way" ref="1234586607" role="outer"/>
  <member type="way" ref="1242213836" role="outer"/>
  <member type="way" ref="775644607" role="outer"/>
  <member type="way" ref="1234586606" role="outer"/>
  <member type="way" ref="1234674663" role="outer"/>
  <member type="way" ref="1234781454" role="outer"/>
  <member type="way" ref="1242213834" role="outer"/>
  <member type="way" ref="1234585103" role="outer"/>
  <member type="way" ref="1219828958" role="outer"/>
  <member type="way" ref="1232741748" role="outer"/>
  <member type="way" ref="775644751" role="outer"/>
  <member type="way" ref="1219929527" role="outer"/>
  <member type="way" ref="1219929528" role="outer"/>
  <member type="way" ref="1219469392" role="outer"/>
  <member type="way" ref="1233540146" role="outer"/>
  <member type="way" ref="1218812965" role="outer"/>
  <member type="way" ref="1233823195" role="outer"/>
  <member type="way" ref="1218812956" role="outer"/>
  <member type="way" ref="1218812967" role="outer"/>
  <member type="way" ref="1218812968" role="outer"/>
  <member type="way" ref="1218812961" role="outer"/>
  <member type="way" ref="1218812969" role="outer"/>
  <member type="way" ref="1229748342" role="outer"/>
  <member type="way" ref="1229748343" role="outer"/>
  <member type="way" ref="1229111758" role="outer"/>
  <member type="way" ref="913103148" role="outer"/>
  <member type="relation" ref="16848392" role="subarea"/>
  <tag k="admin_level" v="7"/>
  <tag k="alt_name:ar" v="سوبانغ جايا;سوبانج جايا"/>
  <tag k="border_type" v="city"/>
  <tag k="boundary" v="administrative"/>
  <tag k="name" v="Majlis Bandaraya Subang Jaya"/>
  <tag k="name:ar" v="سوبانق جايا"/>
  <tag k="name:en" v="Subang Jaya City Council"/>
  <tag k="name:ms" v="Majlis Bandaraya Subang Jaya"/>
  <tag k="name:ms-Arab" v="سوبڠ جاي"/>
  <tag k="name:zh" v="梳邦再也"/>
  <tag k="short_name" v="MBSJ"/>
  <tag k="source" v="Sinar Project"/>
  <tag k="type" v="boundary"/>
  <tag k="wikidata" v="Q876876"/>
  <tag k="wikipedia" v="en:Subang Jaya"/>
 </relation>
 <relation id="11549145" visible="true" version="21" changeset="180845476" timestamp="2026-04-04T09:57:30Z" user="Zh9567" uid="9940138">
  <member type="way" ref="1496035285" role=""/>
  <member type="way" ref="841076258" role=""/>
  <member type="way" ref="1496035286" role=""/>
  <member type="way" ref="1001697428" role=""/>
  <member type="node" ref="11264460151" role="stop"/>
  <member type="node" ref="11264460154" role="stop"/>
  <member type="node" ref="11267149848" role="stop"/>
  <member type="node" ref="11272247809" role="stop"/>
  <member type="node" ref="11273547895" role="stop"/>
  <member type="node" ref="11273547901" role="stop"/>
  <member type="node" ref="11264460152" role="stop"/>
  <tag k="colour" v="#1E4D2B"/>
  <tag k="from" v="Sunway - Setia Jaya"/>
  <tag k="name" v="BRT Sunway Line"/>
  <tag k="name:ja" v="ラピドKLBRTサンウェイ線"/>
  <tag k="name:zh" v="双威线"/>
  <tag k="network" v="BRT"/>
  <tag k="not:network:wikidata" v="Q16255640"/>
  <tag k="ref" v="B1"/>
  <tag k="route" v="bus"/>
  <tag k="to" v="USJ 7"/>
  <tag k="type" v="route"/>
  <tag k="wikidata" v="Q16255640"/>
  <tag k="wikipedia" v="en:BRT Sunway Line"/>
 </relation>
 <relation id="11656251" visible="true" version="1" changeset="91300763" timestamp="2020-09-22T13:54:35Z" user="GrabMY_FaizDjamil" uid="6458217">
  <member type="way" ref="53655564" role="from"/>
  <member type="way" ref="850142394" role="via"/>
  <member type="way" ref="850142395" role="to"/>
  <tag k="restriction" v="no_u_turn"/>
  <tag k="type" v="restriction"/>
 </relation>
 <relation id="12088876" visible="true" version="11" changeset="176926496" timestamp="2026-01-07T02:54:29Z" user="cnvery" uid="3627342">
  <member type="node" ref="11452032664" role="label"/>
  <member type="way" ref="884263206" role="outer"/>
  <member type="way" ref="888249346" role="outer"/>
  <member type="way" ref="1218812960" role="outer"/>
  <member type="way" ref="1218812959" role="outer"/>
  <member type="way" ref="1218812968" role="outer"/>
  <member type="way" ref="1233823198" role="outer"/>
  <member type="way" ref="1234020568" role="outer"/>
  <member type="way" ref="1233823199" role="outer"/>
  <member type="way" ref="1234020570" role="outer"/>
  <member type="way" ref="1234020551" role="outer"/>
  <member type="way" ref="1234020526" role="outer"/>
  <member type="way" ref="1234020525" role="outer"/>
  <member type="way" ref="1234020535" role="outer"/>
  <member type="way" ref="1234020536" role="outer"/>
  <member type="way" ref="1234020537" role="outer"/>
  <member type="way" ref="1234020540" role="outer"/>
  <member type="way" ref="884006443" role="outer"/>
  <member type="way" ref="1234020541" role="outer"/>
  <member type="way" ref="1234020539" role="outer"/>
  <member type="way" ref="1234020543" role="outer"/>
  <member type="way" ref="1234020524" role="outer"/>
  <member type="way" ref="1234020542" role="outer"/>
  <member type="relation" ref="11911186" role="subarea"/>
  <member type="relation" ref="16871611" role="subarea"/>
  <tag k="name" v="UEP Subang Jaya"/>
  <tag k="name:ms" v="UEP Subang Jaya"/>
  <tag k="place" v="suburb"/>
  <tag k="short_name" v="USJ"/>
  <tag k="short_name:en" v="USJ"/>
  <tag k="short_name:ms" v="USJ"/>
  <tag k="type" v="multipolygon"/>
  <tag k="wikidata" v="Q12711982"/>
  <tag k="wikipedia" v="en:UEP Subang Jaya"/>
 </relation>
 <relation id="12088877" visible="true" version="3" changeset="136851381" timestamp="2023-06-02T03:07:15Z" user="cnvery" uid="3627342">
  <member type="way" ref="884263205" role="outer"/>
  <member type="way" ref="888249347" role="outer"/>
  <tag k="name" v="Pusat Bandar Subang Jaya"/>
  <tag k="name:ms" v="Pusat Bandar Subang Jaya"/>
  <tag k="place" v="suburb"/>
  <tag k="type" v="multipolygon"/>
 </relation>
 <relation id="13405733" visible="true" version="8" changeset="177325769" timestamp="2026-01-17T08:04:10Z" user="angys" uid="3191182">
  <member type="way" ref="999209166" role=""/>
  <member type="way" ref="999209164" role=""/>
  <member type="way" ref="999209165" role=""/>
  <member type="way" ref="210994197" role=""/>
  <member type="way" ref="1467745041" role=""/>
  <member type="way" ref="1460003884" role=""/>
  <member type="way" ref="1460003886" role=""/>
  <member type="way" ref="1460003885" role=""/>
  <member type="way" ref="1460003883" role=""/>
  <member type="way" ref="999209163" role=""/>
  <member type="way" ref="603814881" role=""/>
  <member type="way" ref="1120344216" role=""/>
  <tag k="demolished:route" v="monorail"/>
  <tag k="name" v="SunTrek 2000"/>
  <tag k="type" v="route"/>
  <tag k="wikidata" v="Q7641738"/>
  <tag k="wikipedia" v="en:Sunway Monorail"/>
 </relation>
 <relation id="15573961" visible="true" version="1" changeset="133388160" timestamp="2023-03-07T05:20:45Z" user="GrabMY_FaizDjamil" uid="6458217">
  <member type="way" ref="501452463" role="from"/>
  <member type="way" ref="501452462" role="via"/>
  <member type="way" ref="410537373" role="to"/>
  <tag k="restriction" v="no_u_turn"/>
  <tag k="type" v="restriction"/>
 </relation>
 <relation id="15573962" visible="true" version="1" changeset="133388160" timestamp="2023-03-07T05:20:45Z" user="GrabMY_FaizDjamil" uid="6458217">
  <member type="way" ref="501452462" role="from"/>
  <member type="way" ref="410537373" role="via"/>
  <member type="way" ref="501452461" role="to"/>
  <tag k="restriction" v="no_u_turn"/>
  <tag k="type" v="restriction"/>
 </relation>
 <relation id="15573963" visible="true" version="1" changeset="133388160" timestamp="2023-03-07T05:20:45Z" user="GrabMY_FaizDjamil" uid="6458217">
  <member type="way" ref="501452461" role="from"/>
  <member type="way" ref="501452463" role="via"/>
  <member type="way" ref="501452462" role="to"/>
  <tag k="restriction" v="no_u_turn"/>
  <tag k="type" v="restriction"/>
 </relation>
 <relation id="15702214" visible="true" version="2" changeset="187125269" timestamp="2026-08-08T09:52:09Z" user="Zh9567" uid="9940138">
  <member type="way" ref="1548072796" role="from"/>
  <member type="way" ref="501452462" role="via"/>
  <member type="way" ref="410537373" role="via"/>
  <member type="way" ref="501452461" role="to"/>
  <tag k="restriction" v="no_right_turn"/>
  <tag k="type" v="restriction"/>
 </relation>
 <relation id="15702215" visible="true" version="1" changeset="134715436" timestamp="2023-04-10T07:57:12Z" user="GrabMY_Irfan Zahid" uid="14148368">
  <member type="way" ref="1157697966" role="from"/>
  <member type="way" ref="501452461" role="via"/>
  <member type="way" ref="501452463" role="via"/>
  <member type="way" ref="501452462" role="to"/>
  <tag k="restriction" v="no_u_turn"/>
  <tag k="type" v="restriction"/>
 </relation>
 <relation id="15702216" visible="true" version="1" changeset="134715436" timestamp="2023-04-10T07:57:12Z" user="GrabMY_Irfan Zahid" uid="14148368">
  <member type="way" ref="1157697966" role="from"/>
  <member type="way" ref="501452461" role="via"/>
  <member type="way" ref="501452463" role="to"/>
  <tag k="restriction" v="no_right_turn"/>
  <tag k="type" v="restriction"/>
 </relation>
 <relation id="15702217" visible="true" version="1" changeset="134715436" timestamp="2023-04-10T07:57:12Z" user="GrabMY_Irfan Zahid" uid="14148368">
  <member type="way" ref="1157697966" role="from"/>
  <member type="node" ref="4123498068" role="via"/>
  <member type="way" ref="501452460" role="to"/>
  <tag k="restriction" v="no_left_turn"/>
  <tag k="type" v="restriction"/>
 </relation>
 <relation id="15702218" visible="true" version="1" changeset="134715436" timestamp="2023-04-10T07:57:12Z" user="GrabMY_Irfan Zahid" uid="14148368">
  <member type="way" ref="1157843040" role="from"/>
  <member type="node" ref="2210132847" role="via"/>
  <member type="way" ref="410537356" role="to"/>
  <tag k="restriction" v="no_left_turn"/>
  <tag k="type" v="restriction"/>
 </relation>
 <relation id="15702219" visible="true" version="1" changeset="134715436" timestamp="2023-04-10T07:57:12Z" user="GrabMY_Irfan Zahid" uid="14148368">
  <member type="way" ref="1157843040" role="from"/>
  <member type="way" ref="501452463" role="via"/>
  <member type="way" ref="501452462" role="via"/>
  <member type="way" ref="410537373" role="to"/>
  <tag k="restriction" v="no_u_turn"/>
  <tag k="type" v="restriction"/>
 </relation>
 <relation id="15749474" visible="true" version="17" changeset="189065632" timestamp="2026-09-15T14:50:18Z" user="kucai" uid="536853">
  <member type="way" ref="508219857" role="forward"/>
  <member type="way" ref="934742150" role="forward"/>
  <member type="way" ref="1161323124" role="forward"/>
  <member type="way" ref="525670402" role="forward"/>
  <member type="way" ref="934742153" role="forward"/>
  <member type="way" ref="833498266" role="forward"/>
  <member type="way" ref="833498265" role="forward"/>
  <member type="way" ref="831991559" role="forward"/>
  <member type="way" ref="935069055" role="forward"/>
  <member type="way" ref="23843825" role="forward"/>
  <member type="way" ref="690366926" role="forward"/>
  <member type="way" ref="755084675" role="forward"/>
  <member type="way" ref="23036366" role="forward"/>
  <member type="way" ref="1165118312" role="forward"/>
  <member type="way" ref="1165118311" role="forward"/>
  <member type="way" ref="1165118310" role="forward"/>
  <member type="way" ref="1165118309" role="forward"/>
  <member type="way" ref="1165118313" role="forward"/>
  <member type="way" ref="25774683" role="forward"/>
  <member type="way" ref="142141208" role="forward"/>
  <member type="way" ref="880457611" role="forward"/>
  <member type="way" ref="142141200" role="forward"/>
  <member type="way" ref="162530515" role="forward"/>
  <member type="way" ref="880457610" role="forward"/>
  <member type="way" ref="162530516" role="forward"/>
  <member type="way" ref="18276942" role="forward"/>
  <member type="way" ref="135117901" role="forward"/>
  <member type="way" ref="1116932340" role="forward"/>
  <member type="way" ref="53561474" role="forward"/>
  <member type="way" ref="1116932339" role="forward"/>
  <member type="way" ref="1116728167" role="forward"/>
  <member type="way" ref="53562542" role="forward"/>
  <member type="way" ref="1116728171" role="forward"/>
  <member type="way" ref="1116728170" role="forward"/>
  <member type="way" ref="53562541" role="forward"/>
  <member type="way" ref="1116728174" role="forward"/>
  <member type="way" ref="1116728175" role="forward"/>
  <member type="way" ref="1303695718" role="forward"/>
  <member type="way" ref="482083901" role="forward"/>
  <member type="way" ref="1116586906" role="forward"/>
  <member type="way" ref="1116586908" role="forward"/>
  <member type="way" ref="482083893" role="forward"/>
  <member type="way" ref="1116586918" role="forward"/>
  <member type="way" ref="482083894" role="forward"/>
  <member type="way" ref="410537359" role="forward"/>
  <member type="way" ref="1116586917" role="forward"/>
  <member type="way" ref="1116586916" role="forward"/>
  <member type="way" ref="1168460616" role="forward"/>
  <member type="way" ref="1168460615" role="forward"/>
  <member type="way" ref="1116586915" role="forward"/>
  <member type="way" ref="410537358" role="forward"/>
  <member type="way" ref="697934435" role="forward"/>
  <member type="way" ref="697934436" role="forward"/>
  <member type="way" ref="491460708" role="forward"/>
  <member type="way" ref="491460711" role="forward"/>
  <member type="way" ref="162530512" role="forward"/>
  <member type="way" ref="780034777" role="forward"/>
  <member type="way" ref="780034776" role="forward"/>
  <member type="way" ref="780973956" role="forward"/>
  <member type="way" ref="780973955" role="forward"/>
  <member type="way" ref="780973954" role="forward"/>
  <member type="way" ref="954603648" role="forward"/>
  <member type="way" ref="954603647" role="forward"/>
  <member type="way" ref="612892193" role="forward"/>
  <member type="way" ref="501452457" role="forward"/>
  <member type="way" ref="780625495" role="forward"/>
  <member type="way" ref="780625494" role="forward"/>
  <member type="way" ref="501452456" role="forward"/>
  <member type="way" ref="780976874" role="forward"/>
  <member type="way" ref="780976873" role="forward"/>
  <member type="way" ref="780976872" role="forward"/>
  <member type="way" ref="301675471" role="forward"/>
  <member type="way" ref="260603906" role="forward"/>
  <member type="way" ref="1559120136" role="forward"/>
  <member type="way" ref="781847718" role="forward"/>
  <member type="way" ref="1458436491" role="forward"/>
  <member type="way" ref="781847717" role="forward"/>
  <member type="way" ref="301675472" role="forward"/>
  <member type="way" ref="1168448331" role="forward"/>
  <member type="way" ref="779697268" role="forward"/>
  <member type="way" ref="1462756885" role="forward"/>
  <member type="way" ref="772554105" role="forward"/>
  <member type="way" ref="53825788" role="forward"/>
  <member type="way" ref="53825796" role="forward"/>
  <member type="way" ref="772534142" role="forward"/>
  <member type="way" ref="772534141" role="forward"/>
  <member type="way" ref="53825779" role="forward"/>
  <member type="way" ref="772534140" role="forward"/>
  <member type="way" ref="779992212" role="forward"/>
  <member type="way" ref="780269813" role="backward"/>
  <member type="way" ref="53561482" role="backward"/>
  <member type="way" ref="780269814" role="backward"/>
  <member type="way" ref="780269812" role="backward"/>
  <member type="way" ref="772543779" role="backward"/>
  <member type="way" ref="53825774" role="backward"/>
  <member type="way" ref="772554110" role="backward"/>
  <member type="way" ref="772554108" role="backward"/>
  <member type="way" ref="53825808" role="backward"/>
  <member type="way" ref="1163607918" role="backward"/>
  <member type="way" ref="1163607917" role="backward"/>
  <member type="way" ref="1163607916" role="backward"/>
  <member type="way" ref="1473555711" role="backward"/>
  <member type="way" ref="1163607915" role="backward"/>
  <member type="way" ref="1473555710" role="backward"/>
  <member type="way" ref="1473555709" role="backward"/>
  <member type="way" ref="53825786" role="backward"/>
  <member type="way" ref="690365378" role="backward"/>
  <member type="way" ref="780984788" role="backward"/>
  <member type="way" ref="602340662" role="backward"/>
  <member type="way" ref="780984787" role="backward"/>
  <member type="way" ref="780984786" role="backward"/>
  <member type="way" ref="1168471527" role="backward"/>
  <member type="way" ref="780984785" role="backward"/>
  <member type="way" ref="781863035" role="backward"/>
  <member type="way" ref="781863034" role="backward"/>
  <member type="way" ref="260603907" role="backward"/>
  <member type="way" ref="501452455" role="backward"/>
  <member type="way" ref="612892189" role="backward"/>
  <member type="way" ref="780644842" role="backward"/>
  <member type="way" ref="780644840" role="backward"/>
  <member type="way" ref="954603649" role="backward"/>
  <member type="way" ref="954603646" role="backward"/>
  <member type="way" ref="501452453" role="backward"/>
  <member type="way" ref="780645383" role="backward"/>
  <member type="way" ref="984701918" role="backward"/>
  <member type="way" ref="984701917" role="backward"/>
  <member type="way" ref="477380628" role="backward"/>
  <member type="way" ref="162530511" role="backward"/>
  <member type="way" ref="162530514" role="backward"/>
  <member type="way" ref="855654254" role="backward"/>
  <member type="way" ref="855654253" role="backward"/>
  <member type="way" ref="1116586914" role="backward"/>
  <member type="way" ref="1116586913" role="backward"/>
  <member type="way" ref="690365754" role="backward"/>
  <member type="way" ref="410537360" role="backward"/>
  <member type="way" ref="410537361" role="backward"/>
  <member type="way" ref="1116586912" role="backward"/>
  <member type="way" ref="482083899" role="backward"/>
  <member type="way" ref="1116586910" role="backward"/>
  <member type="way" ref="1165332582" role="backward"/>
  <member type="way" ref="1165332581" role="backward"/>
  <member type="way" ref="482083896" role="backward"/>
  <member type="way" ref="1116586909" role="backward"/>
  <member type="way" ref="1116728173" role="backward"/>
  <member type="way" ref="482083900" role="backward"/>
  <member type="way" ref="1116728172" role="backward"/>
  <member type="way" ref="1116728168" role="backward"/>
  <member type="way" ref="1116728169" role="backward"/>
  <member type="way" ref="53562539" role="backward"/>
  <member type="way" ref="1116728166" role="backward"/>
  <member type="way" ref="1116932342" role="backward"/>
  <member type="way" ref="1116932338" role="backward"/>
  <member type="way" ref="53562540" role="backward"/>
  <member type="way" ref="1116932341" role="backward"/>
  <member type="way" ref="135117904" role="backward"/>
  <member type="way" ref="23036367" role="backward"/>
  <member type="way" ref="162530513" role="backward"/>
  <member type="way" ref="162530517" role="backward"/>
  <member type="way" ref="142141205" role="backward"/>
  <member type="way" ref="142141197" role="backward"/>
  <member type="way" ref="1163561219" role="backward"/>
  <member type="way" ref="1163561218" role="backward"/>
  <member type="way" ref="921568439" role="backward"/>
  <member type="way" ref="921568438" role="backward"/>
  <member type="way" ref="921568440" role="backward"/>
  <member type="way" ref="690366927" role="backward"/>
  <member type="way" ref="755084674" role="backward"/>
  <member type="way" ref="19436713" role="backward"/>
  <member type="way" ref="935069042" role="backward"/>
  <member type="way" ref="1549551753" role="backward"/>
  <member type="way" ref="1549551752" role="backward"/>
  <member type="way" ref="935069043" role="backward"/>
  <member type="way" ref="934971026" role="backward"/>
  <member type="way" ref="1303695744" role="backward"/>
  <member type="way" ref="934971027" role="backward"/>
  <member type="way" ref="833498263" role="backward"/>
  <member type="way" ref="833498264" role="backward"/>
  <member type="way" ref="833498261" role="backward"/>
  <member type="way" ref="833498262" role="backward"/>
  <member type="way" ref="27029645" role="backward"/>
  <member type="way" ref="1303695753" role="backward"/>
  <tag k="from" v="Pandamaran"/>
  <tag k="name" v="Lebuhraya Shah Alam"/>
  <tag k="name:en" v="Shah Alam Expressway"/>
  <tag k="network" v="MY:expressway"/>
  <tag k="ref" v="E5"/>
  <tag k="route" v="road"/>
  <tag k="short_name" v="KESAS"/>
  <tag k="to" v="Sri Petaling"/>
  <tag k="type" v="route"/>
  <tag k="wikidata" v="Q7461233"/>
  <tag k="wikipedia" v="en:Shah Alam Expressway"/>
 </relation>
 <relation id="17070251" visible="true" version="1" changeset="146592830" timestamp="2024-01-23T13:17:01Z" user="mataharimau" uid="17227421">
  <member type="way" ref="884065008" role="outer"/>
  <member type="way" ref="1242213837" role="outer"/>
  <tag k="landuse" v="residential"/>
  <tag k="name" v="PJS 11"/>
  <tag k="name:en" v="PJS 11"/>
  <tag k="name:ms" v="PJS 11"/>
  <tag k="place" v="quarter"/>
  <tag k="residential" v="urban"/>
  <tag k="type" v="multipolygon"/>
 </relation>
 <relation id="17070252" visible="true" version="2" changeset="147414135" timestamp="2024-02-13T15:35:00Z" user="angys" uid="3191182">
  <member type="node" ref="4873402429" role="label"/>
  <member type="way" ref="1242213832" role="outer"/>
  <member type="way" ref="1240726768" role="outer"/>
  <member type="way" ref="1235162414" role="outer"/>
  <member type="way" ref="1234844005" role="outer"/>
  <member type="way" ref="1234843996" role="outer"/>
  <member type="way" ref="1235148646" role="outer"/>
  <member type="way" ref="1235148650" role="outer"/>
  <member type="way" ref="1235343976" role="outer"/>
  <member type="way" ref="1235162420" role="outer"/>
  <member type="way" ref="1242213830" role="outer"/>
  <member type="way" ref="884274988" role="outer"/>
  <member type="way" ref="1242213837" role="outer"/>
  <member type="way" ref="1242213835" role="outer"/>
  <member type="way" ref="775644607" role="outer"/>
  <member type="way" ref="1234586606" role="outer"/>
  <member type="way" ref="1234674663" role="outer"/>
  <member type="way" ref="1234781454" role="outer"/>
  <member type="way" ref="884022953" role="outer"/>
  <tag k="name" v="Bandar Sunway"/>
  <tag k="name:en" v="Sunway City"/>
  <tag k="name:ms" v="Bandar Sunway"/>
  <tag k="name:zh" v="双威镇"/>
  <tag k="name:zh-Hans" v="双威镇"/>
  <tag k="name:zh-Hant" v="雙威鎮"/>
  <tag k="note" v="roughly"/>
  <tag k="place" v="suburb"/>
  <tag k="type" v="multipolygon"/>
  <tag k="wikidata" v="Q4854426"/>
  <tag k="wikimedia_commons" v="Category:Bandar Sunway"/>
  <tag k="wikipedia" v="en:Sunway City"/>
 </relation>
 <relation id="17255459" visible="true" version="3" changeset="158437991" timestamp="2024-10-28T03:12:59Z" user="GrabMY_ainayusof" uid="9658463">
  <member type="way" ref="1328701485" role="from"/>
  <member type="way" ref="1253814492" role="via"/>
  <member type="way" ref="1253111325" role="to"/>
  <tag k="restriction" v="no_u_turn"/>
  <tag k="type" v="restriction"/>
 </relation>
 <relation id="17548903" visible="true" version="3" changeset="158437991" timestamp="2024-10-28T03:12:59Z" user="GrabMY_ainayusof" uid="9658463">
  <member type="way" ref="1328701485" role="from"/>
  <member type="node" ref="11654988482" role="via"/>
  <member type="way" ref="1253814492" role="to"/>
  <tag k="restriction" v="no_right_turn"/>
  <tag k="type" v="restriction"/>
 </relation>
 <relation id="17587437" visible="true" version="1" changeset="151249102" timestamp="2024-05-13T04:53:14Z" user="GrabMY_ashikinshamshul" uid="9502891">
  <member type="way" ref="1282343424" role="from"/>
  <member type="way" ref="1282343425" role="via"/>
  <member type="way" ref="1282343428" role="via"/>
  <member type="way" ref="1282343431" role="to"/>
  <tag k="restriction" v="no_u_turn"/>
  <tag k="type" v="restriction"/>
 </relation>
 <relation id="17911357" visible="true" version="3" changeset="158809190" timestamp="2024-11-06T09:22:13Z" user="GrabMY_ainayusof" uid="9658463">
  <member type="way" ref="1331302680" role="from"/>
  <member type="node" ref="2124969573" role="via"/>
  <member type="way" ref="850142394" role="to"/>
  <tag k="restriction" v="no_right_turn"/>
  <tag k="type" v="restriction"/>
 </relation>
 <relation id="18219172" visible="true" version="1" changeset="158437991" timestamp="2024-10-28T03:12:59Z" user="GrabMY_ainayusof" uid="9658463">
  <member type="way" ref="1328701482" role="from"/>
  <member type="way" ref="1157696494" role="via"/>
  <member type="way" ref="1328701480" role="to"/>
  <tag k="restriction" v="no_u_turn"/>
  <tag k="type" v="restriction"/>
 </relation>
 <relation id="18219173" visible="true" version="1" changeset="158437991" timestamp="2024-10-28T03:12:59Z" user="GrabMY_ainayusof" uid="9658463">
  <member type="way" ref="1328701482" role="from"/>
  <member type="node" ref="2210133501" role="via"/>
  <member type="way" ref="1157696494" role="to"/>
  <tag k="restriction" v="no_right_turn"/>
  <tag k="type" v="restriction"/>
 </relation>
 <relation id="18219174" visible="true" version="1" changeset="158437991" timestamp="2024-10-28T03:12:59Z" user="GrabMY_ainayusof" uid="9658463">
  <member type="way" ref="1328701480" role="from"/>
  <member type="way" ref="1157697970" role="via"/>
  <member type="way" ref="1328701482" role="to"/>
  <tag k="restriction" v="no_u_turn"/>
  <tag k="type" v="restriction"/>
 </relation>
 <relation id="18219175" visible="true" version="1" changeset="158437991" timestamp="2024-10-28T03:12:59Z" user="GrabMY_ainayusof" uid="9658463">
  <member type="way" ref="1157696495" role="from"/>
  <member type="node" ref="2210133501" role="via"/>
  <member type="way" ref="1328701479" role="to"/>
  <tag k="restriction" v="no_left_turn"/>
  <tag k="type" v="restriction"/>
 </relation>
 <relation id="18219176" visible="true" version="1" changeset="158437991" timestamp="2024-10-28T03:12:59Z" user="GrabMY_ainayusof" uid="9658463">
  <member type="way" ref="1328701483" role="from"/>
  <member type="node" ref="2210133223" role="via"/>
  <member type="way" ref="1157697969" role="to"/>
  <tag k="restriction" v="no_left_turn"/>
  <tag k="type" v="restriction"/>
 </relation>
 <relation id="18219177" visible="true" version="1" changeset="158437991" timestamp="2024-10-28T03:12:59Z" user="GrabMY_ainayusof" uid="9658463">
  <member type="way" ref="1282343431" role="from"/>
  <member type="way" ref="1328701480" role="via"/>
  <member type="way" ref="1157697970" role="via"/>
  <member type="way" ref="1328701482" role="to"/>
  <tag k="restriction" v="no_u_turn"/>
  <tag k="type" v="restriction"/>
 </relation>
 <relation id="18219178" visible="true" version="1" changeset="158437991" timestamp="2024-10-28T03:12:59Z" user="GrabMY_ainayusof" uid="9658463">
  <member type="way" ref="1157696494" role="from"/>
  <member type="way" ref="1328701480" role="via"/>
  <member type="way" ref="1157697970" role="to"/>
  <tag k="restriction" v="no_u_turn"/>
  <tag k="type" v="restriction"/>
 </relation>
 <relation id="18219179" visible="true" version="1" changeset="158437991" timestamp="2024-10-28T03:12:59Z" user="GrabMY_ainayusof" uid="9658463">
  <member type="way" ref="1282343424" role="from"/>
  <member type="way" ref="1282343425" role="via"/>
  <member type="way" ref="1282343428" role="to"/>
  <tag k="restriction" v="no_u_turn"/>
  <tag k="type" v="restriction"/>
 </relation>
 <relation id="18219180" visible="true" version="1" changeset="158437991" timestamp="2024-10-28T03:12:59Z" user="GrabMY_ainayusof" uid="9658463">
  <member type="way" ref="1282343424" role="from"/>
  <member type="node" ref="2210133147" role="via"/>
  <member type="way" ref="1282343425" role="to"/>
  <tag k="restriction" v="no_right_turn"/>
  <tag k="type" v="restriction"/>
 </relation>
 <relation id="18219181" visible="true" version="1" changeset="158437991" timestamp="2024-10-28T03:12:59Z" user="GrabMY_ainayusof" uid="9658463">
  <member type="way" ref="1282343428" role="from"/>
  <member type="way" ref="210994272" role="via"/>
  <member type="way" ref="1282343424" role="to"/>
  <tag k="restriction" v="no_u_turn"/>
  <tag k="type" v="restriction"/>
 </relation>
 <relation id="18219182" visible="true" version="1" changeset="158437991" timestamp="2024-10-28T03:12:59Z" user="GrabMY_ainayusof" uid="9658463">
  <member type="way" ref="1282343427" role="from"/>
  <member type="node" ref="2210132675" role="via"/>
  <member type="way" ref="1282343423" role="to"/>
  <tag k="restriction" v="no_left_turn"/>
  <tag k="type" v="restriction"/>
 </relation>
 <relation id="18219183" visible="true" version="1" changeset="158437991" timestamp="2024-10-28T03:12:59Z" user="GrabMY_ainayusof" uid="9658463">
  <member type="way" ref="1282343429" role="from"/>
  <member type="node" ref="2210133147" role="via"/>
  <member type="way" ref="1282343426" role="to"/>
  <tag k="restriction" v="no_left_turn"/>
  <tag k="type" v="restriction"/>
 </relation>
 <relation id="18219184" visible="true" version="1" changeset="158437991" timestamp="2024-10-28T03:12:59Z" user="GrabMY_ainayusof" uid="9658463">
  <member type="way" ref="1282343429" role="from"/>
  <member type="way" ref="1282343425" role="via"/>
  <member type="way" ref="1282343428" role="via"/>
  <member type="way" ref="210994272" role="to"/>
  <tag k="restriction" v="no_u_turn"/>
  <tag k="type" v="restriction"/>
 </relation>
 <relation id="18219185" visible="true" version="1" changeset="158437991" timestamp="2024-10-28T03:12:59Z" user="GrabMY_ainayusof" uid="9658463">
  <member type="way" ref="1282343425" role="from"/>
  <member type="way" ref="1282343428" role="via"/>
  <member type="way" ref="210994272" role="to"/>
  <tag k="restriction" v="no_u_turn"/>
  <tag k="type" v="restriction"/>
 </relation>
 <relation id="18256048" visible="true" version="1" changeset="158809190" timestamp="2024-11-06T09:22:13Z" user="GrabMY_ainayusof" uid="9658463">
  <member type="way" ref="1328701481" role="from"/>
  <member type="node" ref="677583896" role="via"/>
  <member type="way" ref="1331301778" role="to"/>
  <tag k="restriction" v="no_right_turn"/>
  <tag k="type" v="restriction"/>
 </relation>
 <relation id="18256049" visible="true" version="1" changeset="158809190" timestamp="2024-11-06T09:22:13Z" user="GrabMY_ainayusof" uid="9658463">
  <member type="way" ref="850142395" role="from"/>
  <member type="way" ref="1331301778" role="via"/>
  <member type="way" ref="1331302680" role="to"/>
  <tag k="restriction" v="no_u_turn"/>
  <tag k="type" v="restriction"/>
 </relation>
</osm>
